review,sentiment
"The Shining, you know what's weird about this movie? This is the movie that everyone, for people who claim to not like horror films, will always say that The Shining is a terrific film. This is Stanley Kubrick's classic vision of Stephen King's horror tale of madness and blood. This is just an incredible film and wither you have seen it or not, you have heard of it, know a few lines from it, and know some of the classic images. Who could forget Jack's ""Here's Johnny!""? Who could forget ""All Work and No Play Make Jack a Dull Boy""? Who could forget that chilling ending? This is the film that is unforgettable and honestly in my opinion is Kubrick's best work. I know there is a lot of argument in that department, a lot of people say it's 2001: A Space Odyssey or Clockwork Orange or even Dr. Strangelove, but if those film pioneered film making, then The Shining perfected it. This is the tale of isolation, madness, terrifying images, and the ultimate ghost story that will crawl underneath your skin. <br /><br />Jack Torrance, Jack's son Danny, and Jack's wife, Wendy arrive at the Overlook Hotel on closing day. The elderly African-American chef, Dick Hallorann, surprises Danny by speaking to him telepathically and offering him some ice cream. He explains to Danny that he and his grandmother shared the gift; they called the communication ""shining."" Danny asks if there is anything to be afraid of in the hotel, particularly Room 237. Dick tells Danny that the hotel has a certain ""shine"" to it and many memories, not all of them good, and advises him to stay out of room 237 under all circumstances. Danny's curiosity about Room 237 finally gets the better of him when he sees the room has been opened. Danny shows up injured and visibly traumatized after Jack tells Wendy that he loves his family. Seeing this, Wendy thinks Jack has been abusing Danny. Jack wanders into the hotel's Gold Room where he meets a ghostly bartender named Lloyd. Danny starts calling out the word ""redrum"" frantically, and scribbling it on walls. He goes into a trance, and withdraws; he now says that he is Tony, his own ""imaginary friend."" Jack sabotages the hotel radio, cutting off communication from the outside world, but Hallorann has received Danny's telepathic cry for help and is on his way. Wendy discovers that Jack has been typing endless pages of manuscript repeating ""All work and no play makes Jack a dull boy"" formatted in various ways. Horrified, Jack threatens her and she knocks him unconscious with a baseball bat, locking him in a storage locker in the kitchen. Jack converses with Grady through the door of the locker, which then unlocks releasing him. Danny has written ""REDRUM"" in lipstick on the door of Wendy's bedroom. When she looks in the mirror, she sees that it is ""Murder"" spelled backwards. Jack picks up an axe and begins to chop through the door leading to his family's living quarters. ""Here's Johnny!"", and Jack's legendary image is born.<br /><br />The Shining is one of those films that you seriously have to make time to see, this is an incredible film and still gives me nightmares. Jack Nicholson's performance is timeless and unforgettable. But one I also feel is extremely overlooked is Shelley Duvall, her scene of finding Jack's rant All Work is incredible, that's a look of horror and you can see that fear in her face after realizing her husband is mad. Also another incredible scene is when Jack sees a ghost woman in the bathtub, it's honestly one of the most terrifying scenes in horror cinema. The reason this film is so well known is because it's a film of perfection, it's been on The Simpsons, it's been shown in other films and it's a film that will forever stay with you when you see it, trust me.<br /><br />10/10",positive
"I saw this back in '94 when it was finally released. Apparently because Orion pictures was in bankruptcy, I think, the movie had not been released a couple of years earlier.<br /><br />I have problem remembering details partly because I haven't seen it in a long time, but I do remember it as a very dull movie. I kept debating whether to walk out of it. The store was not at all interesting or engaging. Was a 3rd rate America Graffiti imitation. <br /><br />None of the performances make it worth watching either. One of the biggest disappointments since a local newspaper reviewer gave it a high rating.",negative
"I was very lucky to see this film as part of the Melbourne International Film Festival 2005 only a few days ago. I must admit that I am very partial to movies that focus on human relations and especially the ones which concentrate on the tragic side of life. I also love the majority of Scandinavian cinematic offerings, there is often a particular deep quality in the way the story unfolds and the characters are drawn. Character building in this film is extraordinary in its details and its depth. This is despite the fact that we do encounter quite a number of characters all with very particular personal situations and locations within their community. The audience at the end of the screening was very silent and pensive. I am still playing some of those scenes in my mind and I am still amazed at their power and meaningfulness.",positive
"I and my brother are very big Asian movie fans, so when finding this movie hidden in a shop, I bought this one on DVD, because it sounded very promising and I couldn't wait to watch it. So I watched this movie with my brother and I must say, in the beginning it was very promising. Both of us really loved this brutal ball scene in the first scene. But i guess that was all. There are some interesting fights, but it is not a action movie, as it claims to be. Instead it's a love movie... with the cliché of love so extremely played over the top, even Shakespeare would vomit on this title. Sorry for my language. By the way: The characters act like being picked up from the street and given 100 for playing in this movie.<br /><br />Well, I and my brother watched it to the end, because we thought, it can only become better. But, heck, it never did. This movie challenged place #1 on my and my brothers ""worst movies ever seen""-list, only followed by ""Fantasy mission force"" - do not watch this either.",negative
"I tend to get furious when hearing about Lucio Fulci's reputation as a director. Too often he's categorized as a no-talented filmmaker, only out to shock and disgust entire audiences with images of pure gore. True, his films contain more explicit filth and sickness as your average mainstream American production, but his films always are of wide range and the plots are gruesomely morbid. Don't Torture a Duckling is yet another story! This film is a pure gem of the Italian shock cinema! I easily dare to call this film a masterpieceit's an old-fashioned giallo that includes all brilliant aspects of genuine horror. The film shows the search for a inhuman serial murderer in a small Italian mountain-town. The bodies of 3 young boys are found, horribly mutilated. There are quite a lot of pseudo-madmen in the town but every trail leads to nowhere. Among the suspects are a greedy bum and a scary woman, obsessed by witchery and voodoo. Like a true mastermind, Fulci knows to find the right creepy tone for his film. He portrays the small town as a claustrophobic and inescapable setting of macabre happenings, supported by a giddy soundtrack. Fulci also develops himself as a genius storyteller here. The script always is one step ahead of you and the complex plot will mislead you more than once. In other words, this is a unique giallo (horror slash murder mystery). The gore isn't presented as grotesque and explicit as in Lucio's later milestones (among them are the legendary Zombie 2, The Beyond and the New York Ripper), although there still are a few nauseating and hard-to-watch shock-sequences shown. <br /><br />Don't torture a Duckling is the most compelling and effective achievement Lucio Fulci ever brought forward and it easily ranks among the greatest Italian horror movies ever made. Right next to the masterpieces made by Mario Bava and Dario Argento. The film is fascinating from start to finish, some plot aspects are alarmingly realistic and the tension is adrenalin-rushing at all times! A must see for horror fans and an absolute priority for Italian shock-lovers!",positive
"This is easily the most disappointing, least gratifying movie of the entire so-called blacksploitation genre, which, by the way, are films we generally enjoy a great deal in our home. Rather than being ""exploitation"" or demeaning, these films actually provide a priceless insight into an era. Well, not Bucktown.<br /><br />In this story, Duke returns to Bucktown to operate the night club left to him by his recently deceased brother. He quickly learns that the city is entirely controlled by a corrupt police force, bleeding protection money out of all the local businesses. Duke resists, and determines that he will rescue the city from the corrupt police. Unfortunately, he does so by calling in a posse of his friends (these people are vaguely explained as some former black-militants who have worked with Duke on ""jobs"" in the past) and they simply murder the entire police department in cold blood. And literally in the presence of hundreds of witnesses who do nothing to stop it. Ignorance is not a justification for murder, and it would have been much more entertaining to see the Cracker Police suffer for their actions as opposed to merely getting whacked in the street. While revenge is a ubiquitous and generally satisfying theme in films of this genre, it is a far cry from seeing Pam Grier track down the thugs who off'ed her family, cuss them out, give them a jujitsu ass-kickin' and set their 'fro on fire. That has art (and a reason for existing) and merits a level of respect that is quite undeserved by simply shooting someone in the back. Of course, in this bizarre tale, she is playing a woman completely under The Man's thumb, afraid of the Crackers who run her town and oppress her people. Indeed, her advice to Duke is, ""Run, man, they gonna kill you!""<br /><br />Following the sickening and gratuitous violence, we are expected to believe that the town's mayor wholeheartedly condones the actions of Duke and his friends, congratulating them and offering to throw a parade in their honor, as opposed to, say, calling the district attorney to press capital murder charges against them and have them taken into custody. Duke's posse declines the parade and instead opts to fill the numerous vacancies on the police force created by their recent killing spree. They immediately prove to be even more corrupt than their Cracker Police predecessors (to quote the mayor, ""They are ten times worse than what we had before!""). Now Duke finds he must again rescue the citizens of Bucktown from corrupt, protection-racket law enforcement officials and again make it safe for decent folk to operate a prostitution business in the streets. Unfortunately, Duke has already lost all moral high ground and sympathy due a hero, as he was a willing participant in the murder of the original police force. I wouldn't have cared one way or the other if he had rescued Bucktown or gotten plugged himself at this point. I suppose we are to be entertained by the clever way Duke has to outsmart the new Police Goons, but in reality the film has now just become an opera of gratuitous violence, Duke murders all of his former friends and allies in cold blood with the same absence of compassion he had when gunning down the Cracker Police. Duke is a pig.<br /><br />Finally, when everyone in town but Duke, Aretha, and the employees of the local brothel are dead and bleedin' in the street, our hero and heroine walk off into the night as though they had some admirable qualities or redeeming values; they don't. Duke is merely a murderous thug and Aretha his enabling misogynist accomplice. If you are interested in this genre of film, by all means, I highly recommend them, see Coffy, Foxy Brown, Truck Turner, Blacula, Sheba Babybut if in the process you should run across this DVD, throw it as far away as you possibly can! Drop it like it's hot! It should be treated as one would treat a glowing puddle of nuclear waste! There is no single film in the entire Blacksploitation era that is not dramatically more entertaining, satisfying and populated with more sympathetic and admirable characters than this piece of slime, obviously written by and targeted at some hormonally imbalanced high school sophomores.",negative
"If this movie was about a fictional character, the movie could stand on its own and be judged objectively. Unfortunately for the viewer, the movie is based on ""facts"" that are shaded very unfairly toward Ruben Carter. Many of the smaller facts were disregarded (Carter was NOT number one contender at the time of the murders, there is no proof at all that he saved a friend from a child molester in his youth), but some of the larger facts, like apparently being robbed of a decision to Joey Giardello because of ""racist"" judges, is inexcusable to those of us who have seen the fight on tape, and completely disrespectful to Giardello. Why Hollywood feels the need to make a hero out of someone who, at best, was in trouble and around trouble much more than any normal person should be (was arrested multiple times for beating women) is strange to me. Ruben Carter was never, by viewing his actions in the 60's and even now, when he refuses to speak to his son, a person that people can look up to. Everyone knows that Jewison can direct, and Washington can act, but why they chose this story as their vehicle is beyond me. Is Hollywood so much in need of a black hero that they need to bend the truth in all of their bio pics to make them believable? (Heres a suggestion How about Denzel playing a movie about himself? Now thats inspirational) Based on all of the inaccuracies in the movie, I would suggest passing on this one.",negative
"Snakes on a Train is a movie I rented due to the pure amusement of the thoughts I had, about the movie. Snakes on a Plane was an enjoyable Action film, so obviously the film makers wanted to cash in on the success, with this low budget effort. At 85 minutes, Snakes on a Train is almost unbearable to witness. I had to keep pausing the film to do something to entertain myself, due to the lack of happenings in the film. Throughout the duration of the film, it's never fully explained why this girl has this curse, or why she keeps coughing up this green/purplish goo constantly. Not only that, there is endless boring dialog of the two main characters, Brujo and Alma discussing how to get rid of the curse. I can appreciate low budget film-making. I'm truly not picky on movies, i'm open to any genre or budget, but Snakes On A Train is truly one of the worst Horror films I have ever seen. Were the writers on Acid or something at the end of this film?. Why did the woman suddenly turn into a giant snake? and most importantly how on earth was it able to devour the train?.<br /><br />Bottom line. Snakes on a Train is a movie that needs to be avoided at all costs. Don't be intrigued like I was by the title, this is a movie that's seriously bad. Let's put these snakes to rest<br /><br />0/10",negative
"ok we have a film that some are calling one of the best movies ever..but i'm sitting here thinking hell the f!, the storys sux{ which there is no story], the diolouge is quite plain, artisticly nothing great!, and the acting is nothing real out standing, so if you want to pretend to be arty say you like it, but if you have a real view say you don't like it or if you did explain why!",negative
mature intelligent and highly charged melodrama unbelivebly filmed in China in 1948. wei wei's stunning performance as the catylast in a love triangle is simply stunning if you have the oppurunity to see this magnificent film take it,positive
"I have to say that there is one redeeming speck in regards to this ""film"". It firmly establishes the bottom of the barrel. Now filmmakers know what to aim above when making a movie. Other than that I regret watching this debacle. What shameless abandon the making of this ""film"" was. What a waste of $100,000 (that's right folks, ONE HUNDRED THOUSAND dollars). This ""film"" reminds me of that ""Adult Video Awards"" show in which of group of ""industrial prostitutes"" stand up a praise themselves, believing that they are real actors, actresses and filmmakers. Ironic then how I've watched blue movies with better acting, directing and writing. I also found it funny that the Executive Producer, Justin Ament, just had to be in the ""movie"". He plays Deputy Jake Barker. I'm sure his ""acting"" career has taken off... Ted Pfiffer, the writer, has a part. He no doubt was wallowing in the clichéd glory he created. It should be noted that Carrie Finklea has a lead role in the movie. You might remember her from Gus Van Sant's 'Elephant'. Though I'm not too sure that she'll want to write this film on her resume. And I'm not sure which is a more depressing point; money was spent to make this film or people are going to watch it. Along with 'Torque', 'Godsend' and 'Sky Captain and the World of Tomorrow', one of the worst films, IF NOT THE WORST FILM, of 2004.",negative
"If I had never seen the first Road House, then I guess this movie might get one more star, but even then that makes it a 3 star movie. For that matter I was really surprised as to the relatively high rating it currently has.<br /><br />In reality, I was not able to finish this movie, as it was painful. Where it went wrong (at least the most obvious way) is that it pretty much parallels the original exactly even though the original plot is still referenced. This doesn't really make sense and doesn't work. Also, the acting is weak...I never felt like I was into the movie yet I felt like I was watching people act. Even good actors like Busey don't work out, probably due to the screenplay or maybe the awkward editing. The strangest thing is that the movie feels like a mid 90's B movie, yet is made in 06. I am not sure as to why, but then again, this often seems to happen with sequels for some reason. The music, the look, and the whole overall feel reminds me of movies you saw 10 years ago on Cinemax late at night. The strangest thing of all is that I am also expecting Ja Rule to come in at some point...often it reminds me of more current movies with rappers as actors.<br /><br />The most irritating thing is love interest girl who's character seems like a total rip off of the Lois Lane character on Smallville which is also quite annoying. And lets not forget the fakest sounding ""southern accents"" I have heard since Walk the Line. I realize this is common place in movies, but no accent at all would work better than attempting to sound like you are from that universal hick place on TV where anyone from any southern state (or KY and WV) sound exactly the same. Sure, people in desert towns in AZ sound just like people in Southeastern states 2000+ miles away. That was wearing thin 10 years ago in the B movies where technique came from. Why do writers / directors make such decisions? <br /><br />Bottom line: I would truly not recommend this if you are a fan of Road House or if you like good movies. Also, if you have not seen it yet, don't spoil it by seeing this version first. The original Road House was one of those accidental classics that people love and watch over and over. It was an unexpected success like American Graffiti, Dazed and Confused, and more recently Office Space, Fast and Furious (only the first one!), and Napolean Dynamite. Why did they spoil it!!!???<br /><br />They should have never made a sequel to Road House other than a high budget version with the right actors / director. Sure, you can never top the original (ex: Bad News Bears, The Longest Yard, etc.), but at least if you can do it right it will be presentable as is the case with the examples I mentioned. But to make a low budget, off-network, self production of Road House is criminal.",negative
"This movie is a true reflection of the Australian resourcefulness that has been required to make this country what it is over the last 200 years. Not pompous like the British, not Gung-Ho like the Americans. If either of those countries had attempted what this crew did, it would have failed dismally. Either due to ignorance on the British part, or too much faith in superior firepower on the American side. ""True"" Australians (i.e. non-imports) are the only ones who can excel in modern military conflicts because they have had to improvise most of their adult lives. Just look at examples like Gallipoli; Paschendale; Tobruk; New Guinea and Vietnam.",positive
"This was a fantastic movie about two people, one a young teenage girl, and the other, a middle aged man, who are each looking for someone to help them fulfill a certain emptiness left by former loved ones.<br /><br />Both actors give brilliant performances that various audiences can relate to. The script, although written by Gorman Bechard, seems as though it was written from a woman's point of view. And at the same time, men can relate to the male characters because of how well they were developed and described in the movie.<br /><br />The end of the movie has an unusual but powerful and unexpected twist that leaves you speechless. I would recommend this film to anyone who has ever felt lonely or abandoned by a loved one. It is clear in this film that you are not alone.",positive
"SWEET SIXTEEN (1983) **/***** 86 minutes Director Jim Sotos Cast Bo Hopkins, Susan Strasberg, Aleisa Shirley, Patrick Macnee, Dana Kimmell<br /><br />Fifteen year old bad girl Melissa is new in a desert town and it isn't long before folks around her start dying off. The detective has to put together the clues with the help of his Nancy Drew good girl daughter played by Friday the 13th alumni Dana Kimmell. The local Native Americans are prime suspects since they seem to upset the prejudiced townsfolk. These events all lead up to the revealing of the killer at Melissa's sixteenth birthday party.<br /><br />This below average slasher isn't too memorable. It has a made for TV feel, without much score besides the title character's own corny theme song which plays a couple times throughout. Lines like ""the killer will turn us into coleslaw."" Fit into standard eighties slasher screenplays. Marci calls Melissa a bad name then somehow immediately they develop a friendship. Apparently Marci sees how hard it is to fit in because Melissa knows how to wear make-up. This movie would be hard-pressed to be made today with the main character being fifteen and the director inserting multiple gratuitous close-ups of her. The social commentary on Indians wasn't developed enough to be taken seriously. I am too surprised at the fairly high rating this movie gets. Both Sweet Sixteen and Ed Hunt's Bloody Birthday had the potential to capitalize on that time honored tradition of the birthday party to create an intense sequence of carnage but I feel failed to deliver. But on the bright side releasing obscure movies like this on DVD gives hope that others will follow.",negative
"This movie is really nothing besides an admittedly well-crafted series of tense sequences punctuated with an inevitable ""gotcha!"" at the end of each. Really, there is no character development and no real plot to speak of. There are only the most skeletal of motivations for the characters to do anything while they trudge forward to their unavoidable dooms. It's all just an excuse to show a creepy ghost kid (who seems to have gotten some of the family cat mixed up in his ectoplasm) and his ghost mom (with long black hair hanging in her face kind of like ""The Ring"") take down a bunch of cardboard cut-out, two-dimensional excuses for human characters.<br /><br />This English-language version of ""The Grudge"" is the equivalent of cinematic junk food; satisfying momentarily, but not really what you ought to be living on.<br /><br />Not recommended.",negative
"I was particularly moved by the understated courage and integrity of l'Anglaise, in this beautifully acted, intellectually and visually compelling film. Thank you so much, Monsieur le directeur Rohmer.",positive
"THE RUNNING MAN, along with TOTAL RECALL, is my favorite Schwarzenegger movie. No, this isn't 2001, but it's not meant to be. And the acting and script here isn't even up to par with other Arnie movies like PREDATOR or THE TERMINATOR. But I submit that the IDEA behind this movie is one of the coolest ever to hit the big screen. A state-sponsored game show in which criminals convicted of serious crimes compete against ""heroic"" stalkers armed with all kinds of weapons (the runners are equipped with none) in order to satisfy the public's lust for sport and blood. The ultimate prize for a winning runner: freedom. Or so the rules claim.<br /><br />For a movie with such over-the-top gory death scenes and cheesy one-liners, it really does have a lot to say. Someone else has pointed out all the commentary on culture/government presented in this movie, so I won't go into it here. Suffice it to say that if you can look beyond the seemingly silly feel of the movie, you will enjoy it very much (especially if you're a big SF fan with a lot of imagination). Like I said, it's not trying to be a serious art film, but it IS surprisingly layered for a 80s shoot-em-up flick. The premise is borrowed from a Richard Bachman (aka Stephen King) short novel, but diverges fairly strongly from its source material, especially towards the end. (The book ends rather nihilistically; needless to say this movie doesn't.) I enjoyed both, but I like the movie better.<br /><br />My favorite line: ""Guess it's caused from steroids.""",positive
"I don't expect a lot from ghost stories, but I do expect a story to make a bit of sense! Is that asking too much from the screenwriters and filmmakers? When the bad guy, all of the sudden, becomes a homicidal maniac solely because a bunch of crows start pecking him, then I have a problem spending $9.00 for a ticket! Alfred Hitchcock would be spinning in his grave. Didn't anyone learn anything in their college Film 101 class? A good movie has at its roots an INTERESTING story!<br /><br />Here are some of the ridiculous messages in this movie: If you have desperate financial problems move from Chicago to the middle of no-where in North Dakota to grow Sunflowers (I kid you not!). If your toddler has serious neurological problems from a car accident move away from some of the best hospitals and speech therapists in the country to an isolated small town, which, at best, has a community hospital. Hire a drifter to live & work with you, out of the blue, without checking any references, when you have a teenage vixen daughter, a wife and toddler. ( I'm glad they're not my parents!) <br /><br />A town where everyone knows everything would have no problem missing a triple homicide, just outside of town. And, of course, blame the man's lunacy on a bad crop of Sunflowers! (Doesn't anything else grow in North Dakota?) A couple of days after you buy your rundown house - with huge vines growing everywhere - that it reminds you of Jack and the Beanstalk, a guy from the X-Files, ala Smoking Man, (I'm glad to see the cigarettes didn't get him, I guess he doesn't inhale!) will just suddenly sneak up on you while you're working to offer you the sale price of your home, plus 15% more, for absolutely no reason!<br /><br />I think you get the picture. I have seen so many godforsaken awful movies in the past month, it just blows my mind! Is it that difficult to make a movie that doesn't treat the audience like an idiot? I'm glad at least the crows in this sorry film turned out to have the some brains! I wish I could say the same for whomever thinks they are going to make money off this celluloid piece of trash!",negative
"The only real highlight in the movie is the death of the sniveling guy and the reaction of the surviving characters to it.<br /><br />In every other way, this film is a very lame rip-off of Jaws, Lake Placid, and Alligator, with a little bit of Godzilla (1998) thrown in.<br /><br />As is standard for a 1990's-style horror movie, the two non-starring females each take their clothes off at least once. The female lead doesn't, since she obviously has a better agent. <br /><br />The whole movie surrounds the filming of a really dumb extreme sport called blood surfing, in which surfers cut themselves and surf in shark-infested waters. In this film, a giant salt-water crocodile also happens to be in the area. People get eaten. The movie ends.<br /><br />I don't mind a bad horror movie, but I really hate a dull bad horror movie, which this definitely is.",negative
"After reading through many of the reviews, I don't know what movie some people were watching, but clearly it wasn't the same one I saw.<br /><br />This movie is horrible. The acting, primarily Moore's, is just terrible. The woman cannot act. Nice tits, but she just can't act. At no point did she come across as the actual character. Instead, it was spoiled Hollywood actress goes to the beach to play make-believe with the boys.<br /><br />And that's what this movie ultimately is -- Hollywood make-believe. The training sequences are over the top. The politics -- over the top. The political correctness -- over the top. The combat scenes -- you guessed it, over the top. Your mission is to get in and get out without being detected. So what do you do? Why shoot off as many rounds and make as much noise as possible, of course. Oh G.I. Jane, you can be my wing man anytime.<br /><br />The premise is good, but as soon as Hollywood gets a hold of it, we end up with Top Gun with tits.<br /><br />What more is to be expected from commercial US films anymore? Not much I guess.",negative
"1st watched 5/17/2002 - 3 out of 10(Dir-Ewald Andre Dupont): Fairly lame account of the Titanic disaster is the first filmed version of this much-heralded event. The replication of the disaster is not bad, but the drama around it is at some times silly, badly acted and way-too soap opera-like. The story is very much the same as the most recent Oscar-winning one except that we are shown how the crew tried to hide the actual disaster that was occurring until almost too late. Good for nostalgia purposes only and to get a feel for what James Cameron was competing against(barely) in his recreation.",negative
"As Americans, we have come to expect crapiness as ""par for the course"" when it comes to HORROR and unknown directors directing unknown actors acting for unknown writers. We truly expect this to suck & when they don't suck,it becomes an over night success.<br /><br />This is NOT an over night success, nor is it an over the weekend or over the month success. This blows from start to finish and my only recommendation is this: GO INTO THIS KNOWING IT SUCKS, enjoy it for what it is, for what it isn't & if you have something better to do, keep this on the back WAY BACK burner. It's entertaining in the way watching the elderly cross a busy street during rush hour, but don't expect much-they almost never get hit by an actual car, its just a lot of hoopla.",negative
"Guy Richie's third proper film (not counting the God-awful ""Swept Away"" is a complex action thriller concerned with gambling, gangsters and chess. Fans of Richie's previous efforts will probably hate Revolver as much as I did, with its twists and turns. Richie stalwart Jason Statham plays Jake, a newly-released ex-con, out to wreak revenge on the ridiculously named Dorothy Macha (a superbly OTT Ray Liotta) but instead gets embroiled with a couple of other cons, (one of which is Andre 3000 from rap outfit Outkast) who throw him and us the audience, a number of red herrings throughout the film, all of which becomes extremely tedious. The high point of this mess of a movie is the bit in the restaurant, where the dialogue gets turned down in favour of a superbly shot, slow-mo shootout set to Beethoven's Moonlight Sonata. All in all, Revolver is a flawed work, not truly awful but far from Richie's best. That would still be Lock, Stock. If this film was a school homework assignment it would be graded 'must try harder!'",negative
"I read a couple of good reviews on this board for ""Mr. Scarface"", but for anyone uninitiated in the genre of Italian gangster films like myself, the picture will probably make very little sense. Indeed, after the initial setup involving the ten million lira scam, the picture devolved into a fairly routine revenge flick with a minor twist in the identity of Rick's (Al Cliver) character. The whole gang war plot got muddied up for me with the inclusion of Vinchenzo Napoli (Vittorio Caprioli), but as most other viewers commented, he's about the only one who gave this picture any life with his often ineffective attempts at violence. I found it somewhat unbelievable that Manzari's goons who chased Tony through the streets didn't actually stroke out before Tony even laid a hand on them. For all of his buildup as the title character, Jack Palance was wasted rather unceremoniously in an anticlimactic near finale, making the U.S. working title, ""Mr. Scarface"", rather moot. I've seen enough spaghetti Westerns to know that they don't all work; I guess in this case, my first look at a spaghetti gangster flick didn't quite make it either.",negative
"In a future society, the military component does not have to recruit; rather, their candidates are chosen at birth, culled from nurseries and designated to spend their entire lives in the service of the government. They are given over to the war machine, body and soul, for no reason other than to protect and serve; they have no personal identity other than a name and rank, and no autonomy whatsoever. This is the fate of those whose destiny is predetermined for them in `Soldier,' directed by Paul Anderson and starring Kurt Russell. The scenario is hard and bleak as the movie begins by depicting the training of the soldiers during advancing periods of time, from preadolescence to adulthood. Russell is Sergeant Todd, the best of the best, and we glimpse his career as he discharges his duties in an exemplary manner in campaign after campaign; he is what he was born to be, a soldier. But even the best cannot go on forever, and the day arrives when Todd and his peers are no longer the elite. A new generation of soldiers has been created, products of advanced genetics and technology, and Todd's generation is suddenly obsolete. What follows is the story of a man who must fight for his life, while struggling to discover his own sense of humanity and individuality, traits new to a soldier who has known only two things his entire life: Fear and discipline. Russell gives a commanding performance as Todd, the soldier who above all else must obey orders without question while suppressing all emotion and individual thoughts. He has few lines in this movie, but Russell speaks volumes with his eyes. This role demonstrates that he is, in fact, one of the under-appreciated actors of our times; that he can disappear so entirely into the character of Todd is a credit to his ability, and with this part he has created someone quite different from any he's done before. And he's given Todd a depth and credibility that someone of lesser talent could easily have rendered as nothing more than a pretentious and superficial stereotype. Notable performances are also turned in here by Connie Nielsen (Sandra) and Jason Isaacs (Colonel Mekum). Rounding out the supporting cast are Jason Scott Lee, memorable as Caine 607, one of the new generation of soldiers; Sean Pertwee (Mace); Gary Busey (Captain Church); Michael Chiklis (Jimmy Pig); and Mark Bringleson (Rubrick). Anderson has delivered an action film with a message, a cautionary tale that transcends the genre of science-fiction. `Soldier' reminds us of the importance of keeping the humanity of our lives intact. It's an entertaining way of making us consider the alternatives, like a bleak future and a world in which good movies just wouldn't make a whole lot of difference. Much like `1984,' and `Mad Max,' this movie, which is ultimately uplifting, is going to make you take pause and think about the kind of Universe in which we all must live together and share. I rate this one 7/10.",positive
"This stuffy melodrama is quite easily the worst film starring Ingrid Bergman that I've seen. Even her luminous screen presence can't save this insufferably slow and meandering movie that's nearly impossible to sit through without fast-forwarding a lot of it.<br /><br />Only for die-hard Bergman fans; others are very likely to fall asleep. I suggest you to watch ""For Whom the Bell Tolls"" instead.",negative
"Jamie Foxx was the epitome of Ray Charles. After a few moments you stop seeing a film and see a biography played by the great man himself. Ray Charles was truly a genius of music and the movie excellently depicted that. No one has ever or will ever write, play, or record music like this musical giant. When he passed the flesh, the world lost one of it's greatest American heroes. As far as the movie, the fact that Jamie Foxx received a classical music scholarship to college and could play like Ray was an asset to the director. What could be better than that? You don't have to have a ""double"" play piano and then try to split the screen from someone else's hands to Jamie's face. It worked beautifully. I loved the fact that it also picked up how difficult Ray was. He wasn't always a nice man. You didn't also root for him. He was a drug addict, a womanizer, and sometimes just plain hard-headed. But I guess that's what made him genius so I can't fault him for that. I pick Jamie for Best Actor!",positive
"This movie received a great write up in Blockbusters 'coming attraction' I was looking forward to the release date,08/07/02. The plot sounds reasonable, the cast alone should have guaranteed a side-splitter, but whoa there; apart from the 'off the wall betting events' this was quite a bore.<br /><br />This will never become a comedy classic, and I'm afraid it has done no help to the fine comedy reputation of John Cleese. Rowan Atkinson, now he was quite funny, in a Rowan Atkinson sort of way!",negative
"While I was watching this movie I never thought I'd be defending it. It's honest enough from the begininning about not having much of a plot. There's no real characters to latch onto except the killer. Some of the acting can be better, but most of it is capable.<br /><br />I know, a three out of ten isn't stellar, but there are reviews saying it was shot poorly and completely useless, etc. I think it set out to do what it's supposed to fairly well. The lighting is minimal at times, more natural than most audiences are used to, but it's supposed top look like a camcorder snuff film. In fact, at times the quality is probably still too high to be true to that, but nobody would make it through tne minutes of camera work that's truly that bad.<br /><br />It's not particularly scary, but it is disturbing at times. There are one or two characters who don't come across as believable at all and the soundtrack does get tiring at times, but overall it was put together cleaner than a lot of camcorder movies.",negative
"A hilarious and insightful perspective of the dating world is portrayed in this off beat comedy by first time writer/director Peter M. Cohen. The story unfolds as the four male protagonists meet weekly at the local diner to confer about their dating woes. We meet Brad: a good-looking, wall-street playboy with a quick-wit and sharp tongue; Zeek: a cynical, sensitive writer; Jonathan: a sexually perplexed nice guy with an affinity for hand creams and masturbation; and Eric: the married guy, who cherishes his weekly encounters with his single friends in hope for some enlightenment to his boring and banal married existence. The trials and tribulations of the men's single lives in New York are amusingly expressed, mirroring that of Sex in the City and HBO's new comedy The Mind of Married Man, and bring an astute light to scamming. The story takes a twist as the three singletons meet Mia--wittily played by Amanda Peet-and all fall for her. She seduces them each with her uncanny ability to conform to the personalities' they exhibit. When they come to realize they have all met and fallen in love with the same woman, they chose her over their friendship. Whipped is a realistic portrayal of the dating world, one that the critic's failed to recognize. In plain language, they missed the point. The protagonist's here are caricatures of real people. The exaggerations are hysterical, mixing satire and humility, and are not to be taken as seriously as the critic's disparagement suggests. See this movie, you'll laugh from start to finish.",positive
"Well, EYEboy, I must say that it pleases me to no end when someone singles me out and tries to make fun of me, especially when it is someone who seems as intelligent as you do. My favorite part of your post was ""But no big bang-bang good-guy bad-guy here, kimosabe. Me suggest you stick to movie with lotsa bang bang.""<br /><br />Well said! I do like action movies, especially if they are well done, but I also like movies that don't have a whole lot of action, as long as THEY are well done. I'm sorry, but Secret's and Lies does not fit into that category and is simply a very bad movie. I really don't see very many non-American films, so maybe I was spoiled, and didn't realize how bad foreign films really were when I saw Secrets and Lies. Perhaps if I judge foreign movies by a different standard I could some day see how Secrets and Lies could possibly be one of the highest rated movies on the IMDB. Hmm... If true, that is very scary.<br /><br />Jeremy Barger bits@midohio.net(new e-mail)",negative
"I saw Insomniac's Nightmare not to long ago for the first time and I have to say, I really found it to be quite good. If you are a fan of Dominic Monaghan you will love it. The hole movie takes place inside his mind -or does it? The acting from everyone else is a little rushed and shaky and some of the scenes could be cut down but it works out in the end. The extras on the DVD are just as great as the film, if not greater for those Dom fans. It has tons of candid moments from the set, outtakes and a great interview with the director. Anyone who has gone through making an independent film will love to watch Tess (the director), Dom and everyone else on the very small close personal set try to bang out this little trippy creepy film. It was pretty enjoyable and I'm glad to have it in my collection.",positive
"CRYSTAL VOYAGER is a strange documentary about an eccentric surfer living in Australia. An American by birth George Greenough has surfed and photographed himself, friends and recently, dolphins, in Australia for 35 years, all using various re invented cameras which he either straps on his back, board or boat. In the mid 70s he teamed up with Surf Mag editor and budding film maker David Elfick to create this visually interesting tale about this life and photography. The 75 minute feature CRYSTAL VOYAGER is the result. Even in the 70s audiences were a bit puzzled by this film, neither surf-ing movie nor surf movie, because George swims about on a children's zippy board, not a real surfboard.... it offset the tedious droning of George (occasionally so dry or droll that it was actually funny.. like almost setting himself on fire or falling over something) with a spectacular 'you are there' power glide through a wave that ran for 23 minutes all set to Pink Floyd music. In 1974 when the Sydney Opera house opened, it also contained a cinema. Crystal Voyager was booked in there as an arty-sporty OZ pic and by default became a hit: as the 'opera house tickets' cost far more than a movie ticket, audiences flocked to see this film as an excuse to 'have been to the Sydney Opera House'...so the film did record business as a low budget attraction to locals and tourists who wanted to tell neighbors that they had seen a show 'there'. This created this myth that the film was a huge crowd puller and the reputation spread. As a result it was teamed with the fantasy cartoon FANTASTIC PLANET and had a trippy run through the UK and Europe as a double feature. I ran it at a coastal cinema in the 70s and the crowd was rather nonplussed about it all. Recently George has re emerged Lord Of The Flies style with another well photographed sea adventure called DOLPHIN GLIDE that offers viewers a dive and swim with the wild dolphins of Byron Bay. It is an eccentric 20 min short with an even more eccentric 20 min 'how George did it' short. Each were met with a collective yawn by both the media and the pubic in January 2005.... all of which makes CRYSTAL VOYAGER a 'you had to have been there' fluke all those years ago. However at a special Oz Surf night at an outdoor cinema last year 2000 people turned up....but then 2000 turn up every night to see anything there during this summer season of films.....so the damned thing fluked another box office binge. How many actually enjoyed it is very much open to debate. Again they were more than likely just plain puzzled by this mad film with an astonishing reputation. Elfick however, since 1975, has gone onto a stellar career as a major producer and director of many lauded Australian and international films. Look up NO WORRIES or STARSTRUCK or UNDERCOVER or RABBIT PROOF FENCE or LOVE IN LIMBO for clear and present applause at his achievements. George, however, is still floating around out there somewhere droning away and looking for something else to film, or drop a camera on.",negative
"This movie is just funny. mindless, but funny. to enjoy this movie completely you can't have a perception of how a film like this goes and just enjoy all the side jokes and puns which are involved with the film. I still find the bit at the start funny when he says ""want a beer........cock"". funny stuff. but what makes the film decent is the fact that it doesn't try to hard to create a serious spin on the film, too many comedies try to have serious aspects which you just don't believe. But this is different and just focuses on being funny. I must say though, Yasmin bleeth is terrible in the film and adds nothing but the 3 main guys, coop, remer and squeak are very funny to watch and make the film great to watch",positive
"Lovingly crafted and terribly interesting to watch Garfield's gritty, breakthrough performance (introducing a new kind of rebellious acting style that would carry over to the Brandos and Clifts and so on after the war) but all that sisterly affection is a bit suffocating. Priscilla Lane is a bright, engaging performer but the other sisters don't really register (though they're all allowed to be tart and witty) and I just had a hard time buying any of the other male characters besides Garfield. Jeffrey Lynn is a pleasant enough actor, but he lacks the movie star weight to match up with Garfield's hard luck Mickey Borden and that throws the film a bit out of whack. (Imagine a Jimmy Stewart or someone in the part.) Also, I was not convinced that Garfield would make the pivotal (to say the least) final decision that he made. The film needed another half hour of running time to better explain that action; it feels awfully rushed and under-motivated.<br /><br />Still, it's not hard to understand how anybody who grew up with this picture would remember it fondly. It falls short of being a classic, but it does contain a few classic moments. The two gate swinging scenes are pure movie magic.",positive
"I am a longtime fan of the original of this movie (Bella Martha/Mostly Martha), and everything that makes that movie great and enjoyable to watch is missing from this one. I miss the slow pace, the build-up of characters and their style in small gestures, the dominance of lights and moods and moves over dialog. I don't think that the story itself is enough. Martha/Kate is more secluded, and Mario/Nick is not a clown. In most of the cases the things that makes one scene great in the original, its is not working in its copy here. The small alterations take away the tension. My opinion is that you should go and see the original. It'll worth the inconvenience of subtitles.",negative
"I was not very excited to see this movie in the first place but a group of us decided to go see it on opening night. I felt like getting up and walking out and attempting to get my money back 20 minutes into this film. I felt that the movie was very boring, uninteresting, and not true in many aspects including ""gaming"". I tried my best not to fall asleep during the movie as i watched one of the worst horror films i have ever seen. The scary movie series was scarier than this movie. The sad attempt to pull in a Gothic girl, an overworked business man, and 15 year old geek, and some random guy into a video game that kills you is a bad plot to begin with. Then they try to throw in a very horrible love scene where the main character kisses another girl after saving her 10 minutes after his girlfriend was murdered. The theater was packed when the movie started by then end a little over half of the people had left before it was over. If you feel the need to waste only 1 hour and 16 minutes of your time seeing this movie ... prepare to feel cheated.",negative
"Ya know, I have no idea how everybody else's teenage life was, but this does not reflect the folks I knew and hung around with let alone, myself. And just in case if you're wondering..NO..we weren't pristine/clean cut/Pat Boone type teens. (If there was ever such a thing!!!!)<br /><br />Look, I'm NOT saying being a teenager is easy. The better, well actually the BEST teen movie of this time is ""Fast Times at Ridgemont High"". Now those kids I knew and were as realistic as it got back then (and maybe now).<br /><br />This was crap. This was a low rent version of Fast Times and even then it didn't do much for me. It had a few moments, but not enough for me to recommend this, or even claim ""this is how it was for teens back in 1982"". I couldn't relate. The lead girl (girls) did nothing for me and please if they really wanted to keep their virginity, they would have, in which case, this film would not have been made. Pure crap and a bad staple to be left behind as a time-capsule cinema for teens/young adults in the early '80's.",negative
The main reason to check this one out is to watch Laura Gemser in all her glory.<br /><br />That's reason enough for me.<br /><br />She heads to Africa as guests of another rich guy that seems to be all over these films. Huge mansion near the jungle. Hunters staying around for parties when they aren't out hunting zebras. And said parties becoming drunken orgies.<br /><br />All the high society types in the Emanuelle films seem to have out of control fetishes. And Emanuelle beds most of them.<br /><br />Joe D'Amato did NOT direct this one. He just ripped it off and used the same cast(s). And did anyone notice the 'subliminal' sexual images at the gas station? And why did most of the men stay dressed during the sex scenes? <br /><br />Coherence? Hardly any. BUT GODDESS GEMSER IS BEAUTIFUL.,positive
"What is supposed to be a simple generic mystery plot involving a dead philanthropist is, in fact, a head-ache inducing tale about a bunch of characters (the only big actor being Ginger Rogers, in a very early role) all trying to find the murderer among a small cast of residents in a posh apartment building. These characters range from utterly stupid to downright mean. As a cheap, low budget production, most of the action revolves around Rogers and her lead man (some guy, I don't care who he is 'cause he really sucked) talking about their various possibilities of solving the crime, while being constantly cut off by an absurd detective with his head in his butt. Honestly, I've never had a worse time watching an old b-rate movie of this type, and I've seen some real head-slappers.<br /><br />Oh, and the butler didn't do it, because there wasn't a butler. But pay attention to the guy who's closest to a butler. There ya go.<br /><br />--PolarisDiB",negative
"Recently, a friend and I were discussing educational and ethical influences when we were growing up in the 1950's versus today. She mentioned Samuel Taylor Coleridge, who, in 1798, wrote The Rime of The Ancient Mariner. Both of us had been required to recite parts of the epic poem in high school and in English Literature courses in college. My friend said, ""Its messages even might be called metaphysical within today's context."" <br /><br />We tried reciting it and only remembered bits and pieces. (I have problems remembering Dr. Seuss.) I said I'd get two copies of the poem so each could read it. That was easy enough, but I was extremely surprised to find it had been made into a film. We looked forward to watching the film to see how it had been interpreted. After all, The Rime of the Ancient Mariner isn't exactly light reading. After each had read the poem, we watched the film together.<br /><br />We considered the film a remarkable achievement, especially considering it was made in the 1970's, before computers, before the so-called ""Ken Burns effect,"" and before special effects too often began compensating for a lack of substance. Particularly noteworthy are the 19th and 20th century illustrations culled from ""lesser known artists,"" such as Willy Pogany, the early Hollywood designer. <br /><br />The film is narrated by Sir Michael Redgrave, whom had taught the poem when he was a schoolmaster, adding a tone of authority and credibility in remaining true to the poem. <br /><br />Its mastery is in the layers of subtle messages, conveyed without ""instructing,"" or becoming an oppressive and obvious morality tale. We found it such a refreshing change from today's 'in your face' and 'clobber them over the head' mentality. Most of today's morality messages in film are two-dimensional: extreme violence, murder and mayhem mark the bad. The bad are really, really, bad, and good are super heroes. It is as if human character lacked any nuance. The Rime of The Ancient Mariner is a celebration of the individual, of character, of an appreciation for celebrating all the richness life has to offer, within the larger context of humanity, i.e., man's capacity to give to others. <br /><br />Proud of ourselves for having found this ""unknown"" gem, we then learned it had won the top award in its category five out of six times at ""name"" international film festivals. Another surprise was learning the film's director, Raul daSilva, is a recognized authority on early animation, and authored six award winning books about film. <br /><br />This film's message is just as relevant today, if not more so, than when Coleridge penned the original epic poem and when Raul daSilva translated it to film. If I still was teaching high school, which I did for five years, I'd grab this one and show it to all my students. There's a level of richness here that naturally leads to discussion about the big and important issues all of us face, whether in 1798, 1978, or today--in fact, as long as humanity has a spiritual component.<br /><br />Highly recommended.",positive
"This movie is about a very delicate argument and if you are searching for something that makes you think here you are right. Tim Robbins has made a wonderful job and the result is a kind of docu-drama that should be shown in schools (for the strong themes treated). What about the actors? Well, they are simply great; Susan Sarandon is truly 'the face of love' and Sean Penn is unbelievable as almost always. An absolutely must-see!",positive
I saw this movie with very low expectations. I didn't know a lot about it so I wasn't sure if it was going to be worth it.<br /><br />The story did an OK job of getting you curious about these ruins they travel to. The suspense continues when the Mayans show up and force them to stay at the ruins.<br /><br />Then the movie turns from somewhat suspenseful to pointless. The amount of gore found in this movie did not balance out compared to whether it was truly necessary or used more for shock value.<br /><br />The fact that they didn't make any attempt to fight the vines from hell. They had fire and didn't try to burn it nor did they try to cut it with a knife to see if they could destroy it or not. They quickly jumped into a victim role and their helpless attitude was not real. It reminded me of the old horror movies where the people just scream and yell and don't have half a brain to try to fight back.,negative
"I've already seen spin-offs of cartoons such as The Flintstones, Scooby Doo, Tom and Jerry and Looney Tunes and most of them are great.<br /><br />When I saw the All Grown Up pilot in 2001, I thought it was interesting to see how the Rugrats would look in their pre-teens/teens and it contained things that would usually happen during that time of life such as going to a concert, going to school and being grounded.<br /><br />The actual TV show is better because the Rugrats seem to wear different clothes in each episode and Angelica doesn't get punished as much as she did in the original Rugrats series. Tommy and Susie get punished in this series.<br /><br />I've also noticed references to Rugrats in this show and even flashbacks of how the Rugrats looked in the original series. They actually talk to the adults in this show because they're 10 years older.<br /><br />This show is aimed at a slightly older audience than the original Rugrats. Viewers of the original show may like this.",positive
"Having majored in Western History when I was a student in college seeing the views on World War II are quite discomforting and in a whole completely wrong. World War II was the most graphic and bloody affairs to ever occur in world history. While the Axis Powers conducted many crimes against humanity which is still the view today and the correct many people forget that not every German soldier was out to exterminate the Jewish population, not every Japanese soldier swung a samurai sword around and flew kamikaze missions, and not every Italian soldier was a Fascist. Most of these soldiers for the Axis powers were normal people like you and I caught in a terrible conflict and just happened to be fighting for a country they loved.<br /><br />The Battle of Stalingrad was arguably the most lethal battles in world history with over 1,500,000 casualties sustained over the course of the battle. The film Stalingrad follows a German platoon and its leader Lieutenant von Witzland as they are reassigned to the Eastern Front to battle the Soviets at Stalingrad. Von Witzland acts as sort of the main character with two other men, Rollo and Fritzi. They all are normal men and seem to be completely unaware to what is happening back in Germany and Poland.<br /><br />The film follows the course of the battle. The film is overall very bleak when it comes to its portrayal of combat and a soldiers life during the battle. We are shown numerous gruesome battles and intense violence outside of the battles (including a firing squad sequence). Overall the battles are the earliest examples that I know of that portray the loss of limbs and overall in your face death sequences and violence. Much of the inspiration for Saving Private Ryan's battle sequences seem to have come from this film.<br /><br />The film does not aim to make the German's completely innocent of everything in the film. Several of the higher ranking officers of the army are portrayed in the usual view most people are use to, evil. Most of the soldiers are just normal people who often speak of home. The film makes it clear quite quickly that not all Germans were responsible for what happened during the Holocaust, most of the country and army was entirely oblivious to the fact that genocide was taking place. The film makes it clear that the soldiers in the Germany Army was simply fighting for a cause they really didn't understand and most wished just to return home rather than freezing in negative degree temperatures in Russia.<br /><br />The film really shows how hellish war is, especially World War II. The battle scenes will shock you with its gritty realism and the story is quite easy to follow as you are simply following a platoon during the battle. As with most war films do not expect much happiness after seeing it. It will leave you in a bit of a depressed mood just from seeing the life most of the soldiers on the Eastern Front faced. Not recommended for children. <br /><br />4/5 stars",positive
"It's now 2005 and 15+ years since this cartoon first aired. I haven't actually watched it seriously or closely in about 10 years. Now that I'm an adult in my 30s I can look back with a serious eye as I watch the episodes again.<br /><br />In concept, the cartoon is partly an homage to the classic Looney Tunes but also its own original show. There are a few episodes that are structured like the old cartoons. For example, there is a singer that attacks Buster and so he exacts revenge on this singer's concert -exactly like the old Bugs Bunny cartoon. The ensuing cartoon is similar to Looney Tunes, just in a different era. If you look at the old Looney Tunes, they did an awful lot of stuff exactly like Tiny Toons did. The old Looney Tunes made a lot of social commentary and parody. There were celebrity impersonations. There were a lot of corny period jokes, slang, and dialog. The comedy was surreal and wacky. You can say this exactly for Tiny Toons as well. The comedy styling is 'spiritually' the same. Most definitely a throwback to the classics which hadn't been done well (if at all) in cartoons in the decades prior to this show. We recognize the cultural references in Tiny Toons and we can roll our eyes when something we don't like comes up. But the reason we don't think Looney Tunes are corny is because we weren't alive back in the 40s. Also, Looney Tunes was original back in those days but today cartoons are rehashed over and over. So it's easy to perceive Tiny Toons in an unfair light due to our exposure to current events and our overexposure to cartoons in general.<br /><br />There certainly are differences in many respects - the timing, the delivery, and obviously the duration of the shows. They are two different styles from two different periods, being done under two very different circumstances - Looney Tunes being made for adults in theaters and Tiny Toons being made for kids watching TV. Even so, they did a good job making an original show with original gags AND still paying homage to and patterning after the comedy stylings of the old Looney Tunes.<br /><br />Since Tiny Toons had a lot more time to play with, they had some genuine moments of great animated inspiration. You only have to look at episodes like 1 minute to 3, the baby Plucky toilet episode.. there are so many more. For example, one of the best comedy dialog exchanges ever animated is in ThirteenSomething when Babs and Buster are on the phone in a split screen, hoping each misses the other. The miscommunication is spectacular. Notably, the character development in this episode and in several others (usually the ones penned by Deanna Oliver or Sherri Stoner) is rather good. The female characters were taken seriously as personalities and developed, unusual considering the opposite is usually true for cartoons of that period.<br /><br />This was the first modern cartoon that had lots of both pop culture-referential and self-referential humor. This was way ahead of its time. Tiny Toons really opened up a door for writers to take comic liberties that are so common in the cartoons today, instead of doing the boring old crap we endured as 80s kids. Yes, I loved Transformers and Thundercats, but Tiny Toons totally jumped away from all that. It was a breath of fresh air. Bakshi's New Adventures of Mighty Mouse may have been a precursor, but Tiny Toons made this surreal style of comedy cartoon writing a real success.<br /><br />As a kid I totally overlooked some jokes. For example, one episode is an homage to the Marx Brothers that I completely ignored as a teen. Now I have a newfound respect for it. There are so many inspired gags that I never noticed that are genuinely brilliant. It's that kind of comedy that makes me think of Looney Tunes and Family Guy. I NEVER noticed that kind of comedy as a kid. I've been thinking this for most episodes I watched recently.<br /><br />You'd notice these kinds of things if you actually WATCHED the show. Unlike some other reviewers here who I know are unfairly judging it, I've seen all the episodes and have thought about them thoroughly, exposed both as a kid and as an adult.<br /><br />You can tell there was an awful lot of care taken with the voice acting too. I'm not talking about just the main characters, but the side characters were done really well and creatively too. But back to the main characters, some of the main characters were brilliant. Tress MacNeille had, in my opinion, her best performances in this cartoon. She hasn't been the same since. Rob Paulsen also did some incredible stuff here, too.<br /><br />This is all not to say the show didn't have some bad episodes. It had plenty. It had a lot of mediocre ones, too. But by far it certainly had a lot of genuinely funny episodes. Especially back when it first aired it was actually funny to watch.<br /><br />Out of 10 I give the show an 8.5 - and kudos for pushing the envelope and breaking down the doors leading to a new era of cartoons.",positive
"Every time I watch this show I just want to turn it off and curse the makers for wasting my time week after week. The dialogs, or monologues rather, as everybody just rants on endlessly about nothing, are just becoming so tedious. For example, the episode I watched yesterday began with a seemingly unending rambling about how a particular dish (I forgot what it was, pasta with meatballs perhaps) always manages to turn the Gilmore family dinner into all-out war. And these were just the few seconds or so.<br /><br />So it seems every time, lots of lines, with absolutely zero content. The scripts they use must be enormous.<br /><br />But then every once in a while something happens. The babbling stops and suddenly there are these wonderful silent, emotional moments. For example, this week it was Lorelai's breakdown at the estate agent's. I just thought it was the best piece of TV I have seen for a long while.<br /><br />Almost makes everything worthwhile.",positive
"I don't know how expensive was the creation of this movie but the effects were awful. Half of the movie was filmed on stage in front of a movie canvas (that's sure that blue box wouldn't look so artificial). When they traveled on a boat, the background canvas was moved imitating the movement of waves but the characters weren't moving. The CGI effects: terrible (I am not sure but I guess the effect were created with Paint and made a GIF sequence of them - next time the creators should hire a professional CGI maker team). It looks like the CGI creator would have drawn on the picture strip with shaky hands. Awful, that's sure. When I first saw the trailer, I thought it was created in 1983. One of my friend told me the correct date: 2005. My jaw dropped, I was so shocked, I thought he was kidding. People, I recommend you to skip this movie, the story is also twisted, you won't enjoy it.",negative
Definitely one of the most witty and twisted who-dunnit I ever seen. Christopher Reeve and Micheal Caine were brilliant and kept me going through the whole affair. <br /><br />Very classy set pieces and the props really lend a sense of atmosphere to the proceedings. The minimalist feel works for the whole picture.<br /><br />My only complain isn't with the film itself but the lack of a decent widescreen edition of the movie on DVD. I own the fullscreen version (which proves I love the film enough to endure fullscreen presentation) but a awesome Deluxe or 'special' edition would most surely get my cash.,positive
"Growing up with the Beast Wars transformers, I wasn't very familiar with the original Transformers, and now that I have seen the awesome movie, and now that I have seen the older cartoon on which it's based, I have to say I like the original cartoon and the live action movie more than Beast Wars.<br /><br />Not that I don't like the BW characters, I just think that characters like Optimus Prime are better than Optimus Primal.<br /><br />I mean, ""AUTOBOTS TRANSFORM AND ROLL OUT!"" sounds a lot better than ""MAXIMALS MAXIMIZE!"" The voice of the original Optimus Prime still makes me a strong believer that he's a real commander, more so than Optimus Primal.<br /><br />Besides, Powermaster Optimus Prime is a lot more powerful than Optimal Optimus. Just look on the web! <br /><br />Megatron in the BW character seemed more like a humorous version of the more evil version of him in the original series.<br /><br />Besides what's cooler, robots changing into animals or robots changing into vehicles and spaceships? Gimme the original Transformers any day over Beast Wars!",negative
"The novel is easily superior and the best parts of the film are direct translations from what Greene wrote; for instance the quiet but grim humour that breaks into the scenes with Boyer and Lorre, or the murdered-child obsession that takes over some of the plot. Where the film deviates from the novel, it tends to the ludicrous.<br /><br />However I don't want to suggest that the film is bad in any way. It always looks the part and the story stays in the mind like a good 'un. Some of the minor characters were stock actors who could turn their hand to anything.<br /><br />It's a dreadful shame that the film's not available on DVD.",positive
"Blue ribbon banners, stars and stripes forever, decorated generals, and unconditional surrender from the enemies which required tons and tons of radiation, this was the summon substance of the United States victory in World War II!! The celebration on Times Square as well as everywhere else in the United States suggests a national zenith!!! America is on top right!! one thing, one agonizing and painstakingly perverse thing..The period of adjustment!!..The actual celebration ended when the bottle of champagne was finished..Now everyone needs to get on with their lives...only one problem though...they have to get new lives...the old lives are gone forever...Polite and pleasant smiles had a fragile facade with a longevity of ice cubes in boiling water!! Everyone of the characters in the movie is paraded by primal doubts, and unable to masquerade a pretense about how nothing was seriously wrong, for the simple reason that it was not true!!! Once sergeants, and generals, and their wives, and daughters, and sons and virtually all other Americans touched by World War II, were exposed to disabilities, nightmares and recriminations of World War II and what it really accomplished as well as negated, nobody was the same!! For now, social and moral issues had a self serving interest...Frederick March and Myrna Loy had to start over!! Dana Andrews realized that he should never have been married to Virginia Mayo in the first place!!! Theresa Wright has become painfully aware of the fact that she is constructively selfish!! Las but not least, the character, Homer, is about to get married and he thinks that everyone around him is as devastated by his injury as he is, basically in the sense that they are unable or unwilling to cope!!<br /><br />The reason this film is so fabulous is because a happy ending was attained the hard way, once everybody recognized the new beginning of the new United States and the new world overall, tragedy from WWII was recognized, and things that were emotionally torn asunder were taken in stride, and dealt with accordingly!! Frederick March and Myrna Loy need to go back to chapter one in their marriage, Homer has apprised his new bride as to what it takes to be married to him (i.e. half the times, she will feel like a nurse) and Thresa Wright's involvement with Dana Andrews means that her entrance into adulthood has resulted in partial responsibility for breaking up a marriage...This is tantamount to learning how to drive a car to get your driver's license at the Indianapolis 500...The characters in the movie are the typical post WWII Americans in that they are stalemated by the rude awakening of coercive changes to their lives...Happiness no longer is afforded the luxury of the adjective cop-aesthetic...it is now about formidable conditions, and good winning out over evil by way of the less ugly choice!!...World War II did not just happen!! It will henceforth dominate the social patterns of American living!!!<br /><br />The aggregate catastrophe of World War II has mirrored most Americans' feelings of personal human inadequacy as well!!I loved this film and so did AFI, probably for the reason that it brought out issues that were at one time unjustifiably taboo!!..Bottom line, see this movie!! Nightmares about combat, dilemmas about marital unhappiness and/or readjustment, coping with your life when stricken-ed by a disability and just basically acting human are portrayed constantly in movies and television today, HOWEVER!! this is 1946!! Very new to Americans then....REMEMBER THAT!! Director William Wyler has illustrated how Americans feel about the aftermath of WWII in the days when the movie industry has left him with one hand tied behind his back!!! Take that into account and you will probably realize just how sensational this movie really was!!",positive
"This is certainly one of my all time fav episodes of Trek. There is just so much going on in this one film that its crazy cool. First the guys beam down to an alien planet thats about to explode. They meet a freaky librarian type dude (very well played). Then Kirk manages to get himself transported back to what is very much like 16th century earth. McCoy and Spock try to follow but instead nearly freeze to death on the frozen version of the alien world 100,000 years in the past. Kirk manages to get himself locked up and charged with witchcraft while Spock enjoys some amok time with a sexy cavegirl who was vanquished to the this frozen, awful world by some bad guy.<br /><br />Spock decides hes happy where hes at and gives McCoy a royal assestment whuppin' when the doc suggests they need to look for a way out. Anyhow,they all finally escape, leaving the poor cavegirl behind. It takes a ton of convincing before Spock finally gives in and leaves. You can literally taste the sadness at the end. Leaving the cavegirl all alone in her frozen wasteland just seems cruel and is really touching. Spock must have been out of his vulkin' mind to leave behind his greatest hope for love and being human. Albeit, in a not so nice neighborhood!<br /><br />Anyway, you just get so much bang for your buck with this episode....A love story, the Salem witch trials, Spock as a human, the desperation of being left in total isolation...abandoned, and three entirely different settings on the alien planet. Its amazing they managed to jam all this into one fifty minute film. This one is a classic, don't miss it....I want it on DVD fer shure vulcans!!!!!!",positive
"This is probably one of those films too many commented but undiscovered... This is probably one masterpiece of Spanish cinema like some Buñuel's masters-piece. ""15 days with you"" could be the better ""now and them"" re-visitation from others films of long-time ago: could be ""Midnight cowboy"" but could be also ""Les amants du Pont-Neuf"" or a realistic and non-spot-look (but most realistic) ""trainspotting"". This hard story has place to humour, love and obviously dramatic sense. In the new social Spanish cinema this little diamond could be the resurrection of the Italian neo realism mixed whit the best Ken Loach films.<br /><br />Probably the better film I discover in the last 10 years.",positive
"For that matter one of the worst FILMS ever made. Plot goes as follows. Slog through jungle looking areas for 10 minutes or so. Have Bo go somewhere and strip. Slog through the jungle some more. Give Bo another excuse to strip. Back to the jungle. Oh look! There's a Tarzan looking guy! Strip, Bo - strip. Kill the safari people. Tarzan looking guy has a fight scene. Saves Bo. Bo strips. Run credits. Run credits, run.",negative
"This movie is silly and very short of being a funny movie. Unhappy 'easterners' are not pleased with being out west; so they hire a drunk wagon master(John Candy)to lead them back east. Sight gags were just not funny enough to carry this one. And Richard Lewis gets on your nerves very quickly; but then I honestly don't like him at anything he does. Ed Lauter is hilarious as the bumbling villain.<br /><br />The movie was dedicated to Candy. He died from a massive heart attack ten days before the movie was completed. A stand in and digital enhancement enabled Candy's character to be seen in the final scenes. Candy was a very good comedian and gave us some real good knee slapping, belly laughs in his career. This movie was just not the caliber of his best.<br /><br />Also in the film, you will recognize: William Sanderson, Gailard Sartain, Ethan Phillips, Ellen Greene and Rodney A. Grant.",negative
"The main reason to see this film is Warren William, who is in top form as the shyster campaign manager. He is electric, constantly finding ways to fool the public and defeat the opposing party in the midst of the biggest disasters. William is a great actor -- I feel he never got his due. Bette Davis as his girlfriend also shines in an under-written role. Personally, I found Guy Kibbee not quite right as the lame-brained candidate that William and the others are trying to foist on the public. He seemed more like an empty canvas than a person. I would have preferred to see a real character emerge rather than a non-character. The story itself is implausible, silly and clichéd. But Warren William and Bette Davis are well worth watching.",positive
"Historical movies always take liberties -- conversations are concocted where no one could actually know what was said, customs are adjusted to be comprehensible to modern audiences, etc. However, historical films about actual historical personages should make at least a minimal nod to history. This film does not. The only scene I actually remember is when our hero surprises an assassin who creeps into his chamber at night. He confronts the dangerous intruder with, ""I don't remember sending for room service"". The main entertainment value is in its badness; I recommended my local video story put it on the ""Turkeys"" shelf.",negative
"This production is an insult to the Stooges, especially Moe. It is inaccurate and poorly acted. Many of the events depicted just didn't happen that way and too much was left out or skipped over. Read the books written by Moe and his daughter Joan instead. This was a waste of time.",negative
"Some amusing humor, some that falls flat, some decent acting, some that is quite atrocious. This movie is simply hit and miss, guaranteed to amuse 12 year old boys more than any other niche.<br /><br />The child actors in the movie are just unfunny. When you are making a family comedy, that does tend to be a problem. Beverly D'Angelo rises above the material to give a funny, and dare I say it, human performance in the midst of this mediocrity.",negative
"I think its time for Seagal to go quietly into the night. What I have just seen makes all his direct to video releases in the last few years look like his early 90's smash hits in comparison.<br /><br />A secret bio lab is making a new kind of drug that jacks up a human's adrenaline system to the point where they become psychopathic killers or something. Somehow Seagal is supposed to stop the infection or its the end of the world...or something. Seagal also went through hit squads like jellybeans, every time I look up he was commanding a new face so it kinda got hard to follow character development as well I know Steven's athsma prevent him from yelling at the top of his lungs but even so why is he constantly being dubbed by people who sound nothing like him? Usually the films plot and action sequences can save it from being a total waste of time but this was not even close. Like I said, it was more of a horror movie with a lot of blood and shank stabbing rather than straight up fighting. The problem was it wasn't really scary and Seagal looked completely out of place because the infected people were supposed to have speed of light movement yet the 40 year old 280 lb Seagal killed them all singlehandedly? I guess the lone highlight of the movie was the first 20 minutes where the new recruits ask Seagal to come to the strip club with them.<br /><br />2 out of 10",negative
"Once I watched The Tenant and interpreted it as a horror movie. It uses many of the tropes of the genre: the sinister apartment, suspicious neighbors, apparitions, mysteries, hallucinations. The life of the hero, Trelkovsky, seemed surrounded by evil, secret forces trying to drive him mad.<br /><br />Last time I watched it I challenged this initial interpretation. If this movie is a horror movie, it's only horror in the sense that a Kafka novel is horror. In fact this movie can be understood on a literal level as a lonely man slowly becoming crazy without any external influence.<br /><br />Polanski made in his career three movies dealing with madness: Repulsion, which I don't particularly like because the development of madness in the heroine never convinced me; Rosemary's Baby, in which the heroine is driven mad by evil forces; and The Tenant, which might be the best study of paranoia ever made in cinema.<br /><br />Trelkovsky is a young man who rents an apartment in which a woman killed herself. He becomes obsessed with her and slowly starts becoming her: he wears her clothes, puts on makeup, talks like her. But is he being possessed by a spirit, or is he just letting his wild imagination get the best of him? It's this hesitation between what is real and imaginary, and which Polanski never resolves, that makes this such a fascinating movie. Many events in the movie can be attributed to the supernatural as easily as they can be to normal causes, and it's up to the viewer to decide what to believe in.<br /><br />Although this is not my favorite Polanski movie, it is nevertheless a good example of his ability to create suspense and portray madness in very convincing terms. And technically speaking, it's a marvel too. Suffice to say he collaborates with film composer Philippe Sarde and legendary director of photography Sven Nykvist (Bergman's DP) in the making of this movie. A slow pacing and sometimes uninteresting segments may make this movie difficult to enjoy, but it's an experience nevertheless.",positive
"This is the only movie that my wife and I have ever walked out on. Totally sucked. We saw it in Omaha even. Not funny at all, looks like a 14 year old kid wrote the humor. I can't believe these real politicians were actually in the movie. awful.",negative
"I am writing this with 10 minutes left before the film finishes. I feel comfortable writing it now, because unfortunately I know exactly how this film is going to end.<br /><br />The premise is simple enough, rabid dog on the loose in a small town, kills people. Great - simple plot for a good fun camp 80s horror.<br /><br />Uhh ..no.<br /><br />The main problem is this is based on a book (Stephen King) and you can tell that is should not have really been adapted to film, at least not with the same plot. Why? Cuz its boring! The first 45 minutes tries to build depth to its main characters and create suspense. It however lasts too long (half the film!) - the characters are unlikeable and we never care for them anyway, and it just about creates zero suspense. The easiest film (according to plot and time) to compare this to it the classic Jaws. Everything that Jaws does right, Cujo does wrong. Jaws created good characters and a genuine feeling of dread. Cujo does neither. Jaws effectively creates a scary, creepy villain in its shark. Cujo has a dirty St Bernard running about growling and jumping, and not a lot else. Jaws is exciting and unpredictable. Cujo is a tireless bore that remains predictable right to the end.<br /><br />Also confusing is the plethora of subplots that just act as boring red herrings to the films main plot.<br /><br />If this film was rewritten for the big screen and had a better director this could have been good. But it wasn't. It was a waste of 90 minutes of my life.<br /><br />People on here are saying this is one of the best King adaptations - Im sorry you could not be more wrong. The Mist is a hundred times better, Thinner is 10 times better and even the one with the cats is twice as good! This in my opinion is one of the worst! The only good thing was the action scenes with the dog looked real, even though they were dull.<br /><br />Films ended now, and it didn't get any better. Avoid.",negative
"1989 was already a year in where Eddie Murphy wasn't that longer hot and started making movies that soon would be forgotten. Funnily enough, it was also the year in where Murphy directed his first film, but it also would be the first and last experiment. ""Harlem nights"" wasn't exactly what you can call a success even if it was great to see the two best black comedians together namely Murphy and Richard Pryor. Don't blame it on the actors as they all played their roles like you expected them do, even if you have to face (again) the typical Murphy-laugh. The worst thing from ""Harlem nights"" are both the scenario and its terrible decors. Everything is set in the roaring twenties and everybody has their profit from the forbidden clubs. Sugar Ray (Pryor) and his adopted son Quickie (Murphy) are gathering easily 10000 dollar per day but of course soon the mob and the corrupt police come around the corner to claim their part of the cookie. Sugar and Quickie aren't guys who give their money for free and have their own plans. You can watch ""Harlem Nights"" that's for sure, but if you puke from the moment you hear the name Murphy you better avoid as after all this movie is nothing but a lame excuse to see some good jokes.",negative
"I'm a large scarred heterosexual male ex-bouncer, ex-rugby player, and ex-boxer, and I love this movie.<br /><br />It's no ""Mystic River."" It's a piece of fluff. But there is room in life for fluff, and when that fluff is engagingly shot, well-acted by attractive, likable people, cleverly plotted and full of good dialogue, there's even more room for it.<br /><br />I'm not the biggest Tom Selleck fan. But he's good in this. So are Julianne Nicholson (love her bald head and freckles), Ellen Degeneres, Kate Capshaw and even Tom Everett Scott (That Thing You Do!).<br /><br />The scenery is nice, the mood is upbeat, there's heartache and wistfulness and farce and even a little redemption.<br /><br />Any (male) reviewer who disses this movie is, shall we say, not perfectly confident in his masculinity. In the meantime I'll continue to catch bits and pieces of it without apology whenever it shows up on cable.",positive
"NOTHING (3+ outta 5 stars) Another weird premise from the director of the movie ""Cube"". This time around there are two main characters who find themselves and their home transported to a mysterious white void. There is literally NOTHING outside of their small two-story house. Intriguing to be sure, but I thought the comedic tone established for this movie from the get-go was extremely ill-conceived. There needs to be some humour, certainly... and I have no problem with the humour that was eventually derived from the plight of our two heroes (their final ""showdown"" was definitely a hoot)... but I really think the movie would have been a lot better off if it had stayed more rooted in reality in the beginning. After watching the movie I watched the ""Making of"" feature on the DVD and a short trailer at the end is almost totally devoid of the ""sillier"" comedic aspects... making it look like a completely different (and slightly better) movie. The last half hour of the movie is where things really start to come together... similar in a way to the recent movie ""Primer."" The actors are fine when they are not overdoing the comedy shtick. They are really quite believable in their more ""normal"" moments. I was probably ready to write this movie off as a failed experiment at the midway point... but it won me over by the end. (And keep watching past the credits for the final scene... just don't ask me to explain it.)",positive
"I first heard of this film when Patton Oswalt talked about it on his ""Werewolves and Lollipops"" CD. He said it was a lost classic that is completely ridiculous. Being a lover of terrible cinema, I knew I was in for a treat.<br /><br />This film is, hands down, one of the weirdest I've ever seen. Certainly one of the weirdest shlock films. Basically, a demon took human form years ago for a woman, the woman died or something, the demon cried blood, the blood fell on the bed, the bed is now possessed and it now eats. Along with fruit, flowers and chicken, it also has a taste for people. The people can range between horny teens, mayors, gangsters, servants or professional orgy throwers. There's also a sick guy who the bed ate but put his soul behind a picture in the room.<br /><br />Most movies let you figure out the plot through exciting action. Death Bed takes another path: it basically tells you through narration exactly what's happening while slow, dull murder scenes take place. Also, I must say everyone who's eaten by the bed are surprisingly quiet. I would think if a bed is eating you through the ways of a 5th grade science fair experiment, it would sting a little. I guess nerve endings weren't invented until 1981 or so.<br /><br />The story is wacky, the direction is slow and pretty awful, the sets are sparse, the acting it fairly painful and the brother is one of the unintentionally ugliest actors I've ever seen. Probably would make a great party film if alcohol and smart-asses are involved. Certainly one you shouldn't miss.",negative
"What can I say? I think I have to write ""Spoiler alert"" and then ""reveal"" they used the F-word a LOT in this movie - like in every two sentences. I did not like this movie at all - too much hints on sexual perversions, sidesteps and cheating. And that swearing was totally out the window. I gave this movie ""3"" and two of those points are for Mira Sorvino's sexy movements on the dance floor.",negative
"A fashion designer trips over a cat and falls into a pool, hitting her head on something floating on the surface. With rather cheesy effects (this was a TV movie) she floats up out of her body. She floats through a tunnel of rings of swirling orange smoke, and black rigid figures tip into her view (they look like the mannequins in her apartment). I almost thought I was watching a Jess Franco movie.... As her friends revive her, a black arm grabs her by the wrist, and she has to struggle to get loose. When she is revived, she remembers everything, and has a nasty bruise on her forearm.<br /><br />Shortly thereafter, she nearly gets hit by an out-of-control car that comes up on the sidewalk behind her. On Halloween, she decides with her boyfriend to go to Mexico for a vacation. When she gets there, she's surprised to find it's the Day of the Dead. They're annoyed by another American tourist who keeps following them, and he almost drowns them.<br /><br />The designer is encouraged to join a group of people who've had near death experiences. They've all experienced the tunnel, but not the black figures or the repeated near escapes from death. One of them has, and he's very anxious. She's also encouraged to meet with a psychic.<br /><br />A Doctor tells her about people he calls ""Walkers"" (the name of the novel this was based on). They're people who supposedly died of one cause that, when examined, prove to have died of another cause. Thus it's like they continued walking around after dying until they died again, but he blames it on poor record-keeping.<br /><br />I watched this on the 102 minute video, and it felt awfully long. I can't imagine that there's actually a 192 minute version! Perhaps if it was meant to be watched over two or more nights on TV it would better be watched that way than in one sitting.<br /><br />I've only read one Gary Brandner novel, Floater, and if it is representative of his work, he's not the most original of writers. Floater had the common plot of: picked on kid kills people in revenge. Even the variation was pretty common: picked on kid dies and kills people years later in revenge from beyond the grave. And in fact it has a point in common with this movie, in that the kid practices astral projection, and when he is drowned he floats up out of his body as here. I don't know how closely From the Dead of Night follows his novel Walkers. I understand the Howling movies don't bear much resemblance to his novels.<br /><br />It's quite a slow movie, and the special effects and cinematography are really held down by the (presumably) low budget and made-for-TV shortcomings. There are a lot of easily recognizable character actors in it. It also feels very dated, more early to mid 1980s than 1989. I found it to be boring. A much better low-budget movie covering similar subject matter that I don't think has dated as badly is Sole Survivor (1983) (arguably the inspiration for the 2000s Final Destination movies). It blows From the Dead of Night away.",negative
"I found the pace to be glacial and the original story blown way out of proportion to the content. My wife slept through most of it and I did not try to wake her because I felt she was not missing anything.<br /><br />When Holmes and Watson enter the house and then are potentially caught, it is unclear how they could hide all of their entry and burglary tools so quickly. It is also unclear how the door to the study is locked, preventing the servants from getting in.<br /><br />The thing that puzzled me was right at the end when there was a glint in the eye of the broken statute. I have no clue what this was supposed to represent.",negative
"After seeing Forever Hollywood, it would be natural to want to see a John Waters film. At least, one get to say that they have joined the legions of cinema cognoscenti who have experienced the unique cinematic stylings of perhaps the best known non-mainstream director. It's worth the effort, and PF is a lot better than Eraserhead,and there is a certain campiness about his films which his followers find addicting.",negative
"So, where are the cannibals? Those intrigued by the title and the 'real cannibal' appeal of this film will be let down. Instead, we are shown a strange man and his re-visiting of a Papua New Guinea village full of natives, one of whom was his lover several decades prior. The man, Tobias Schneebaum is New York Jewish as they come and somehow, this is intertwined with the documentary as he appears in his yamika in several scenes.<br /><br />There are no real cannibals here: only stories relayed by some of the natives and by Tobias himself. Not all together a bad film. Very interesting and great cinematography. Schneebaum remains highly likable throughout and provides us with a fascinating glimpse into a life that is about as far removed from Western Civilization as one can get.<br /><br />It's just not what it claims to be on the cover and in the plot summary.<br /><br />4 out of 10, kids.",negative
"I have watched this film twice now and think its quite good for the limited equipment used to create this film. (filmed in 1947) Dr. Heyerdahl explains his theory about the migration of south American Pre-Colubian Indians to the Polynesia's islands by way raft fell of large balsa trees. This documentary follows Dr. Heyerdahl and crew as they select balsa trees in Equidor and float with them down river to the pacific for assembly in Peru. They launch off on a 101 day sea adventure testing the strength of their primitive raft surviving only by means available to natives of that era. See for yourself, a real adventure!",positive
"This is superb - the acting wonderful, sets, clothes, music - but most of all the story itself.<br /><br />I am amazed there aren't more reviews of this movie - certainly one of the best of the 1980s.<br /><br />It's also a wonderful movie to see in tandem with the great ""Random Harvest"" which has much the same opening crisis <br /><br />-- a middle aged, unknown English W.W.I officer is in a hospital toward the close of the war, suffering from shell shock and complete amnesia without any idea of his name, origin, or anywhere he belongs - he proves to be a very wealthy established man - when he ""recovers"", he will not remember the years before the war -- <br /><br />But there the movies' resemblances end.<br /><br />My warmest thanks to all who participated in the movie - particularly the actors Ian Holm, Alan Bates, Ann Margret (what a great and surprising casting choice), Glenda Jackson, Julie Christie.<br /><br />This one stays with you forever.",positive
"Where to start? Some guy has some Indian pot that he's cleaning, and suddenly Skeletor attacks. He hits a woman in the neck with an axe, she falls down, but then gets up and is apparently uninjured. She runs into the woods, and it turns out there's the basement of a shopping center out there in the woods. She meets a utility worker and Skeletor attacks again. Luckily, like any good utility worker, he's got a gun and shoots at the guy. Doesn't work, everything starts on fire.<br /><br />Cut to some people walking through the woods. Even though they've been hiking together for some time, they sit down and introduce themselves to each other. Wouldn't they have probably done that when they first met? Anyhow, they're ""undercover"" Delta team members (undercover, I suppose, because that way they don't have to pay to dress them in uniforms). The cute girls are various things such as a sniper school instructor and, oh, I can't remember the rest. It doesn't matter. Eventually they all take their guns out and immediately start aiming them at various things. ? Anyhow, they meet an old Indian who is sitting out in the woods. He wants beans. You know, like pork and beans? He mumbles some stuff, I can only assume that it's the premise of the movie. I relied on having heard the premise from the commercials, because you can't really understand anything he says.<br /><br />So, they walk around the woods some more. All the dialogue is a load of quasi-military, macho BS. I mean all of it, as in every single word. Like ""This reminds me of when we were in Kabul"" or ""This reminds me of when we were in Laos"". Skeletor attacks again. Let me give you a rundown of a basic attack. One of the female characters is crouched behind a tree and she aims her gun at the approaching guy on the horse. For some reason, she doesn't fire but yells several times for someone else. Then as Skeletor approaches, she jumps out from behind the tree so that Skeletor can stick her with his spear. Then everybody starts shooting. The bullets cause sparks to fly from the trees. Apparently the folks who made this movie never shot a tree with a bullet. They don't make sparks.<br /><br />Then Casper Van Diem is all of a sudden driving a semi-truck, trying to run over Skeletor. He misses, and the truck slides to a stop. Van Diem is injured, apparently he slid across the seat and bumped his hip on the window crank or something, so he crawls out of the truck and it explodes. Later he's in the woods dying and everybody says a bunch of quasi-military, macho BS. They meet a couple guys in the woods and blow their ""undercover"" status by immediately identifying themselves as being from the Army. They beat on the guys for some reason, then they go away.<br /><br />Some other stuff happens, people mumble, the camera shakes, etc.<br /><br />I think it comes to an end eventually.<br /><br />My theory is that the Sci-Fi Channel is getting a little annoyed with everyone bashing their movies, so they put this out to remind us all how bad movies can really be. Like, you think our movies are bad? Well, you haven't seen bad. HERE'S BAD!!! Okay, now that we've got that out of the way, the rest of our movies are pretty good in comparison, right?<br /><br />Well, it's just a theory.",negative
"Definitely a very good idea,screenplay was just OK.Could have been better,The positives are that it doesn't bore you if you're an adventure lover,A new idea about the lost world of Atlantis.Negatives are that I personally feel that this idea had so much more potential than this.They should've ended up with a better adventure than this.It wasn't bad at all but it would have been much better with some more runtime.Enjoyed it a lot though,Cant say that it was boring or wasn't good..A good one for the people who like adventure animations like Sindbad,like The road to el Dorado.This movie is also recommended for people looking for a nice little adventure with a very nice happy ending.",positive
"I really enjoyed this movie and it was a little difficult do that when your brother is making stupid comments in it ever 30 seconds. But this movie I enjoyed, mostly because I'm used to the usual HK action films. Most of the films like this are don't watch it for the story line, watch it for the mindless action. And mindless action is right. You get to see Jet Li Jump, spin, kick, punch, shoot, make impossible jumps and dodge countless bullets. It's true that this movie was released to a broader audience after Li was in Lethal Weapon 4. That is one of the reasons the ratings on this movie dropped. Most people were probably expecting to see a movie that was as polished as a North American film. But you need to remember most HK film budgets aren't nearly as high as a North American film, and the style in a HK action film is usually very different usually requiring in wire work in a lot of them. If you want to see a good action film you should see this just try to ignore the dubbing.<br /><br />My rating was an 8.",positive
"I was excited to discover this late sixties comedy staring some of my favorite people - Maggie Smith, a very young Bob Newhart and, of course, Peter Ustinov. My disappointment was thus compounded to discover the film doesn't work as either a comedy or a perfect heist film. Ustinov plays a small time crook just out of prison who sets his sites on a large American corporation based in London. Bluffing his way past dimwitted CEO Karl Malden and tech geek Newhart, Ustinov passes himself off as a computer expert and immediately plans the 'perfect heist' part of the film. To do this he needs to get passed a tamper proof security system that guards the corporation mainframe. And here is problem one. His perfect plan only works because everyone else in the film is remarkably trusting and stupid. His lame excuses are taken at face value and this must be the only computer center anywhere not to bother with video cameras. The second problem is the heist (fraud really) happens within the first 30 minutes of the film robbing the rest of the picture of much in way of dramatic tension. Maggie Smith is sadly miscast as Ustinov's ditsy next door neighbor/secretary who just can't keep a job. I love Maggie Smith but she just seems too together here, too composed, the part called for more of a wacky, physical comedian. Furthermore, Ustinov and Smith have no chemistry together, maybe it's the age difference, but the later romantic relationship, as devoid of actual romance as it is, still comes off a little creepy. Ustinov co-wrote the script, and it was thought well of at the time, but I found it unfunny, meandering and a sad waste of a great cast.",negative
"This time we get a psycho toy maker named ""Joe Petto"" (get it?) who makes living, evil toys that kill people. He goes after the family who has the bad luck of just simply living in the same house where he and his mutant robot son ""Pino"" (again, get it?) used to live.<br /><br />Easily the worst (and hopefully [presumably] the last) in this semi - series, this one and the previous one look like soft core porn movies, but without the sex and nudity. It's kind of like a low rent hybrid of ""Halloween III"", ""Puppet Master"", ""Dolls"" and bad home movies. Supposedly in 2000 they started to do a sixth chapter in the series, but it was abandoned and never completed. We can all only hope that it stays that way...<br /><br />1/2 a star out of ****<br /><br />",negative
"I only voted excellent because this film took two snapshots of Americana: one in 1970, and one for every year afterward. <br /><br />Nothing's really changed.<br /><br />Joe is actually a jerk, a big stupid slob who's mad at everybody else in the world for his own idiocy. This ain't really a spoiler, but the key to the film is the big, corporate ""never does wrong"" guy making friends with this semi-troglodyte Joe, and he gets some kind of...validation from his bigotry and stupidity and sense of being wronged. <br /><br />Yet, few would argue, that the dealer boyfriend did deserve to die. And those kids shouldn't have ripped Joe and Compton off. And Joe and Compton were actually getting into the hash and the young skin until they got ripped off. A simple film in many ways, except that in 1970 New York City was par to a battle zone thanks to Nixon's care, and all of the money going to the war in Vietnam. As I write this (2/25/2007) there is a ""very long wait"" on Netflix for this film - which makes me happy because I think there are people out there who want to learn. This was a pretty good snapshot - not exact, a bit caricaturist - but actually pretty close to how it was back then. And the scary thing is - things haven't changed that much. Sure, there's no more welfare, but that just means the wage-slavery has won out. <br /><br />Amazing how millionaires will complain about not making enough money, then complain that $5.15 an hour is too much to pay their people.",positive
"One of the worst things a film studio can do is exploit the tragedies of others, commercializing a 'shock' or 'gore' factor in order to sell tickets to be able to buy their Birch a new diamond necklace. Another worst thing is to totally misrepresent the true facts of an incredible saga by fabricating events, dialog and images to the director's own liking. Lastly, one of the worst things a film studio can do is to use bottom-of-the-barrel actors and shoot it all on a sound stage that was rented for fifty cents a day. All three of these travesties the makers of this film are guilty of. This is, hands-down, the worst movie I have ever seen, and I've seen thousands. A score of '1' is too good for this waste of celluloid. Not only should the filmmakers be ashamed for making it, they should be ashamed for negatively exploiting the heroes of this story, which are the people who experienced this tragedy firsthand, both the living and the dead.",negative
"I used to LOVE this movie as a kid but, seeing it again 20+ years later, it actually sucks. Up The Academy might have been ahead of it's time back in 1980, but it has almost nothing to offer today! Movies like Caddyshack and Stripes hold-up much better today than this steaming dogpile. No T&A. No great jokes except for the one-liners we've all heard a million times by now.<br /><br />I recently bought the DVD in hopes that it would be the gem I remembered it being. Well, I was WAY off! The soundtrack had only 2-3 widely-recognizable hits (not the smash compilation others had mentioned) and the frequent voice-overs were terrible. The only thing that was interesting, to me, was predicting what the character's lines were before they said them. Yep, I watched this movie that much back then! <br /><br />The only reason I am writing this review is to give my two cents on why this movie should be forgotten, sorry to say. :(",negative
"For a low budget project, the Film was a success. The story is interesting, and the actors were convincing. Eva Longoria, who now stars on the TV Show ""Dragnet,"" is sexier than ever. The locations were ideal for the ganster plot, and the director shows his talent by taking on many roles for his project. Of course this low budget film could use better editing transitions and more special effects for the gun scenes, but the music keeps this script moving. Although this film has it's share of problems, such as continuity, I must say that I would rent the director's next movie. If your a film student, you could learn a few things from the director's commentary.",positive
"I watched this film in shire joy.<br /><br />This is possibly one of the best films of all time. It has a timeless value, you can get so much out of it it's amazing. There are parts that are moving, funny, and just great.<br /><br />All aspect are spot on, the portrayal of the story is perfect, every detail is 100% genuine, even small Irish subtleties have been covered.<br /><br />The use of low and high shots gives two great views on Cristy (look out for that).<br /><br />Daniel Day-Lewis's performance is incredible. I've never seen an actor do that, ever. It really is amazing.<br /><br />And it's so great to watch, it flows so well, it's probably the closest thing yo can get to real life experience. I love it.<br /><br />If you haven't seen it, you should see it. Don't have any doubts on it, there is something there for all.",positive
"The Salena Incident is set in Arizona where six death row inmates are being transfered from the state prison for reasons never explained, while driving along the heavily armed prison bus gets a flat & the driver is forced to pull off the road. Then two blonde birds turn up & after seducing the incompetent prison guards manage to get the better of them, the six prisoners are released but in a shoot-out their getaway car is damaged leaving them all stranded in the middle of the Arizona desert. They decide to head to the nearest town, Salena several miles away & take the cops with them as hostage. Once they reach Salena they find it odd that the place is completely deserted with not one single other person in sight. They soon discover that the entire town has been killed by flesh eating aliens & they are firmly placed on the menu...<br /><br />Also known as Alien Invasion Arizona in the US on DVD & apparently having the working title Terror Town this rubbishy low budget sci-fi horror flick was co-written, co-produced & directed by Dustin Rikert & has no real redeeming features at all, to be frank The Salena Incident is the sort of film which gives films a bad name. The film could roughly be divided into two parts, the opening forty or fifty odd minutes focuses on the prisoners in a thriller feeling opening, the guards & the escape although it's pretty poorly written & staged stuff. The dialogue between the two blonde birds & the prison guards is so bad it's unintentionally funny as the two fit birds chat up the two not so fit prison guards. Funny stuff actually, unfortunately The Salena Incident is supposed to be a sci-fi horror film not a comedy. Then once the escaped cons & their prison guard hostages arrive at Salena it goes into sci-fi horror mode as the aliens turn up & start killing our clichéd character's off which is good because they are annoying. Look, the whole film sucks as it's badly written, thought out & made. I can't really be bothered to go into why but trust me The Salena Incident is awful on every level.<br /><br />As well as being just a bad, boring & stupid film The Salena Incident is also poorly made. The action set-piece scenes are awful, the aliens looks terrible & are never shown on screen at the same time as the human character's & as such it's sometimes difficult to tell what's happening. The special effects are poor too, the aliens look rubbish & the CGI computer effects are absolutely terrible as well. The editing is poor, the cinematography is poor, the sets are cheap & the whole thing is just an eyesore really. There's a bit of gore, there's some gunshot wounds, someone is ripped in half & a severed hand is seen.<br /><br />Obviously shot on a low budget The Salena Incident has low production values & looks cheap from start to finish. Filmed in Superior in Arizona. The acting is terrible from no-one I have ever heard of although the actress who plays the female doctor is pretty good looking.<br /><br />The Salena Incident is a rubbish sci-fi horror film that is terrible in just about every way, not worth 90 minutes of yours, mine or anyone else's time.",negative
"Yowsa! If you REALLY want some ACTION, check out the babes and bombs on this non-stop thriller! Veteran star MARTIN SHEEN leads a trio of supermodels on a mission to stop nuclear terrorism... but director Dean Hamilton doesn't let this heavy plotline get in the way of massive doses of TEENSY-SWIMSUIT scenes, jiggly beach jogs, hubba-hubba hot tubs and the like! Want action? You'll get more of it here than in PEARL HARBOR. Want babes? You'll get an eyeful every two minutes. Want more? Go out and BUY THIS VIDEO! Yowsa, Yowsa, Yowsa! That's some mighty spicy meatballs!!!",positive
"Johny To makes here one of his best style exercises, making a strong film with a good Yakuza's story. The election of the new Yakuza's boss is the beginning of a war inside the organization.<br /><br />In my opinion the violence is wise used in the context, making a very strong gangs film. I specially love the way he tells the history, moving around all the roles inside the Yakuza's family, and making that we see the violence, like the only way they have to solve their problems...<br /><br />Talking about, the technical aspects, the film is a good example of paused, rythmic and planified way of shooting a film. One of the Hong Kong Films of the year. Is like Infernal affairs, but without the easy action-violence scenes, and the confused storyline. Strongly recommended to all Asian films lovers.<br /><br />(sorry for my English, better do in Spanish lol)",positive
"Viva Variety was a unique hybrid program that was both a parody of and a tribute to the programs it represented. <br /><br />It was most directly a mock up of the classic 1970s favorite, ""The Sonny & Cher Show,"" With Thomas Lennon and Kerri Kenney playing a divorced show biz couple who were somehow forced to host this program together, the female of the pair towering over the male, and the constant barrage of ""insult humor"" the couple tossed at each other, plus sketch comedy bits and performances from what are most kindly described as ""specialty"" acts! <br /><br />The ""hybrid"" was the mix of fact and fantasy. Of course, there was no ""Mr. and Former Mrs. Laupin,"" and the program's announcer, Johnny Bluejeans, was likewise equally fictional. But all the acts that performed were certainly real, and some were even entertaining! But there were also some acts that would have clearly been better suited for the old Chuck Barris ""Gong Show."" <br /><br />The show itself was really more like an extended sketch from ""SCTV"" (it was borne from the MTV series, ""The State,"" after all), and some would suggest that it would have been better as a five minute bit in the mix of a program like that one, rather than a stand alone series. But ""Viva Variety"" certainly should get high marks for original concepts, and even though it was often more odd than funny, it was certainly worthwhile, especially when they road tripped to Las Vegas and brought in even glitzier acts to perform. It's unlikely we'll ever see anything like this on television again.",positive
This started out as a good sketch comedy. The first few shows were very good and I was looking forward to a long run. What was really funny was the Mariah Carey imitation and the take off on Beverly Hills 90210 featuring the hair fight. The Delta Burke vs William Conrad heavy weight battle was also good. Unfortunately the following shows went downhill relatively quickly. The writing became uninspired and oh so predictable as if the show had acquired a cult following in it's young tenure. Nothing fresh was being offered and the recurring skits were boring. One example is the gun family (or whatever it was called) which became a weekly feature. This sketch was not all that funny to begin with let alone being a regular feature. An example of a quick promising start then a sudden fall.,negative
"Film version of Sandra Bernhard's one-woman off-Broadway show is gaspingly pretentious. Sandra spoofs lounge acts and superstars, but her sense of irony is only fitfully interesting, and fitfully funny. Her fans will say she's scathingly honest, and that may be true. But she's also shrill, with an unapologetic, in-your-face bravado that isn't well-suited to a film in this genre. She doesn't want to make nice--and she's certainly not out to make friends--and that's always going to rub a lot of people the wrong way. But even if you meet her halfway, her material here is seriously lacking. Filmmaker Nicolas Roeg served as executive producer and, though not directed by him, the film does have his chilly, detached signature style all over it. Bernhard co-wrote the show with director John Boskovich; their oddest touch was in having all of Sandra's in-house audiences looking completely bored--a feeling many real viewers will most likely share. *1/2 from ****",negative
"THE TEMP (1993) didn't do much theatrical business, but here's the direct-to-video rip-off you didn't want, anyway! Ellen Bradford (Mel Harris) is the new woman at Millennium Investments, a high scale brokerage firm, who starts getting helpful hints from wide-eyed secretary Deidre (Sheila Kelley). Deidre turns out to be an ambitious daddy's girl who will stop at nothing to move up the corporate ladder, including screwing a top broker she can't stand and murdering anyone who gets on her bad side. She digs up skeletons in Ellen's closet, tries to cause problems with her husband (Barry Bostwick), kills while making it look like she is responsible, kidnaps her daughter and tries to get her to embezzle money from the company.<br /><br />Harris and Kelley deliver competent performances, the supporting cast is alright and it's reasonably well put-together, but that doesn't fully compensate for a script that travels down a well-worn path and offers few surprises.",negative
"I am in a movie club at my school and I was forced to sit and watch this utterly dismal film. The film's story is not dismal, but the entire movie itself is exceedingly dismal. The acting was absolutely dreadful. The children were overly whiny. A metal pole could have done a better job. I wanted desperately to fall asleep, but because the television was so loud, I was kept from peace. The monkey's are neither cute, nor are they funny. The drama is laugh-worthy. I cannot remember when I saw a more dreadful film. The story is weak, thin, predictable, and completely fake. The adults try to be good actors, but they just can't seem to break through stereotypes. The girl even appears to want to leave the film via falling off a hill during the movie in order to leave it, I don't blame her. Micheal Anderson should publicly apologize for this film. Not just to me, but to everyone else who was forced to sit through this awful film. In fact, I apologize to you. Even if I had nothing to do with this project, I apologize for this film, because this means at least someone will. This film even surpasses the dismalness of films that of Rob Schneider and the Cheetah Girls. I would even go as far to say that it is even worse that Hilary Duff's collection of films, but that's pushing it. Just please don't see this film, or else you'll be pushed to write a review similar to this one on how awful this film is. I'm very sorry.",negative
"This is the last time I rent a video without checking in at the IMDB reviews. The Limey is directed by Steven Soderbergh who also wrote wrote the truly awful Nightwatch with Ewan Macgregor and directed such trash as Out of Sight with the anti-talented Jennifer Lopez. Terence Stamp is a fine actor and it is a shame he involved himself in such a bad film. There is frequent confusing editing that seems like it was a last minute decision in order to make up for the lack or story, filming and just plain common sense. This film does everything wrong. What were they thinking?",negative
"This is an excellent anime movie. It is well animated, has a good intricate plot and very good music. I understand that some may think of it as a little long, but I think that it is a good length and the animation is good traditional anime.<br /><br />THREE CHARACTERS:<br /><br />The way they use Tenkai is masterly. For example the body double showing up at all these locations adds to the ominous tone of the movie. The design of Tenkai is good too, the way he looks as a monk and in the end scene the armour he is wearing.<br /><br />The old man Andou is down to earth and a very likable character. When Jiro meets him it's a turning point in the movie.<br /><br />Sanpei, the Satsuma Shinobi who infiltrated Tenkais clan saves Jiros life twice. He stays in the background most of the movie though, but he is really one of the heroes of the movie.<br /><br />THE PLOT: The plot is good. It is traditional without being unoriginal. The historical time it is acted out in is interesting, The meiji restoration. The treasure is sought after by Tenkai to restore the shogunate while when Jiro finds it he uses it to help the anti-shogunate forces overthrow the shogunate.<br /><br />The way Tenkai tricks Jiro is interesting and has sort of a ""Hamlet"" feel to it. There is also a sweet irony to the fact that if Tenkai had not gotten Jiro to become a shinobi I don't think that he had been able to kill him in the end(Maybe by firearm, but not hand to hand combat weapons).<br /><br />The plot with all the death makes it mostly very dark, but there's some light moments when we see some of Jiros childhood memories. All in all it's a good, dark, intricate plot.<br /><br />THE MUSIC: The opening theme for example is very good with the electric guitar and drums. They occasionally in that piece use what I believe to be taiko drums, but i'm not sure.<br /><br />There is a lot of good music. Like the one played while they are traveling to the Iga shinobi. I believe the piece is called ""Numatou"" and has an incredible flute in it. The flute might be a pan flute, but more probably a shakuhachi.<br /><br />The end theme ""Kamui no komoriuta"" is calm and delicate. The vocals are beautiful and so is the song in general.<br /><br />THE ANIMATION:<br /><br />The animation, while good, is not perfect and the blood that runs down the characters do sometimes appear to be orange. The transitions are interesting and I think some transitions are very nice. One example of a nice transition is when Jiro and the Iga shinobi are running, there is the sunset in the background and the music is playing. The transition is simple, but effective and has a nice feeling too it.<br /><br />MY FINAL WORDS: I think that the plot, the animation, the music and the characters make this into one of the best anime movies I have ever seen.",positive
"Do you know that they want to escavate the Moon for real?And in Geneve there is the debated project that could lead to make possible time machine?All i can say about this movie that is based on facts about future(at the time of the movie)scientifical projects but real. Hope the moon will exist not happen as in the movie. Now about the movie itself, I saw the original movie too, and I also read the book. The book I didn't like though, but the movie yes.I totally agree with a previous comment that this movie was depressing,unlike the 60's one.That was very good with force, this one was only a paralled future of what is good movie.",negative
"Excellent documentary that still manages to shock and enlighten. Unfortunately, times haven't changed much since this was made and it is thus an important piece for all freedom-conscious Americans to see.",positive
"The movie that i am going to review is a little television movie made in 1996 and it starred Melissa Joan Hart and Daniel Baldwin.<br /><br />The main protagonist/antagonist Jennifer Stanton (Hart) is a typical all American teenager who is feeling the pressure of having such a controlling father (Baldwin). However, when she meets an ex con called Nick Ryan (Jeremy Jordan ""Never been kissed"") they instantly 'fall' for each other, but Jennifer has a different idea on where to take their relationship. she manipulates him to kill her parents, to protect their 'love' but she just used him to get rid of her parents so she can be with Brad (David Lascher future 'Sabrina' cast mate for Hart). Melissa Joan Hart actually really surprised me with her role as an evil manipulator and she carries the movie well by using her friends and Nick so she can literally get away with murder. The rest of the supporting cast work well and they each hold their own when they have screen time. I also found it interesting that this film was made and released the same year, Hart, began portrayed Sabrina, the Teenage Witch and this shows she can act in my genres of film and television.<br /><br />Although the film has dated somewhat it stills stands out as some of her best work that involves drama or thriller and i am looking forward to 'Nine Dead' that comes out in November because it shows she can seen as other people that are not called ""Clarissa Darling "" or Sabrina Spellman""<br /><br />I recommend this film to anyone that is a fan of Melissa Joan Hart or Sabrina. You can watch this on the internet, so i suggest check it out.",positive
"I am a fan of the paranormal and I love Ghost Hunters so when this show first came out I decided to give it a try. I could barely sit through one episode. The show is so obviously staged. I mean come on, every single episode involves someone being possessed or involves a demonic force trying to kill the family. Another huge flaw is that these guys never debunk anything. When I watch Ghost Hunters they find evidence and try to disprove it and if they can't then it is evidence. On this show they find a voice or a piece of video evidence and they are very quick to call it a ghost. This completely ruins their credibility unlike TAPS and Ghost Hunters who actually know what they're doing. Honestly if you're interested in the paranormal and want to watch a show about it watch Ghost Hunters.",negative
"STAR RATING: ***** Saturday Night **** Friday Night *** Friday Morning ** Sunday Night * Monday Morning <br /><br />Alice, having defeated Freddy at the end of the last film, is now trying to re-adjust her life. But her unborn child is carrying a demonous presence- Freddy, trying to come out into their world again.<br /><br />It's interesting to note the directors who got their big breaks directing Freddy films- Charles Russell (Eraser, The Mask) Renny Harlin (The Long Kiss Goodnight, Cutthroat Island, Cliffhanger, Die Hard 2) and here Stephen Hopkins (Lost in Space, Predator 2.) But while Russell and Harlin made a good job of it, Hopkins IMO has made something of a podge with this entry, that should be quickly forgotten.<br /><br />The story is clearly being stretched as far as it can go here, with Freddy ludicrously a father himself and the ridiculous looking demon baby. Even at about an hour and a half, it all gets rather tiresome, and of course, not scary at all.<br /><br />The ""bon appetit, bitch"" catch-phrase is the only memorable point of this other wise very forgettable entry. *",negative
"OK i own this DVD i got it new at amazon... i mean i think its badass and a pretty cool flick and melissa bale the slutty/bitchy girl they pick up is hot as hell ..., the acting sucks and the whole polt just sucks the clown is some huge guy wearing a mask and its disgusting but its OK i wouldn't recommend it if like u wanted to rent a good entertaining flick after a hard days work but if u have nothing else to do and ur obbsessed with this stupid movies like i am, watch it sometime, and i do not know how artisan DVD has S.I.C.K. in its DVD collection , s.i.c.k. is not good enough to be owned by a half way decent movie company OK well thats all",negative
"I saw this movie in Blockbuster and thought it might be a good Sunday evening movie when there is nothing else to do. So I bought it used, 3 DVDs for $25. Although it was cheap, my money would have been better spent on a nail to drive through my foot.<br /><br />The film started out nicely. Kinda Dark and mysterious. I was always enthralled with vampire and samurai movies as a kid. I thought the combo would be really cool. The first fight scene was pretty cool. I was excited for the rest of the movie. Then the movie took a serious nose dive.<br /><br />I understand that this was a big hit in the east. I guess because of the twins. I don't see it though. This movie, aside from the first 10 minutes, was absolutely horrible. So many movies in this genre have the potential to be great, and blow it terribly. This is just another casualty.<br /><br />Jacki Chan's role in this film doesn't make any sense at all. Whyyyyyyyy? Complete silliness. He probably made a few bucks off it though.<br /><br />The only cool thing in this movie are the swords they use. Nice idea.<br /><br />I wouldn't recommend this movie to anyone.",negative
"I grew up watching Inspector Gadget. It was, and still is, one of my favorite cartoons, if not my absolute favorite. I learned a lot of geography and history from the spin-off Inspector Gadget's Field Trip. I wanted to slip on a banana peel and become the greatest detective ever.<br /><br />But the film has ruined the reputation of the wonderful cartoon.<br /><br />Matthew Broderick, an actor with potential, was definitely NOT the role for Inspector Gadget. First thing- in the film, Inspector Gadget is smart. Not so in the cartoon. In the film, Gadget solves the mystery mostly by himself. In the cartoon, it was almost always Penny, Brain, and the awesome book (I still want her book!). If Gadget solved the mystery, it was by accident. Gadget in the film seems to be a competent detective, but in the cartoon was pretty dumb, which was where the humor came from.<br /><br />Another thing is that it's too much ""Good Guy v. Bad Guy"" in the film. It's not just meant to be a silly Saturday morning cartoon. Also, Gadget never should have a love story, but Disney Corporation is filled with idiots.<br /><br />Also I miss the true gadgets that Gadget had, and especially the Gadget car. In the movie it was a chic convertible. In the cartoon it was a sedan police car and could turn into a van. It also barely had any gadgets and was mainly there to get him from place to place.<br /><br />But if anything, the one thing that was terrible about the movie was that it was a feature movie. Inspector Gadget was a silly Saturday morning cartoon. The movie was too serious, too overdone, had too much of a plot and wasn't even remotely as funny.<br /><br />Tip for those who haven't seen it: NEVER see it. EVER. Watch the cartoon, it's a true classic.",negative
"""Deliverance"" is one of the best exploitation films to come out of that wonderful 1970's decade from whence so many other exploitation films came.<br /><br />A group of friends sets out on a canoe trip down a river in the south and they become victimized by a bunch of toothless hillbillies who pretty much try to ruin their lives. It's awesome.<br /><br />We are treated to anal rape, vicious beatings, bow and arrow killings, shootings, broken bones, etc... A lot like 1974's ""Texas Chainsaw Massacre,"" to say that ""Deliverance"" is believable would be immature. This would never and could never happen, even in the dark ages of 1972.<br /><br />""Deliverance"" is a very entertaining ride and packed full of action. It is one in a huge pile of exploitation films to come from the early 70's and it (arguably) sits on top of that pile with it's great acting, superb cinematography and excellent writing.<br /><br />8 out of 10, kids.",positive
"I haven't seen so many people packed outside a theater since Star Wars Episode III. Both shows sold out, and for good reason. The Man With the Screaming Brain was the best movie to see with a crowd full of geeks. (Hey, I'm a dork too.) <br /><br />Bruce Campbell was present and had the whole crowd in stitches! The movie was cheesy in the best possible way. It may be the funniest movie that Bruce has done. Ted Raimi steals the show with his Bulgarian hip hop-itude and zany facial expressions, he is a laugh riot! Who knew that Ted could rap? <br /><br />I changed my mind, the person who stole the show was actually a robot. There is nothing funnier than a robot...doing the robot.<br /><br />As for Bruce's performance: ""I take the 5th."" Thanks Bruce. Thanks for being cool, thanks for taking the time, thanks for all of the fun.",positive
"I got subjected to this pile one Wednesday afternoon when my mother-in-law was watching it. I can't get over someone basically doing a remake of a crappy high budget Hollywood flop (""the CORE"" with washed up actors like Luke Perry). If the HIGH budget one flopped, what makes people think doing the SAME movie 2 years later with NO budget would go anywhere? I was laughing through most of the movie because of how insanely similar it was (in fact I am shocked it's not held up in Legal rather than airing on TV), and how it was basically the script of the CORE just redone badly, which if you have seen ""the Core"", you know why doing it worse is funny, since the CORE was ALREADY so bad it was funny.<br /><br />If you enjoy getting a laugh out of REALLY bad movies, this one will be right up your alley. The only thing I can say, is that I wish Luke Perry was able to have a career, because he isn't a horrible actor.. he just lands horrible roles. Crappy made for TV movies that will only run on daytime television is pretty much one step closer to the end for him, if it wasn't for 90210 he would have a career.",negative
"I was really disappointed by this movie. Great actors in it, and potentially a great plot, but it just seemed to limp along.<br /><br />Charlize Theron was masterful in her role and beautiful, but it seemed like 90% of her on-screen work was in car chases done with Austin Minis. Product placement gone wrong, so very wrong.<br /><br />The direction seemed off, too. Edward Norton is the bad guy, and it was so obvious right from the start. Every time the camera would pass over him, it would linger too long and Norton would grimace or something. C'mon, Hollywood, give us a little credit! It's okay to surprise us with a plot twist without having to telegraph it.<br /><br />Sorry, but this movie was just below average. I have always been one to appreciate the work and talent that goes into a movie, but this one just didn't have it.",negative
"A comparison between this movie and 'The Last Detail' is made by some, but 'Chasers' is flatter than a stretch of Interstate highway in west Texas. And like the scenery in the desert, there's nothing much to distinguish it, not even the fact that a female prisoner is being transported by two navy escorts this time around. No one in the cast comes off too well; with this lame script that's not surprising. Dennis Hopper, the director, won't give much space to this one if he ever writes a memoir, I don't think.",negative
"This Columbo episode is one of the better and perhaps one of my personal favorites. The cast includes Rosemary's Baby John Cassavetes as the maestro, his wife played by Blythe Danner (Gwyneth Paltrow's mom) and his mother-in-law played by Myrna Loy (one of America's greatest leading actresses in film of our time). Anyway I disagree with anybody who criticizes against this film. This episode is one of my favorites because you have an excellent cast who do a superb job in performing. I love watching Columbo with his beloved dog who he never names in the series. This time, the episode focuses in on classical music at the Hollywood Bowl, one of L.A.'s attractions. Of course, Columbo becomes as interested in classical music as he does anything else involving a crime.",positive
"It was all over with the slashers around 88 so it was time for the cheesy rip offs of those older movies. The Brain is well done, the script reminded me of Videodrome but then in a more cheesy way as said before. The acting can go through with it. But it's the effects that makes you laugh, the so called Brain is really a turkey and the blood is never shown. The opening sequence is what makes this movie worth watching, the hallucinations are really nicely done and reminded me of Nightmare on Elm Street, remember the telephone coming alive.... Some how you keep watching this flick, waiting what is happening next. It's viewable for all freaks out there cause there isn't any gore in it and as said the blood isn't there neither but there is nudity for the perverts. I have seen worser movies than this one, only wished they had made it bloodier...",negative
"This movie is George C. Scott at his very best, Bernard Hughes at his very best and Diana Rigg at her most pithy, and of course Paddy Chaevsky writing at ""masterpiece"" warp! There are also very brief snippets of future biggies like Susan Sarandon, Stockard Channing etc., who have one scene lines that you don't necessarily spot until your fifth or sixth time watching. Nancy Marchand as a young to middle age nurse supervisor is also superb, as well as practically every ""face"" in Hollywood of 1970.<br /><br />It is one of the few movies that gets better the more times you see it. Watch for the ""surprise"" scene ala ""Wait until Dark""! This is one of the few movies I have ever bought on DVD. It is that superb.",positive
"It's rare that I come across a film this awful, this annoying and this irritating. It is without doubt one of the worst films I've ever seen.<br /><br />The plot, when it's not a blur of confusing and pointlessly over flashy editing, is ludicrous. Why did Domino become such a bad-ass tough bitch? Because her gold fish died when she was a kid and this ""traumatic"" event left her emotionally stunted, and hating everyone. When the dialogue is not clichéd or banal, it's littered with laughable lines such as: ""There are three kinds of people in this world: the rich... the poor... and everyone else"". At one point the bounty hunters have some guy tied up in the back of their bus who has a combination number tattooed on his arm. Because of a confusing mobile phone call, instead of rolling his sleeve up and just reading the number, they blow off his arm with a shotgun. At another point, the bounty hunters take a bomb to a meeting arranged with the mafia and threaten to set the bomb off unless the mafia let them go!? Clearly not going to the meeting would have been just too easy.<br /><br />Keira Knightley is unconvincing and dreadfully miscast. Mickey Rourke does manage to salvage some credibility from this mess.<br /><br />I have enjoyed some of Tony Scott's previous films, True Romance being one, but all I could think while suffering this drivel was that it must have been made by a complete idiot.",negative
"I had watched several days film shooting of this movie that summer,the end result was just two scenes in the movie. The location was Sylvan Lake in the Black Hills. Bring the wagon,stop the wagon etc . So this Dakota youth looked forward to seeing the movie and was not disappointed. The local buffalo herd was being culled so the shooting scenes were for real. (yes Doris, animals were hurt during filming) I think the ending was copied by Jack Nicholson in the Shining? A great western/social comment from the 50's. This should be in the same class as High Noon for real western drama or used as a social statement like Blackboard Jungle or Rebel Without A Cause was for 50's youth.",positive
"This movie is more deceiving than ever, using a suspenseful looking actor like Walken to play in this piece of junk made it look like he had nothing better to do than play a boring role like this one! And the fact that the movie was supposed to be about some witch and you really don't see that until almost the end of the movie but meanwhile you have to sit and watch this boring film while it gets, or tries to get to the meaning of the point and you have to go through this whole trail of boring actors and actresses thinking the whole time of how you passed off another movie and decided on this one and how you have just waisted your money just makes the whole point of time useless sitting there. I'd rather watch cartoons for goodness sakes. Leave this one alone,please!",negative
"I've always been enthusiastic about period dramas, an art form in which the BBC has excelled in the past. This presentation of ""Byron"" was unbelievable. Unbelievably bad! The script was dreadful, the acting uninspired, and all the characters woefully insipid. Apparently Byron was ""mad bad and dangerous to know"", and set the ladies hearts all-a-flutter. Not in this production. Here he appeared as a tawdry jumped-up little squirt instead of a fiery hero of womenfolk and the Greek struggle for independence. It is said that Byron walked with a limp. This portrayal of the man was just limp all over.<br /><br />I watched the whole two and a half hours waiting for something to spark into life. Not a splutter, not even a glimmer. It was utter tedium, if not downright boredom, from start to finish.<br /><br />Having the opinion that no-one will ever better the Bard of Avon, I also believe that Byron's poetry is over-revered and to my mind should be flung on the back burner, and this dramatisation of his life should be accorded the same treatment.<br /><br />I think the BBC lost its nous with this one",negative
"BROADCAST NEWS opens with a series of brief vignettes that are a clever way of starting a story about TV anchors who have no clue as to what they're reporting about.<br /><br />At a speech before a group of would-be reporters, all of whom are bored by her presentation, most of them leave. When the last one exits, the co-host of the event says quietly to HOLLY HUNTER: ""I don't think there will be any Q&A."" Subtle line in a brilliantly written low-key comedy, a farce about the show biz aspect of TV anchoring.<br /><br />WILLIAM HURT is the inept news anchor who finds himself working with HOLLY HUNTER as the network anchorman. Hurt badly needs help in remedial reporting and Holly refuses to take the bait--at first. He knows he's only capable of looking good, but is not a reporter. He proves to be a quick study as long as his earpiece is working and he's getting all the straight info from executive producer Hunter.<br /><br />Holly's other anchor friend (ALBERT BROOKS) helps by feeding her information she passes on to Hurt. Of course she becomes conflicted about her feelings for ace reporter Brooks and equally strong attraction to the pretty-boy anchorman Hurt, who's having his own dalliance with a pretty staff member.<br /><br />You have to wait until twenty minutes before the film ends to find out which man she'll end up with. Brooks tells her that Hurt is the wrong one because he represents everything she's against. In this unpredictable comedy, there's no telling who Hunter (the neurotic heroine) will end up with.<br /><br />Fittingly, HOLLY HUNTER, WILLIAM HURT and ALBERT BROOKS were all nominated for Oscars (Brooks in supporting role), as was the film itself and director/writer James L. Brooks. All in all, seven well deserved Oscar nominations.<br /><br />The script doesn't opt for a conventional happy ending--and, in this case, that's the only flaw for the brilliant screenplay. I felt cheated and somewhat let down by the wistful conclusion.",positive
"Just saw the World Preem of Fido at the Toronto International Film Festival and thoroughly enjoyed it. Here we have a welcome reworking of a genre widely thought to have been pioneered (certainly 'fleshed out' extensively and successfully) by George Romero. But this is a Canadian film by a Canadian Director and it's a Comedy! And, YES, I actually think it is better than 'Shawn of the Dead'. Thoroughly believable and, perhaps even more importantly, enjoyable performances by Dylan Baker, Carrie-Anne Moss and young actor K'Sun Ray, whom I suspect we'll be seeing a lot more of in future features. However, I must confess that I most enjoyed the delicious turn by Tim Blake Nelson as neighbour Mr. Theopolis, essentially playing a willing animated version of Victor Van Dort from the Corpse Bride (or, for those who've seen the film, wouldn't that read even better here as the Corpse Pride?) and, of course, Scotch actor Billy Connolly in his least animated, yet somehow deeply moving role as the titular character. Just think, he would not have gotten this role had it not been for Peter Stormare's commitments to Prison Break (as was revealed in the Q&A following Thursday night's screening). I can't help but speculate that the Screenwriters must have drawn a lot of inspiration from Day Of The Dead's Zombie 'Bub'.I am not keen on ever revealing plot details during a Comment and I won't start now. Suffice it to say that Fido is NOT one of those dour, graphically gory Zombie films you can rely on from Romero. Rather it is a film that will have you constantly chuckling and, although (and I did have to think back carefully to be sure) there is a fair dose of blood-letting and violence, the delectable humour, so well enhanced by the surreal milieu created by Director Currie and his co-screenwriters, goes a long way towards making this seem like a feature that ought to be rated PG-13. I urge you to go see this little Canuck gem. I'll certainly be buying the DVD once it emerges hopefully by next Summer.",positive
"Most movies I can sit through easily, even if I do not particularly like the movie. I am the type of person who recognizes great films even if I do not like the genre. This is the first movie I could not stand to watch. Cat in the Hat is the worst movie I have ever seen--and I've seen a lot of movies. The acting is okay (Myers is good as the cat, it's just that he is REALLY annoying). The silly songs the cat sings were boring and monotonous, even for the children in the audience. The plot drags on and on, and viewers must suffer through poor dialogue. The ""witty"" parental remarks are disgusting, not funny (I remember some awful comment about a garden hoe being compared to, well, a type of person people call a ""ho""). Even though the movie is really short, it seemed to last FOREVER. Do not waste your time. I know small kids who hated this movie. If children can't stand it, I do not know how any adults can. I would like to fume more about this film but I do not even feel like wasting anymore time writing this review about it. I HATED IT! So, in summary, do not spend 90 minutes of your life watching this! See a GOOD movie!<br /><br />1/10 stars--the lowest review I have ever given a movie.",negative
"My mother forced me to watch this movie with her. She apparently will watch anything with a vampire counsel in it. I was bored throughout.<br /><br />At different points, Underworld: Rise Of The Lycans is reminiscent of Spartacus, Battle For The Planet Of The Apes, The Passion Of The Christ, and Mandingo! What it reminds me most of are those Italian sword and sandal pictures of the nineteen-sixties (not the good ones) that spend an inordinate amount of time showing Greek or Roman despots in robes talking and plotting incessantly while you wait impatiently for the muscle man hero and his lover, usually the despots daughter, to do something.<br /><br />This film was in desperate need of some color and suspense. The characters were pretty two-dimensional.<br /><br />The sets looked as if they were constructed entirely of pewter! I wonder how many Civil War Chess Sets were melted down to make this movie.<br /><br />All those wearing fishnet stockings on your arms and black lipstick, feel free to click NO.",negative
"This movie is not schlock, despite the lo fi production and its link to Troma productions. A dark fable for adults. Exploitation is a theme of Sugar Cookies, and one wonders if the cast has not fallen prey to said theme. A weird movie with enticing visuals: shadows and contrast are prominent. Definitely worth a look, especially from fans of Warhol and stylish decadence. Through all the cruelty and wickedness, a moral, albeit twisted, can be gleamed.",positive
"A surprisingly complex and well crafted study of ""The First"" serial killer in the USSR. Set in the days of perestroika this intense piece is brought to full life with the performances of Stephen Reah and Donald Sutherland.<br /><br />This examination of Cicatillo as a killer is well rounded and by hinting at some of his behaviors while out right showing others there is a subtlety that is compelling without being overtly graphic. Not for the weak of heart however as it's subject matter is often disturbing but necessary to it's full development of the main participants in this fact based story.<br /><br />HBO has furnished us with an excellent film in an unusual manner. Congrats to the director and editor of this great piece. It is in my Top 10 Must see list.",positive
"I've been looking forward to the release of this movie since I first heard the concept two years ago, and I was not disappointed. I won't bother summarizing the story since everyone else has, but I will say that it was just plain entertaining throughout. The performances were great, as was the music, and the main characters were likeable.<br /><br />My only complaints are: (1) the story was definitely lacking; the movie wrapped up very abruptly- in fact the writing became pretty lax in the second half, as though the writers weren't sure what to do with the plot. Since the plot wasn't nearly as important as the music and the action, this didn't really affect the entertainment value of the film, so this is not as major a complaint as it would seem.<br /><br />(2) This is really nitpicky, but the music that the characters in the movie were listening to was sometimes dated after 1985, when the movie was set. INXS' Devil Inside was from 1987 and AC/DC's Are You Ready was from 1990, among other mistakes. This bothers me a bit, since they obviously went to lengths to make a good period piece, they could have checked the copyright date on these songs to make sure they were 1985 or earlier. Again, not a big deal.<br /><br />Oh, I thought of something else that was strange. The Steel Dragon band members were supposed to be English, but for some reason Dokken bassist Jeff Pilson and Ozzy guitarist Zakk Wylde played band members, and they each had a couple of speaking lines in AMERICAN accents. That was kind of lazy also, but it was still cool to see actual musicians playing musicians, so I will forgive that as well.<br /><br />I could probably nitpick all day, but I don't want to give the impression that this wasn't a super entertaining movie. I will probably buy the DVD when it comes out, and I will certainly buy the soundtrack CD simply for the six Steel Dragon songs (some of which were sung by the singer from the band Steelheart, if you remember them!). The highlight of the film was possibly a great outtake where Mark Wahlberg is lipsynching to a rock song on stage and suddenly someone plays ""Good Vibrations"" by Marky Mark and the Funky Bunch. The surprised look of Mark's face is priceless. Classic rock and roll flick! Score: 8/10 due to extreme entertainment",positive
"Okay, I am a fan of the Nightmare series and everyone says on here that this is the worst! But it's NOT!!! Haven't's you seen Freddy's Revenge??? WTF! That was the worst of all!!! Now this movie is pretty decent and it sticks to the Freddy story and it's cool that he had a daughter etc. etc.<br /><br />And then I found out it was in 3-D!!! I was so excited, I remember when I saw it on the DVD box set I instantly skipped to the 3-D sequences. Quite a lot was in 3-D though like Lisa Zanes hand, Dream Demons, Freddy's Claw (more than once), Lezlie Dean holding a knife, Lisa Zane with a Baseball Bat, Doc's hand, Freddy's head exploding.<br /><br />I truly loved this movie because it was in 3-D, but I wish the whole movie was in 3-D not just the last 15 minutes.<br /><br />By the Way it's 15 minutes NOT TEN!!!!!!!!!!!!!!!!",positive
"- A newlywed couple move into the home of the husband's dead former wife. It's not long before the new wife begins to have the feeling that someone doesn't want her in the house. She sees skulls all around the house. But when the husband investigates, he can't find anything. Is someone trying to drive her back to the asylum that she was recently discharged from? Or, is the ghost of the dead wife trying to get the new wife out of her house? <br /><br />- This is the first time that I've watched The Screaming Skull without the assistance of the MST3K crew. And, it will in all likelihood be the last time I watch it this way. Can you say dull? I'm not talking ordinary dull - I'm talking watching grass grow dull. There are great stretches of the movie where nothing happens. The screen could have gone blank and I would have gotten as much entertainment out of it. The characters drone on and on with the most monotonous conversations imaginable. The Screaming Skull could probably be marketed as a sleep aide.<br /><br />- The actors don't help matters much. Most of them deliver lines with the conviction normally reserved for a grade school play. I haven't looked it up, but I would be shocked to find that anyone associated with this movie ever appeared in anything of cinematic value. I won't even go into the script the actors are given to work with. Let's just say that the characters are given some of the most idiotic lines ever uttered on film.<br /><br />- You've been warned! Either avoid this one at all costs or, at least, seek out the MST3K version.",negative
"I still can't believe that Wes Craven was responsible for this piece of crap.This movie is worse than ""Deadly Friend"".The plot is stupid,the acting is mediocre and the film is deadly dull.I don't know why Wes Craven hates his debut ""Last House on the Left""-an absolute masterpiece of the genre and likes(probably)this turkey.Don't get me wrong,I really like some of his movies,but it was a real torture sitting and watching this.",negative
"The whole point of making this film, one of the earliest and best international color releases of cinematic opera, was to make it more accessible to the masses. And it succeeded admirably in doing so. The general public would not sit still for a love story about two young exotic lovers in ancient Egypt if played by the typical 300 pound over 40 tenor and soprano with the vocal equipment to sing the glorious music properly. Hence the visual substitution of the beautiful principals (a young Loren, handsome Della Marra, and a slinky Ms. Maxwell)who make the story much more believable, giving those not familiar with the plot or the music a better chance at being wooed into the lovely arias who otherwise might not be. Altogether, an enchanting introduction to one of Verdi's great works. I remember seeing this when I was in junior high school and it certainly awakened my interest in opera, a form with which I was then not well acquainted. I still regard this film fondly and would recommend it highly to those who might appreciate the great music accompanied by better than average visuals. Luciano Della Marra was a standout as Radames, and unfortunately for audiences did not appear in any other films.",positive
"1st watched 12/24/2009  4 out of 10 (Dir-Robert Ellis Miller): Emotional Christmas fluff that doesn't really get specific enough to explain how the real story happened in this factual-based incident of a man who is wrongly put in jail trying to get a job for his family to make Christmas happen for them. The three kids in the family then run away from home on a trek to Washington D.C. to enlist the then President of the United States, Herbert Hoover. This trek provides some side stories like their positive encounters with a hobo and a puppeteer, which makes the story kind of like a Disney ""animals on the run"" movie and doesn't quite fit here. At the ending, there isn't any details given as to how the President helped the family and this is another downpoint to the movie, in my opinion. The movie does eventually bring tears, but it takes too long to get to this. The movie isn't supposed to have been an original TV movie(according to IMDb) but it has the obvious fade-outs that make it look this way  so I'm not sure their information is accurate. All in all, this is a simple movie(that could have been more complex) with a happy Christmas-like story but blandly played and without a lot of substance.",negative
"A labor of love. Each frame is picture perfect and grabs you. Then the sheer emotion and story-telling take you through a dream that stays with you long after the movie. The director gets your heart and leads it through 100 minutes of visual poetry. You are a part of the emotional ride of the characters. I have seen this movie at 2 festivals and it got with standing ovations at every showing. The remarkable story-telling transcends nationality and language and I felt I was a part of the drama unfolding before me. The casting is as perfect as one can get. Vijay Raaz, Camille and Benoit each hold their own. <br /><br />I strongly recommend this film to everyone who appreciates good cinema. I can't wait for the commercial release of this movie.",positive
"I had completely forgotten about ""Midnight Madness"" until just now when I found it while surfing the IMDB. Now, it's all coming back to me....<br /><br />It was one of Naughton's first movies (as well as Fox's) and sharp-eyed connoisseurs will also pick out Kaplan (Henry from TV's ""Alice""), Fiedler (he does the voice of Piglet in the ""Winnie the Pooh"" cartoons) and Blocker (son of Dan ""Hoss"" Blocker from TV's ""Bonanza"").<br /><br />But the two that stand out in my mind are Furst (from ""Animal House"") and the superdude himself - Eddie Deezen. Furst plays a baddie this time out and has one of the best scenes when he asks his dad, ""Why can't you just accept me for who I am?"" His dad looks over his obese, slovenly frame and gives a simple, one-word response - ""Yuck!""<br /><br />And Deezen... well, he's a show in himself. As a latter-day Jerry Lewis he stumbles around, wades through mini-golf ponds, puts melon halves on his ears and ends up having Maggie Roswell fall for him. My hero.<br /><br />As for the film, it's typical early-'80s stupidity with college kids staying up after curfew and going on a city-wide scavenger hunt to prove which division of students is the best on campus: the jocks, the nerds, the rich kids, the feminists or the group made up of a little of each. <br /><br />Who wins? Who cares, you'll have a lot of fun watching Disney Pictures' first foray into PG territory before creating Touchstone Pictures.<br /><br />Seven stars. Catch ""Midnight Madness"" any way you can!<br /><br />Long live Leon!",positive
"What can you say about this movie? It was not terrible, but it was not good! Two days earlier I had watched Lillies and that was one of the best Gay films I have ever seen. So this was not the best time to watch a mediocre Gay flick.<br /><br />The story was silly and the acting was OK. It was not bad enough to turn off, but it had some bad moments and some terrible stereotyping. It was not very well cast either.<br /><br />Would I recommend this movie? No you would be wasting your time and money. I don't understand why movies like these are made and who is funding them. Spend your time Watching Noah's Arc on Logo instead. I think this is where this movie was trying to go but never got there.",negative
"Calling all D-sciples! Grab your friends, hit the theater and see the hell out of this movie. From the opening sequence until after the credits you'll be laughing your self breathless. <br /><br />This movie is a wild ride through the history of the D, and not just some bull-crap list of the things they've done, but a chronicling of their rise to power. I am a huge fan of Rage Kage(Kyle Gass) and Jables(Jack Black), so naturally I loved the movie. <br /><br />It helps to know about the show they had, and their first CD, but it's just as funny if you don't. From the hilarious and vulgar lyrics, the rocking rhythms, the massive amount of pot smoking, and the cameos, down to the outright insanity that is the story line, this is a movie for D-sciples and newbies alike. <br /><br />Many of their songs are referenced, such as Two Kings, Tribute, and Kielbasa to their many audio tracks like Cock Push-ups, every fan in the audience will be saying I remember that as well as new comers saying ""That's F'ing hilarious!."" I highly recommend this movie to any body that's ever rocked out. This movie is certainly in high competition for being the next ""This is Spinal Tap."" One of the best ever.",positive
"IT SHOULD FIRST BE SAID THAT I HAVE READ THE MANGA AND THEREFORE MY ARGUMENT IS BASED ON THE DIFFERENCES.<br /><br />This anime greatly disappointed me because it removed the comedy and high quality action of the manga and OVA. What it left behind was merely a husk of what it could have been. Many of the characters lacked the depth that is seen in the manga. Alucard is not the sympathetic character that secretly wishes for death. Walter's story lacks the betrayal. And the Nazi villains that plot to engulf the world in war are completely absent. Instead, the anime provides the Gary Stu villain Incognito who is defeated against what appear to be all odds.<br /><br />My primary complaint is not that the anime diverges from the manga, but that it does such a poor job.",negative
"I am a massive fan of the book and Orwell is certainly my favourite writer ever since studying Animal Farm at GCSE. I bought the DVD out of sheer curiosity, Burton is an actor I hold in high regard so when I heard that he played the role of O'Brien I was swung.<br /><br />I watched the trailer on the DVD first and some fears started to set in, mostly regarding the frankly terrible ""Theme song"", hearing the Eurythmics mechanically shouting ""1984!"" over and over again to an electronic beat is as bad as it sounds.<br /><br />The acting on a whole is pretty good, Burton and Hurt play their roles well and the tension that exists in the Ministry of Truth towards the end can be felt, especially in the harrowing Room 101 scene. However this is also where the movie is let down. The movie spends too much time focusing on the Love affair between Winston and Julia, which frankly isn't what Orwell was writing about. He was writing about a harrowing future, about how Ingsoc build up a mans beliefs and then shatter them all in the name of him being made to love Big Brother. The movie skips over what is essentially the most important part of the book, Winstons coming to terms with his position in life and the world, and his re-education via O'Brien.<br /><br />The comment on IMDb at the moment states that the movie sticks to the book is completely incorrect. Julia is not present when Winston visits O'Brien, they do not commit themselves to Goldstien's Brotherhood and confess their crimes. There is no obvious mention of the initial instances where Winston finds the article with the Unpersons but it does get mentioned near the end, if you have not read the book it is completely confusing.<br /><br />A terrible screenplay, which some excellent acting cannot rescue. Michael Radford seems to have completely missed the point Orwell was trying to make, and the electronica sound track is frankly terrible.",negative
"Someone should teach the people who made this movie that there is a difference between ""presenting multiple twists"" and ""screwing the audience over"". They even use hypnosis as a tool to cover up the plot holes; whenever they can't find their way into or out of a scene, they just say ""she is regressing to her past now"" or ""she's snapping out of it now"", and they think that explains everything. This movie is a dishonest cheat and in the last 20 minutes becomes a full-blown fiasco. (*1/2)",negative
"About the baby: Why wasn't big brother assuming he'd be hungry for a bottle or some nourishment or a diaper change? He should have been screaming non-stop after that many hours without care. Definitely stupid to take the baby from a safe place when he didn't need to.<br /><br />And why was the road miraculously clear whenever anyone wanted to drive somewhere? Didn't any uprooted trees fall on the roads and block them?<br /><br />I can't imagine the cops at the roadblock not immediately following after any young person who would crash it, especially when they said it was dangerous to go there.<br /><br />That being said, it was nice to have a movie children could safely watch, for a change.",negative
"Humphrey Bogart clearly did not want to be in this film, and be forced to play a part-Mexican or he would have been suspended. Believe me , he made the wrong choice! Presumably, after the success of ""Dodge City"", Warners tried a follow-up with Errol Flynn and his usual list of buddies, like Alan Hale, Guinn (Big Boy) Williams, Frank Mc Hugh and the ever-present John Litel, but they made the huge mistake of trying to present Miriam Hopkins as a love interest for Flynn v. Randolph Scott, and as a singer to really make things bad, because she proved one thing, and that is she cannot sing. The story was not too bad, but with Bogie clearly miscast also, it turned out to be a poor Western that was overlong, and on a low budget, but in fairness, color would not have helped.",negative
"A ""40 foot long"" giant mutant squid with five tentacles, razor fangs and the ability to reproduce it's own cells terrorizes a small Florida town. Various marine biologists, doctors and cops plot to kill it. Meanwhile, a human monster named Miller offs people who discover the ""Devilfish"" is a manmade creation used for the greedy benefit of some evil doctors! Miller attacks a female researcher, strangles her, drowns her in the bathtub, tosses in a hairdryer, then rips the panties off her dead body!<br /><br />Lots of false alarms are set when our heroes Peter, Stella, Janet and Bob set out on a high tech (high tech for 1984, anyway) ""Seaquarium"" boat to catch the creature, who is frequently seen in close up or hilariously obvious speeded-up film to seem more menacing. And only fire can destroy it, which leads to a flamethrower-armed posse vs. aquatic beast finale.<br /><br />This JAWS cash-in is pretty tame (other than a legless corpse and a decapitation) but watchable and benefits from an excellent Antony Barrymore score and a decent (again, for 1984) monster design. Luigi Cozzi and Sergio Martino wrote the original story.<br /><br />Score: 4 out of 10",negative
"This is a gently amusing coming-of-age comedy that comes from the later, more mature period of Neil Simon's writing. Although there are plenty of wisecracks to go around, this is not one of those Neil Simon pieces where every character spouts out one-liner jokes for 2 hours like they're guest stars on a Bob Hope special. There are also dramatic elements (some work, some are overkill) that lend some weight to the story.<br /><br />The performances are good across the board, especially Blythe Danner as the mother (although she and Judith Ivey were oddly WASP-ish choices to play Jewish women). I've never been a fan of Jonathan Silverman, but I will say that he hits the right notes as the obnoxious, gawky, and totally horned-up teen-age narrator/protagonist of the story.<br /><br />The movie is very similar in tone to Woody Allen's ""Radio Days,"" but the latter is far more imaginative and funny than this one.",positive
"(aka: The Bloodsucker Leads the Dance)<br /><br />Lots of naked babes in this one with a couple of lesbo scenes thrown in. The film is supposed to take place in Ireland but it looks more like Rome and the Adriatic to me.<br /><br />Gothic lesbians get invited to a Count's island castle for the weekend. One by one they seem to be missing their heads due to a madperson running around.<br /><br />It's not very scary or bloody and the rooms look like they are lit with floodlights even though candles are lit. Go figure...(sic)<br /><br />Dubbing is worse than usual and the plot only serves as an excuse for the eroticism and nudity. Directed by euro horror actor Alfredo Rizzo, this is one snoozer.<br /><br />Pretty boring 2 out of 10",negative
"Men, do I love police movies filled with action, shooting, chases etcetera.<br /><br />Boy, was I let down after watching this short and unsatisfying movie. We've seen it all before, the hostages, the bank, the surrounding... Yet, 2 bad guys that shoot down multiple officers and innocent people who simply stay in the line of fire - without getting hit due to some Kevlar.<br /><br />Not just a few shots, no, hundreds of shots. Going back into the bank, where the dumb hostages didn't lock the safe or doors when the bad guys went out. How stupid did the director think we'd be.<br /><br />Okay, the shots in between that fake a documentary were good, but after seeing the film I only got the thought: why didn't the police get a decent shooting course? And why where there so many cops and was SWAT on a real long break. Truly bad.",negative
"Soldier isn't a great movie, and everyone that hated it has plenty of good reasons. But I liked Soldier alot, partly because my expectations were so low that what I saw surprised me.<br /><br />First, the art direction is tight and well executed. As far as science fiction backdrops go, Soldier was doing things with more design then 90% the genre. The sets, costumes and props were all consistent and competently executed; I didn't love all of their future military style, but I was impressed with the effort. For me, this made the movie worth the time it took to watch.<br /><br />Second, I'm a Kurt Russell fan. I grew up watching this guy in some of the most memorable movies of my youth ... The Barefoot Executive and his John Carpenter films. Soldier is essentially an action movie, and the role of Sergeant Todd is an essential action hero. It's not an award winning role, but Kurt musters up convincing emotion with VERY little dialog.<br /><br />Third, the fight scenes and battles are well choreographed. This isn't iron monkey, or even the matrix, but once again, it far exceeds the average level of quality in the genre.<br /><br />If you haven't seen it, and you like sci-fi action films, pick it up if you pass at your rental depot of choice. Just don't expect the next Bladerunner.",positive
"A brilliant Russian émigré devises the Stanislavsky' system for winning at contract bridge - which makes him and his beautiful wife the GRAND SLAM Sweethearts of America.<br /><br />What could have been just another silly soap opera is elevated by fine production values & excellent acting to the status of a very enjoyable little comedy. A few unexpected touches are thrown in to keep the viewer's attention engaged - the way in which the principle cast is introduced as faces on a deck of cards; the introduction of a zany acrobat into the plot for no other reason than to enjoy a bit of lunacy; and the way in which a wide variety of different kinds of Americans are shown to be transfixed by listening to the broadcast of the concluding game.<br /><br />Paul Lukas & Loretta Young do very well as the Bridge Sweethearts - Lukas suave & sophisticated and Miss Young passionately loving and beautiful (even if the script keeps her puffing on a cigarette a bit too much). They are fun to watch, even when their behavior is not always the most believable or compelling.<br /><br />Frank McHugh gives another good performance as a relentlessly cheerful ghost writer who adores Miss Young. The delightful Glenda Farrell eschews her customary wisecracking persona in a small role as McHugh's ditsy gal pal. Roscoe Karns handles the fast-talking dialogue as a brash radio announcer. Diminutive Ferdinand Gottschalk is wonderful as a snobbish bridge expert.<br /><br />Movie mavens will recognize Dewey Robinson as a belligerent nightclub patron; Emma Dunn as a sob sister reporter; Paul Porcasi as the owner of the Russian nightclub; Charles Lane as a Russian waiter; and Jimmy Conlin as a kibitzer at the final bridge game - all uncredited.<br /><br />The film takes advantage of the fad for contract bridge which had swept across the country since its development in the 1920's. It expects the viewer to have a basic knowledge of the intricacies of the game and makes no attempt to explain anything to the uninformed.",positive
"Now days, most people don't watch classic movies, such as this. Most of friends only watch movies from the '90s to present. Thats kinda stingy. <br /><br />Most old movies like this are masterpieces, unique in their own way. Only because, back when these movies were being thought of and made, thats when ideas were fresh. Now people strain just to think of new ideas. <br /><br />Anyway, to the movie. For true fans of classic horror. This is for you. The movie is based with a investigator from Scotland Yard investigating the disappearance of an movie actor, and stumbles on to three other strange occurrences with past residents of the same house. <br /><br />I won't say anymore, for I will ruin the movie more than I already have. But it is a terrific movie for as old as it is. And would never mind watching it again!",positive
"I really have problems rating this movie. It is directed brilliantly, there is obviously a lot of money in it. Gere and Danes are intense (although her screen personality could use a bit more defining and spicing up), editing and cinematography are excellent. On the other hand, it is one of those really really sick movies where one cannot help but wonder whether the director himself likes to stage specific scenes, and, yes, one cannot help but wonder how many copycats will such a movie inspire.<br /><br />In purely artistic terms, it is a 9, but I really have to ask myself who these people are giving their money to produce such a movie ....",negative
"Seeing this movie, as I just did for the first time on Turner Classic (which lists it as ""Dangerous Female""), can only multiply your appreciation for the 1941 Bogart-Astor version. Ricardo Cortez must have been getting paid by the smirk. I hope he remembered his dentist and his Brylcreem salesman in his will; they made him the actor he was. The women are all good, but no better than that. Well, Una Merkel is a little better. More interesting are the ""original"" Joel Cairo and Mr. Gutman, who competently deliver many of the individual tics but almost nothing of the set-changing atmospherics of their successors in the roles, Peter Lorre and Sydney Greenstreet. Humphrey Bogart and Mary Astor somehow transcended the essential seediness of their characters in the remake; here, Sam Spade and Ruth Wonderley(!) can't. <br /><br />This movie doesn't exactly stink; it lies there like a big slice of ham. Its chief value today is as a reminder that great movies like the '41 ""Falcon"" don't just happen. On the 1-to-10 scale I rate it a 4, mainly for the camera work and the supporting players.",negative
"Oh dear. I was so disappointed that this movie was just a rip-off of Japan's Ringu. Well, I guess the U.S. made their version of it as well, but at least it was an outright remake. So, so sad. I very much enjoy watching Filipino movies and know some great things can come out of such a little country, so I can't believe this had to happen. Claudine and Kris are such big names there, surprised they would be affiliated with plagiarism. To any aspiring movie makers out there in the Philippines: You do not have to stoop this low to make money. There are many movie buffs that are watching the movies Filipinos put out and enjoying them!",negative
"Boston legal has turned its tail and is headed for the barn door and th pig slop it has created! When this show first aired almost four season back it was a humorous slap at the legal system which all actors seem to take pride in portraying. It was funny, diversified, and to some extent factual. The characters portrayed were acceptable and to an extent real in their portrayals. The sexual comment and activity were limited and humorous. Julie Bowen is and was beautiful as in other series she participated but is now dragged to the lower depths of Media programming of sex and violence. Julie is an excellent actress and needs a more stable platform than this ""production"". Rene Adjurdubois Is an excellent actor who has from the days of ""Benson"" to this production held his own in the field of entertainment, always showing the humor and respectful acting of the production. Captain Kirk ""is"". Funny and humorous is Candace Bergan and is to be admired for her continuing in this production and is a good actress. James Spader, there is no doubt in his acting ability, however he should go back to his XXX origins such as ""Crash"" as it appears he has much talent and inclination in that direction. We ask that this series be trashed as it already is and its really starting to smell!!!",negative
"This movie is very much like ""Flashdance"", you know that dance flick with Jennifer Beals. That film is probably the most boring film I have ever seen since it's not even bad enough to be funny. ""G.I. Jane"" is much better than that film, but that doesn't say much. Here Demi Moore sweats a lot and there's high music and we get to see her fight and everything, but it is certainly not very engaging. I really think the idea behind the film is kind of interesting, but the script is too clichéd and Ridley Scott can't do anything about that. Well, like I said... It's better than ""Flashdance""... (4/10)",negative
"William Shakespeare's plays are classified as comedy, tragedy, or history. Some of his most memorable --and most often read -- creations provide us with wistful humor, gentle poetry and hilarious slapstick. Some of them survive as unforgettable dramas of compelling depth and gravity. Regardless, he was able to write with unparalleled skill and inventiveness, contributing greatly to our young language. So in what category lies The Merchant of Venice ? I was very surprised to find it is one of Shakespeare's comedies. I had never before read it nor seen it, but after watching this most recent film version I have decided it is neither and it is both. This is one of many questions the viewer must try to answer when coming to terms with what is clearly a perplexing and deeply troubling moral tragedy.<br /><br />The players are introduced quickly, and simply. One of them, firstly, is Venice itself; director Michael Radford filmed the Venetian scenes in the actual city, creating an impressively vibrant, bustling backdrop to the play's proceedings. To this scenery enters the youthful Bassanio (Joseph Fiennes), returning to Venice to see a dear old friend, Antonio (Jeremy Irons). It seems the poor Bassanio has heard of a princess whose father has died and has left to any potential suitors a lottery of sorts. Waiting at the fair lady's island estate are three small trunks, <br /><br />only one of which contains ""images of the princess"". He who can guess the right one, using only blind intuition and the cryptic teasers written upon them, will be bestowed the father's huge fortune for life. Oh, and his daughter and her eternal love in marriage, I forgot to mention. Here the light comedy of Shakespeare takes over the movie. This farcical plot element drives the story and also fills up much of the film's screen time, as a number of painfully eager opportunists arrive at the island, humorously vying for and failing to earn this very wealthy hand in marriage. But before any of this occurs Bassanio, very much lacking in finances, entreats Antonio to loan him three thousand ducats to pay for the lengthy journey he must take to have his shot at the prize. <br /><br />Antonio, himself nearly penniless, must reluctantly embrace humility by seeking the financial aid of Shylock (Al Pacino), one of countless Jewish usurers who keep the sagging economy afloat yet are scorned and persecuted to no end by the city's zealously Christian majority. Thus they dwell in society's underbelly, and it is here the two borrowers must go. Shylock does not hesitate to remind the two men of a certain incident where Antonio insulted and spat on him in the city market, and he proudly rebukes this man who frankly has a lot of nerve now coming to ask for help. But help him Shylock does. He even erases any kind of interest on the loan, most likely feeling he has no reason to be concerned if Antonio will be able to repay him within three months. Still, Shylock's one contractual demand is a pound of Antonio's flesh, should he renege on their agreement. This is an unsettling request, to be sure, for Antonio and Bassanio as well as for us. But it appears that despite his justifiable pride Shylock does not really anticipate seeing such a gruesome act occurring. <br /><br />So here the dramatic groundwork has been laid. And while the film goes off to explore its gentler side with its love lottery and mistaken identities, there still looms the gloomy prospect of the loan itself. In the end, what will become of this ominous agreement? Meanwhile we are left at turns to explore the true central character of Shylock. Al Pacino has ample dramatic weight to carry here, and he does so with convincing grit and passion. There are times when he is given room for the theatrics we have come to expect from such a colorful actor. But his most impressive scenes are the ones where he internalizes this energy, showing a conflicted personality: honest, sincere, and proud, yet brooding, vengeful and entirely remorseless. This is one of Pacino's most heartfelt performances to date. And while the rest of the cast play their roles creditably and convincingly, it is Pacino who really owns the film -- especially toward the end, when Shakespeare upends this seeming romantic comedy with a wallop of a third act.<br /><br />I shall not reveal much here; all I can say is that it involves the initial loan -- a mighty shoe one expected would drop sooner or later. And does it ever. By the end Shakespeare has raised a host of dilemmas for his audience: seemingly unresolvable questions of faith, morality, law, and mercy are thrown before us through the final scenes, and while by curtain's close the playwright's position may seem clear to some, we are left completely at odds. There are winners and losers in this one, but have the winners earned their spoils with good reason, or have they in a larger sense ended out losing as well? Has virtue been rewarded, or simply flouted? Has justice in fact this time been just? By the play's finish some fates are painfully clear, and unequivocally sealed. But the audience are to be the ones who really decide the verdict for all of those involved. And for some the verdict is still out for the play as well. Comedy or tragedy? The author has cunningly veiled the intense courtroom finale with an ending of light mirth and pat romantic resolutions. Is he saying that all is well that ends well, or is this his final, ironic condemnation? The play's humor serves to set us up nicely for such a heavy crash. And while it is also what unfortunately keeps The Merchant of Venice from achieving the greatness of so many of Shakespeare's other works, it is still engaging, amusing, and thought-provoking beyond measure.",positive
"I too saw this movie when it first came out. I was a teenager at the time, and I saw it with my girl friend who later became my wife. I remember the movie made me feel it was possible to beat the odds. The cinematography was very well done if memory serves me correctly. The boy was a little much, but the girl character was very interesting. I thought it was very romantic and that might have been the intro to the first time with my then girlfriend. I have not seen the movie since and I wander why it has gone to the wayside. I would love to watch it again to see if it was as good as I remember. The Elton John sound track was excellent.",positive
"The movie starts out with a bunch of Dead Men Walking peeps sitting in individual cells, waiting for their inevitable meeting with death represented by the electrical chair.<br /><br /> Then our ""hero"", who is called Tenshu, is taken to the chair, he's zapped, and then....he's still ""Alive"". AHA ! He is given a choice by some creepy military guys who look really cool : Either we zap you until we've made sure you're actually dead OR you can walk through this door and take whatever destiny might lie ahead of you"". Our hero says yes to option 2, and then the actual story commences.<br /><br /> He wakes up in a different sort of cell (very high-tech and very big), where he finds another cell-mate, who also managed to survive the electric boogie-ride. A voice in the speakers tells them that they are free to do whatever they wish, as long as it happens within that room. Sounds a little suspicious, but the two men accept : What else can they do ?<br /><br /> What these two men do not know is that they have been set together, so they can awaken an inner urge to kill within them. Basically the unknown scientists in the background p**s them off until they decide that they should kill each other. Sounds weird ? Indeed, but there's a greater purpose to all of this. THIS is the part which should not be revealed, and so it shall remain unrevealed.<br /><br /> But fear not, it is the unknown that lures the viewer to watch more of this pseudo-action movie, fore it has an entirely different approach to the question : How long time can you stand being with a man who's an S.O.B. and would you kill him to obtain freedom ?<br /><br /> The first hour is basically trying to awaken your interest, it sneaks up without you actually knowing it. Then it becomes a roller coaster ride with WILD Matrix-like action fight-scenes with a touch of individuality to honor the comic book from which the movie is based upon.<br /><br /> The movie is indeed very special, so special that normal cinemas won't view it under normal circumstances. However, the story is fascinating, the music is fantastic, and the actors do their bit (some more than others) to make the movie truly unique.<br /><br /> If you should be so fortunate that your cinema or video store has it, watch it, and enjoy the fact that not everyone is trying to make mainstream movies to earn huge bunches of cash.<br /><br />",positive
"I think One True Thing is one of Meryl Streeps finest movies to date. Her depiction of a dying woman is perfect. I have recently lived this movie, and it touched me on more levels than I could have imagined. Meryl is truely the greatest actress to have ever walked the earth!!!!!",positive
"Low-budget murder mystery about a Public Defender trying to clear his client of a murder the man had been convicted of 12 years previously. Complicating things is the fact that he escaped custody after his conviction, but the PD believes the man to be innocent of the murder and works to find the real killer. Gig Young as the PD is okay, and James Anderson as the convicted killer is actually pretty good, but the picture as a whole just rambles along with little suspense, and despite some good character actors in the cast, the performances are generally below par. Director George Archainbaud was apparently more at home making westerns--he was churning out Gene Autry's TV series at Columbia at around this time--but even if he had tried to inject any liveliness into this picture, the hack script would have defeated his attempts. Average at best, the film climaxes with a courtroom scene that's straight out of an episode of ""Perry Mason"" and is just as predictable.",negative
"""Look, I know this may suck right now, but pain is temporary, film is forever. Whatever you do right now is burned into celluloid for all time and for thousands of years to come.""  Robert De Niro<br /><br />This was initially a film for Steven Spielberg, the director hiring several screenwriters to adjust the screenplay so that it more suited his themes. And so we have a dysfunctional family that is threatened by a deranged monster in the form of a recently released from prison Robert De Niro. Like ""Jurassic Park"", ""Poltergeist"" and ""War of the Worlds"", the dysfunctional family bands together to defeat the beast, the beast being the creation of the father, a lawyer who failed to defend De Niro during his trial. <br /><br />In typical Spielberg fashion, the father kills the monster that undermines the family and is then promptly absolved of his sins. Like Oscar Schindler, Robin Williams, Sam Niel, Tom Cruise and virtually every ""daddy"" figure in Spielberg land, the father reclaims his paternal duty in the kind of bittersweet coda that Spielberg so enjoys.<br /><br />But Spielberg eventually abandoned the picture and the project was instead turned over to Martin Scorsese, who at the time was seeking to try his hand at more commercial fare. The result is arguably the worst film in Scorsese's filmography, and, ironically, his most illuminating.<br /><br />An artist's failures or misfires are often very revealing, exposing the inner workings of their art. When the story doesn't work, the characters don't connect or the images don't sear, we find ourselves left with a kind of inner core. This  the remaining carcass- is what the director's cinema is about.<br /><br />Now ""Cape Fear"" is an impersonal film, so we won't find any thematic connections to the rest of Scorsese's filmography (""You already sacrificed me!"" De Niro yells, but the films themes of Catholic redemption are cookie cutter). What the film does, though, is expose the kind of language that his filmography hinges on. Watch how Scorsese's camera desperately whips back and forth, how he zooms frantically onto doorknobs and windows in an attempt to force tension and how his characters are all loud and screaming for attention. But more importantly, watch how the film makes no spatial sense. A showdown on a boat at the end of the film takes place on an obvious sound-stage, a street parade is claustrophobic and takes place within no larger context and the family's house doesn't seem to exist anywhere in particular. There is simply no geographical sense to anything in the picture, Scorsese unable to film space or create any kind of spatial environment. <br /><br />The reason for this is that Scorsese's camera always has to be bound, or intimately tethered, to his central character. For the world around the character to make sense, his camera has to be focused on the character. Resnais can take you around a French Hotel, Welles and Hitchcock can dance you down a street and up a building, Cameron can give you a tour of the Titanic, Scott can recreate an entire future cityscape, Lucas can give you an alien desert planet, and most other directors can create a sense of space by textbook ""close up-mid shot-wide shot"" combinations, but Scorsese can't do this. There's no poetry, no sense of tangible space in his films. He's all about the character. You break that tether, you leave that boxing ring, that taxi cab, you look away from De Niro, and everything collapses. He simply cannot break away from this very documentarian style of shooting, which, in a way, is a prerequisite for action film-making.<br /><br />Scorsese tried to rectify this problem with ""Gangs of New York"", where the space and the sets become the central character, but even this self consciously spatial experiment gets sabotaged by the magnetism of Daniel Day Lewis, the actor drawing Scorsese's camera inexorably toward him like a moth to a bulb.<br /><br />5/10  Even as a generic B-movie, this is an ugly, vulgar looking film. Look at the matte paintings, the inept attempts at tension, the silly rotorscoped special effects and hokey fistfight showdown. Still, we have Robert De Niro to pick up the slack. De Niro, who gives his body over to Scorsese like a tattooed Christ, gives the film its only great scene. In an improvised romantic sequence with young a Juliette Lewis, he sticks his thumb into her mouth and kisses her. A kind of symbolic rape, the girl runs away, both aroused and repelled by this man's interest.<br /><br />But De Niro's performance, so deliciously over the top, simply can't be imitated by Scorsese. You'd need the operatic tone and the baroque visuals of someone like De Palma to make this work. But Scorsese? Nope.<br /><br />Worth one viewing.",negative
"This is what I was expecting when star trek DS9 premiered. Not to slight DS9. That was a wonderful show in it's own right, however it never really gave the fans more of what they wanted. Enterprise is that show. While having a similarity to the original trek it differs enough to be original in it's own ways. It makes the ideas of exploration exciting to us again. And that was one of the primary ingredients that made the original so loved. Another ingredient to success was the relationships that evolved between the crew members. Viewers really cared deeply for the crew. Enterprise has much promise in this area as well. The chemistry between Bakula and Blalock seems very promising. While sexual tension in a show can often become a crutch, I feel the tensions on enterprise can lead to much more and say alot more than is typical. I think when we deal with such grand scale characters of different races or species even, we get some very interesting ideas and television. Also, we should note the performances, Blalock is very convincing as Vulcan T'pol and Bacula really has a whimsy and strength of character that delivers a great performance. The rest of the cast delivered good performances also. My only gripes are as follows. The theme. It's good it's different, but a little to light hearted for my liking. We need something a little more grand. Doesn't have to be orchestral. Maybe something with a little more electronic sound would suffice. And my one other complaint. They sell too many adds. They could fix this by selling less ads, or making all shows two parters. Otherwise we'll end up seeing the shows final act getting wrapped up way too quickly as was one of my complaints of Voyager.",positive
"Clearly my rating for this is not to suggest it compares with the classy horrors of the likes of Argento but with other 70s low budget, drive in fare and in that department it truly is a classic. The lack of money shows, (Does anyone care too much?) the acting is adequate rather than professional, (Does that make it more realistic?) but unlike so many other movies, and not just low budget ones, this does not drag for a moment. Crap it may be but non stop crap, in your face crap and although inevitably a bit campy at times, this is a must see for anyone who has any idea what I'm talking about. At times quite delirious, this crazy little film filled out with crazy characters is clearly made for fun and fun indeed it is to watch.",positive
"I have to say this is the worst movie that I have ever watched in my life, I cannot believe that I wasted $10 at blockbuster ; this movie should be burned and who ever thought of it has issues. Who ever actually spent money to make this movie was insane =D This movie has TERRIBLE actors and some of the scenes make absolutely no sense. Well, the whole movie doesn't make sense. Also the part where those ""men"" come into the diner ( department of national securities )that happened to be the worst part of the film. How dare they say Frank Sinatra's name in vain? Also, what is up with those glasses? When the guy and girl are in the car and she ""drinks"" water, you can totally tell that she isn't even drinking! Also, what is up with the freaky dinner guy. And everyone knows that you don't stab tires, you slash them.",negative
"I think this is what this movie wants us to say at the end of the movie! or Damn Australian? I still don't know, but what I know is that I really liked this movie but that couldn't be my favorite movie!<br /><br />Great story with great actors but with a terrible end... To make you cry and say 'Oh, she's so good'... Still, who made it? What really happened? Who's that guy? No answer to these questions...<br /><br />Mysterious movie with a good mark overall... I give it a 8/10, going on the 8.5!",positive
"OK. Who brought the cheese. I love it. During it's run it became a phenomenon. The Anorexic Twins became popular.Bob Saget started making a paycheck (Instead of his REALLY funny stand-up). And people knew who Dave Coulier was. This is when life was good and simple. This is one of the great American classics. It was humorous and always brought home a good lesson. And this is where I differ from the norm: I liked the last few seasons. Like Home Improvement, when children get older there are a lot more you can do with the script. This is why I dare say...It could have gone much later than it did. But anyway. I gave it an 8/10 because of its wholesome, funny story lines, and because of Bob Saget!",positive
"I don't know how to describe this movie. It's definitely one of the weirdest movies I've seen in a long time. It is very unsettling at times but also boring in other places. The scenes of dental torture are very elaborate and may attract anyone who's into gore & splatter. I found myself holding my teeth during some of the aforementioned scenes. The clever thing about the movie is that it plays with our fears and The Dentist is therefore quite unsettling.<br /><br />The humor of the film is somehow hidden and may not be recognized by everyone. But if you're a fan of weird and strange entertainment and teeth getting drilled to dust this is just the film you were looking for.<br /><br />If you read the comment and feel somehow attracted by this kind of entertainment, give it a try!<br /><br />My rating: 4/10 (maybe a little too weird for my taste)",negative
"Italy produced a lot of really great and original horror films in the 1960's - and this is certainly one of them! The first thing you will notice about Danse Macabre is the style of the film. Shot in beautiful black and white, and due to director Antonio Margheriti's use of lighting; the film almost looks like it could be a German expressionistic horror film. This, coupled with the horror-filled plot line ensures that Danse Macabre is a film that truly captures the essence of horror. Of course, the fact that the beautiful Barbara Steele appears in the film doesn't harm matters - and the good news continues as, in this film, she gets to flex her acting muscles more than she did in the films that made her famous. The plot is very aware of the time in which this was released, and so incorporates the great Edgar Allen Poe. We follow Alan Foster, a writer who accepts a bet from Poe himself and Lord Blackwood that he can't spend an entire night in the latter's creepy old castle. Everyone that has spent the night there previously has died...and our hero is about to meet the previous wager-takers! <br /><br />Nowadays, horror films don't tend to focus so much on each shot and the result is that there isn't much beauty left in the genre. It is refreshing, therefore, to see this film. Many of the shots here are incredibly beautiful - from the female side of the couple wearing just a see-through skirt, to my personal favourite - a shot of smoke creeping in from under a door. This my first Antonio Margheriti film, and even after seeing just this one; it's obvious that he was one of Italy's premier directors. Also interesting is the fact that screenplay was co-written by another of the Italian greats; Django creator Sergio Corbucci. The plot can meander a little too much at times, but there's always enough atmosphere on hand to make sure that the film never becomes boring - and the fact that it is always intriguing, even when the plot slows down, ensures the same thing. The way that Danse Macabre utilises the 'haunted house' theme is both well done and original, and helps to keep the story as eerie as possible. On the whole, fans of Italian and/or cult cinema will not want to miss this little gem!",positive
"The first time I saw this was when I was with a date, and she thought it was an awesome movie. I didn't.<br /><br />The second time I saw this was last night on TV. It still sucks.<br /><br />As a love story this sucks. As having Julia portray a street hooker, this is repulsive. To me she was a librarian with a miniskirt and heels. She had no tough shell to her. She wasn't tortured, anguished, enraged, starving or anything else. Her ""HOOKER"" character was so flawed, like comparing a cubic zircon to a diamond. The two simply don't fit, no matter what they look like.<br /><br />The ONLY cast I felt was worth watching was the 2 bitchy saleswomen, whom were excellently cast. They did such a fine job that I hated them for the few seconds that they were on screen. They had real definition, for the minor roles. OK, so the movie wasn't entirely trash...the two ignorant saleswomen saved the film.<br /><br />Aside from those two women sales people, the rest of the cast...including the big names was just crap. Either everybody was an ass-kisser or had absolutely no reason to fill any dialog in the movie aside from just complimenting Julia Roberts or kissing ass to Richard Gere.<br /><br />This was a movie about how when you walk around in high-heels and a tight skirt in Beverly Hills, people leer at you and guys who work in hotels gawk as if they just had a baseball bat struck to their face.<br /><br />While in reality, the women who are dressed to the nines in Beverly Hills are hookers and prostitutes to a higher degree, but since they aren't wearing the gaudy Madonna looking jewelry or the patent boots, they can look down on the others who do.<br /><br />The hotel cast was sickeningly sad to watch, and anybody who had any real character had less than a minute of screen time.<br /><br />This is an insult to romantic movies, comedies, dramas and even to prostitutes who face wealthy customers on a daily basis with hopes of having their lives work out perfect.<br /><br />The story is about Julia Roberts being PIMPED (yes PIMPED) by a multimillionaire in a business suit and limousine.<br /><br />She is still owned, still told how to act, how to move, what to wear, what to say, where to go and what to do. He is more controlling than a street pimp, but the folks at Disney/buena vista butter it up to make it easier to swallow.<br /><br />Had Richard Gere been a black man with a gold tooth and an AK-47 at his side instead of an attaché case, this movie would be about how a woman has to struggle to get away from the harshness of prostitution. Same story, different characters will make a very different outlook.<br /><br />Oh yeah, change the white man for a black man or Asian or Spanish, have the land business deal be changed to a deal of weapons or narcotics and the entire concept of romantic comedy is thrown away.<br /><br />As far as I'm concerned, Pretty Woman is still trash, dressed with ribbons and bows.<br /><br />I didn't like it 15 years ago, when I didn't understand it and was led by the Hollywood hype. I hate it now that i can see past the pretty decorations that is called ""love"".<br /><br />This movie is NOT a romantic comedy. It's a story on how to control a woman as long as you have the means and income to do so.<br /><br />This is an insult to strong women, weak women and women in general, as well as to my television screen.<br /><br />Do I hate it? Yes. Does it suck? Yes Would I recommend it to you? NO...well maybe if I really hated you.<br /><br />Will this review get posted? We'll see.<br /><br />Anywayz, that's all for now.",negative
"I just got done watching The Edge of Love (by the way, this is one of the worst titles so far this year) and it felt like a chore. Watching Keira Knightly's unlikable, skeleton-looking character made me cringe even more throughout the coarse of the film.<br /><br />It took me four nights to watch this it was so boring. The only good thing about it was Cillian Murphy. He's always good/believable and is severely under looked in many films. This, however, was just not good enough for him.<br /><br />Apart from the unlikable characters, boring storyline, the plot was also emotionally unsatisfying. I felt like I spent my time watching this for nothing (which I did). I should have done the smart thing and turned it off, but I kept it on out of respect for Cillian Murphy and the great cinematography.",negative
"This is an exquisite film about the search for some bliss in everyday life. The pacing, the camera work, the emotion, the haunting musical score and the pure charm of this picture make it a must see. It isn't easily appreciated by the immature or emotionally stunted. The only flaw I can see about this film is that it wasn't captured in a more technically perfect film format. It deserved Todd-AO, Technicolor and the very finest sound format available.(An intimate film can be made in seventy millimeter.) The gorgeous Italian villas effect on its inhabitants would have rendered even more lushly and the small lovely moments would be even more beautifully seen and heard. As it is, it still demands attention as a sweet moving small film. I can't stop myself from watching it every time it comes on satelite. The transformations of the characters from contained, tight and mistrustful is always a joy to watch and I really should recommend it more often.<br /><br />The casting is perfect, the mood is perfect, the acting is above reproach. It is a film about middle age and the choices people make.It is deep and thoughtful without beating the viewer up with heavy handedness. Watch it in one sitting and let it have its effect on you. If you don't get it, perhaps you haven't lived enough, or something else is wrong with you.",positive
"I am glad to read so many negative comments about the Tritter plot. Everyone I talk to says the same thing. They like House's gruff nature and his intelligence, but really dislike the vindictiveness of this continuing plot. It cuts into the real nature of the hospital story and makes everyone angry at police authority. It needs to have a more caring nature instead of the vindictiveness to everyone at the hospital. Also, there seems to be many questionable legal aspects to what Tritter is actually doing. He alone cannot freeze accounts and have the authority to stop doctors from writing prescriptions for patients. A lot of the vindictiveness he is showing also is hurting the very sick patients at the hospital and the is not a good storyline to portray. I voted the episode awful not because of the story itself, but when you insert the Trittor piece it turns me off and the rest of the plot gets hurt by it, People say they hate to watch the story lines anymore. Please change it. Get Tritter out.",negative
"The one who says that Lucio Fulci is not one of the most important names in the history of splatter is probably mad.The Italian director is a legend among hardcore-horror fans,and his work exceeds the barriers of the genre(who can forgot his western,crime or fantasy flicks).This is probably his goriest film,and unfortunately one the last.A horror director(Fulci as himself) starts hallucinating about gruesome murders.He goes to a psychiatrist,who makes him believe he is the criminal.In this time,the doctor begins a long chain of serial crimes.With such a plot,the movie should have been filled with something.And there are roting corpses,crashed or melted heads,stabbings,decapitations,chainsaw dismemberment and many others.Kind of boring sometimes,the film is saved by the excessive violence that will definitely please the gore addicts.",positive
"Any time a movie is so myopic in its desire to present a particular ending or viewpoint that it simply doesn't bother with an actual story, it's annoying. Those are the types of movies where the ending or viewpoint is conceived first, and the story simply tacked on. For this reason we often talk of the story ""jumping through hoops"" as it twists about, trying in vain to progress to the preordained ending in a logical fashion.<br /><br />The story in ""Comet Over Broadway"" doesn't just jump through hoops, it's a three ring circus. It's so ludicrous, so ill-conceived, so disingenuous that, if you are prone to speaking aloud to the screen, you will be carrying on quite a rant before it's through.<br /><br />The central theme of this screenplay cesspool is that of a woman choosing between family and profession. Since it's all so horribly muddled it will end up offensive to people of either opinion. So, in the end there's no point to the story, the theme becomes irrelevant and, as is often the case with poor screenplays, the acting doesn't save a thing.",negative
"This movie could have had a lot of potential. Certainly with today's technology, one would expect real special effects. But movies are not made with special effects alone, of course acting is needed. This film lacked both!<br /><br />First, let me say to those who are upset with this not following the bible: why can't a movie take artistic license? If you want to know about the story of Moses, read the bible. I have seen very few movies that follow a true story fact by fact. Look at of movie from its artistic quailities.<br /><br />In viewing this movie, you will inevitably compare it to the 1956 version. It fails miserably in that. Heston and Brenner had PRESENCE. They became their roles. You don't see this here.<br /><br />Even if you don't compare, standing on it's own, this movie to too rushed. Parts where a scene should be developed, it does not. It becomes boring.<br /><br />My advice: skip this and watch the other. As campy as the other is, it's far and away the better movie.",negative
"Dear God! I kept waiting for this movie to ""get started""... then I waited for it to redeem itself... and when it did neither, I just sat there, dumbfounded that: 1) it could possibly be this bad, and 2) that I had just wasted a couple of hours on just sheer stupidity. I had faith that Drew couldn't possibly have made this bad of a movie... and boy, did I ever lose my faith! Don't bother with this one! Drew tried, but the movie was poorly written, poorly acted, and just poorly conceived! I can't believe a script this bad ever got funded! It had a million chances to actually do something with the idea, (the word ""concept"" is too big for this movie to even qualify for!) and it STILL didn't go anyplace! Its just pitiful! Where the other reviewer got the idea that it wasn't the worst, baffles me! Because believe me, if it got any worse I'd have slit my wrists before finishing it!",negative
"I believe an entire book can be written about the odyssey to remake the classic film on which this film is loosely based. When Hollywood first started talking about such enterprise, the reaction was always negative because there were just too many aspects that could have gone wrong, starting with the solid ensemble that made the original unforgettable, and that's exactly where things begin souring here, with the selection of actresses that otherwise can do remarkable work, but that are not suited to the parts, and sadly enough, have been directed with the heavy hand of a director that doesn't understand or appreciate the source material.<br /><br />It seems as if there is no focus or direction, or as if the direction that has been taken is to obliterate anything that was good about the original film. This is called an updating, as in let's drain the story out of humor, snappy dialogue, and any interesting premise. Most of all, let's prove that women have come a long way, except that the problem is that we don't really get (at least by watching this film) where the women are truly going.<br /><br />For starters, casting Meg Ryan in the central role proves almost fatal to the movie because somehow she seems to have locked herself into some sort of limbo where women don't really change appearances, even after 20 years of working in the movies. Her Mary which proved to be a difficult role in the 30's, somehow grew from her interaction with the other stereotypes, like Dorothy in ""The Wizard of Oz"" by learning, observing, and realizing that she had a choice in the matter. It might not have been a choice that women would celebrate nowadays, but it was fun ride, and part of the fun, was the catty, silly, sometimes slapstick routines that elevated that movie into the realm of the sublime. In here, we are down to earth with a thud. By changing the nature of Sylvia, the film has lost a lot of its spark, and it isn't in anyway Annette Bening's fault. I couldn't help but admiring how she tried to save this sinking ship and got a sinking feeling as she struggled with the horrible lines she was handled. Thankfully I entertained myself by looking at some of her terrific outfits and kept reminding myself how talented this lady really was. Her Sylvia is wise but flawed, and she could have been a great creation. Unfortunately Ms. English wasn't paying attention to her own work and loses control of the one character that could have turned the film into a fresh direction.<br /><br />Yet that wasn't the biggest blasphemy of them all. In the original, we have Joan Crawford doing probably one of the best performances by a woman. Her Crystal is legendary, with conniving lines, incendiary moves, duplicitous maneuvers, and some very sexy poses. She was the link between the male and the female, and through her we knew what the whole catastrophe was about. She provided the tension between men and women. She was dangerous, sexy, the ultimate femme fatale. A woman of intelligence that we feared and admired, and most importantly, we wanted to destroy to save our heroine. Eva Mendes, as gorgeous as she is, is two dimensional in this outing because of weak writing, and once again, some bad casting.<br /><br />There are more atrocities in the film, such as the addition of a terrible role for Mensing as the dedicated mother who lives for having babies, and the rather annoying lesbian turn by Pinkett. Then comes the biggest waste of talent in the movie, as Bette Middler, who is a little unrecognizable in her make up, shows the spark of what could have been. Her acidic delivery reminds us of the contemporary angle the film could have taken. Her words revive and put a big of much needed naughtiness in the film, and it is exciting to see that it could really fly, then she is gone. She is in the film all of six minutes, and she fades away in the middle of the muddle.<br /><br />Here is a movie that raised our anticipation level and truly disappointed us, a film that could have joined the successful ""Sex in the City"" who made an amazing transition to the big screen because it respected its source material and didn't compromise. It gave us more, bigger and better adaptation. It truly updated what had made it successful before. ""The Women"" in its present reincarnation needs to go back and rework itself, much like ""The Hulk"" did it this year, find more suitable performers, a really good writer, and most of all, someone who truly treasures what good movies are about.",negative
"This movie was NOTHING like the book. I think the writer of the screenplay must have wanted the job of writing the sequel to Gone with the Wind and been turned down. This was his or her way of getting their ideas in anyway. The only similarity between this movie and the story it was portraying was the names of the principle characters and the location of the main action. None of the events that are shown in the movie happened that way in the book. For a Gone with the Wind fan (of both the book and the movie) this was deeply disappointing. If you loved the book Scarlett, don't watch this movie hoping to see it played out on the screen. They only share the title in common.",negative
"There are other reviews here expressing similar views, but I still feel impelled to add my comments. The film is generally well-made from a technical point of view, apart from possibly being too long. The acting is mostly very good, although Kevin Spacey isn't given much space to explain his character's motivation (apparently ambition rather than racism), and Sandra Bullock's only function seems to be as eye candy, which she admittedly manages very well.<br /><br />At a fundamental level the film's heart is in the right place in being opposed to racism, and I get the impression that it tried to set out to be some kind of definitive treatment of racism, perhaps why so many famous names agreed to be in it. However, it seems the writers bit off far more than they could chew (I haven't read the book, so I don't know how much of that is down to Grisham). The biggest problem, as many others have said, is that it ends up advocating vigilante justice. Aside from the fact that I don't agree with that position, I don't think that such a view actually helps the anti-racist cause at all - it's more likely to be applied to acquit white defendants who kill black victims. At the end the prosecutor invites the jury (and the audience) to imagine that the raped girl was white - but follow that through and imagine the defendant to be a white man who murdered black rapists ... in the end the message seems to be that it's OK to kill someone as long as you hate them enough. It's also convenient that the man killed was presented as totally evil and his guilt was in no doubt, which removes any of the moral ambiguity likely in a real case.<br /><br />Samuel L Jackson gives an excellent performance, but unfortunately this also undermines the plot - he comes across as someone with considerable integrity, but it's hard to believe that he would be willing to hide behind an insanity plea (and indeed he doesn't, when push comes to shove). We're presumably supposed to think that it's because he faces the death penalty, but in fact at one point he's offered a plea of manslaughter, although if you blink you might miss it. Why not take it, given that he must know his chances of acquittal are slim? Or if he wants to make a stand in court, why plead insanity?<br /><br />There are less serious flaws too. The medical experts, on whose testimony the case supposedly rests, are jokes - both are discredited for highly implausible reasons, and neither of them offers any real psychiatric diagnosis. The message seems to be that expert witnesses will say whatever they're asked to say, and shouldn't be believed. The fact that the injured policeman supports Jackson is moderately plausible, but still a bit convenient (and what if he had died?) I find it hard to believe that the KKK would march down the street in broad daylight. Other apparently serious crimes (riot, arson, kidnapping, attempted murder) go by without any visible attempt to detect or prosecute them. And the scene where the dog comes bounding back is ludicrous.<br /><br />My final reaction is to be left feeling rather dirty - as though I must be a racist because I disagree with the resolution. It may be that the film intended to explore different viewpoints and leave the audience to decide, but if so they seem to have forgotten it by the time they got to the end. The film did make me think about my views, read what other people thought here and add my own opinion, so at some level maybe it succeeded - but I worry that it may have re-inforced highly illiberal views in some people, which I hope is the opposite of what it intended.<br /><br />Final thought - try watching Law and Order, it covers issues like this with much more depth in about 38 minutes of screen time!",negative
"The movie is good and I think Tiffany Amber is very beautiful. I liked the movie. Can anyone tell me how I can get hold of the songs from this movie? Even the soundtrack will do. If that's not possible, can I at least get the names of the songs with their respective singers? I tried to look up amazon.com but its not there. I tried CD baby, not there either. I browsed through Google to get some details but there weren't any. I would appreciate it if someone could give me the answer to my question. I know that the songs belong to Country Music and is sung by a country artist. I just need the title names along with the singer. I would recommend this movie or rather the songs to any country loving person.",positive
"LIGHTS OF NEW YORK was the first ""all-taking"" feature film, coming in at a brisk 57 minutes and directed by Bryan Foy (of the famous vaudeville family).<br /><br />The story has two dopey barbers (Cullen Landis, Eugene Palette) yearning for a chance at ""big city life"" and getting involved with gangsters and bootleg booze. One of the guys gets framed for the murder of a cop but is saved at the last minute by a gun moll (Gladys Brockwell).<br /><br />Much of the story takes place in a night club called The Night Hawk, which is run by a crook named Hawk (Wheeler Oakman) who has his eye on a pretty chorine (Helene Costello) who is the girl friend of Landis. Costello gets to do a brief dance, and we hear Harry Downing (made up to resemble Ted Lewis) sing ""At Dawning) in his best Al Jolson style.<br /><br />The acting ranges from good (Palette and Brockwell) to awful (Oakman). A couple of the actors muff their lines but then keep right on with the scene. As noted elsewhere this was intended to be a short 2-reeler and was made on a shoestring budget. Yet the sound quality is surprisingly good, the voices all register clearly, and there is a neat cinematic touch in the silhouette death.<br /><br />The film was a box-office smash even though it was shown as a silent film where theaters were not wired for the new sound technology. No one expected this little film to gross an amazing $1.3 million. It briefly made stars of Costello and Landis and certainly launched Palette on his long career as a star character actor.<br /><br />Co-stars include Mary Carr as the mother, Robert Elliott as the detective, Eddie Kane as the street cop, and Tom Dugan as a thug.",positive
"Trapped: buried alive brings us to a resort that has just opened, and is soon to close.<br /><br />We start with a guy in gear blowing up drifts, to avoid the possibility of avalanches. somehow, that doesn't make sense. anyways, he's about to blow away one particularly big one, when he notices the resort is open. despite his best efforts, higher authority tells him his day is over.<br /><br />soon, as everyone expects, an avalanche hits.<br /><br />Look, i'm not gonna reveal any more, all i can say is this was a B-movie designed for the family channel (which i just saw it on, and the fact it had no commercials proves it's a B-movie) anyways, it's a pretty decent film, but it's partially unreal.<br /><br />firsthand, when people are buried by ice and snow, they're buried. not just traced by powder. or, what about a CD for a screwdriver? it's not possible. and finally, what i can't stress enough, is that an explosion cannot stop a avalanche, guaranteed.<br /><br />furthermore, it's worth a rental or a TV viewing, but not owning. 7/10.<br /><br />The movie is rated PG, but maybe it should have received something a little more strong. a boy nearly loses his foot in an elevator, but his leg is cut around the ankle, a guy is toasted by electricity and diesel, and in the weight room, dead people are laying around.<br /><br />enjoy.",positive
"This movie was one of the worst I have ever seen (not including anything by or with Pauly Shore). I couldn't believe that a film could actually be THIS bad!<br /><br />Coolio has to be the single worst actor (again, not including Pauly Shore) to ever ""star"" in a movie. The temptation to hit the STOP button during this movie was huge (in fact, if there was a THROW IN THE TRASH button on my VCR, I would have been inclined to press that).<br /><br />Do yourself a favor, and do something more interesting than watch this movie, like watching the grass grow, or watching golf on TV.",negative
"The best thing about the movie is the name, as it both describes the plot and the acting. At least they cannot say they didn't warn you... Kind of like the button labeled, ""Don't push this"".<br /><br />Segal must have run out of things that move like planes, trains, and ships but the plot remains the same. Under cover guy who fights slowly, but still beats like 40 mercenary types and doesn't even blink when doing so. What amazes me is that Segal is now as big as a barn and the bad guys still cannot hit him in a hallway with a machine gun and 50 clips of ammo. Where do all these bullets actually go to? The only redeeming feature of this movie is watching Nia Peeples pound Ja Rule (real name Jeffrey Atkins doesn't quite sound so punk) into the floor. I could spend days watching that woman kick her foot over her shoulder like that... especially wearing an outfit like that! It was just a bonus watching Jeffy get is *ss kicked, and fun hoping one of those kicks actually landed. Sorry, it's just time we get stupid wannabe tough guy can't act rappers out of the movies. PLEEEEEASE! Who came up with idea anyway? I'd lay odds it was the person who decided that Cameron Diaz and Drew Barrymore would pass as witty athletic Angels.<br /><br />The only surprising twist in this movie is that they don't do the politically correct thing and have Jeffy come in and save the day. No doubt if Snoop (otherwise known by his momma as Calvin Broadus which again doesn't sound so cool when you refer to him as Cal) had been in the movie, he'd throw some signs down on her and probably saved Segal's life or something.",negative
"What a good movie! At last a picture revealing a unknown side of rock: illusions of fame. Well-known Rockers are getting old and forgotten, not the music. And with a good sense of humour. Have you ever danced on Bill Haley's Rock Around the Clock?<br /><br />Anyway, Still Crazy is probably the best movie about rock n'roll I have ever seen. Far much better than Spinal Tap for instance. Why? Because in Still Crazy, people are mature. They have a different point of view about rock, about love and about life. They want to catch up with their crazy youth they miss so much. Beyond the story itself, we see characters with their own personality, weaknesses and dreams. Like anyone of us.<br /><br />Spend a good time watching this (listen to the awesome soundtrack! )and finally thinking of your own future.<br /><br />Bye!",positive
"Nothing but the director's juvenile fantasy come to life. This 'movie' is nothing more than an excuse for the director/actor to play kissy face with an attractive young woman who would otherwise never give him the time of day.<br /><br />The plot is simple, the direction is nonexistent and the movie drags while the actor/director/writer/narrator narrates. Don't be fooled by the 'X' rating, there is no nudity and minimal gore.",negative
"Perhaps once in a generation a film comes along that is perfection. For me, ""The Railway Children"" is that film - a timeless classic that was directed and performed most beautifully. It depicts all that is worthwhile in humanity and climaxes in the conquest of love and faith over cruel injustice. Every performance is a gem, though Bobbie stands out and, like Judy Garland as Dorothy before her, Jenny Agutter makes it impossible for us to imagine anyone else in the role.<br /><br />The world is all the better for this film and the children of today would be much the better for watching it.<br /><br />Of course, like so many young men of my generation, I fell hopelessly in love with Jenny Agutter and her hold was as strong when I had the great good fortune to meet her a few days ago - the bewitching smile and voice like dripping honey were still there to send me weak at the knees as they first did all those years ago!",positive
"Largely dense road movie with some comic relief provided by the excellent John Cleese (although he is really sending up his performance in Fawlty Towers). Seems to flip from over the top slapstick to slushy sentimentality at the drop of a hat, and the worst part of the film is that Martin and Hawn have to ""find themselves"", who they are, etc. See it at your peril.",negative
"This is probably the best cinematic depiction of life in a Manhattan ad agency: the pressure to perform; client and agency demands; the parties; the creativity; the money; the cool surface with powerful corporate undercurrents. <br /><br />Toss in parenthood for Dustin Hoffman. <br /><br />The movie is textured and deep. It follows his internal relationship as he tries to understand and live with what's going on; his relationship with Meryl Streep (and her friend, who becomes his friend), and his the relationship with his son. <br /><br />While Meryl Streep was great, did she set the record for least screen time to win an Oscar? She sure can deliver when she is on, though.",positive
"My 15 year old daughter asked me to watch this movie with her on Cable TV. As someone who saw Revenge of The Nerds in a movie theater, I found this movie to be an extremely predictable remake of it. The Nerds were simply replaced by Dorks. I drove her crazy by being able to predict precisely what would happen in each scene. The cast was cute, especially Amanda Bynes.<br /><br />Screenwriter Chad Creasey should be ashamed for writing such an obvious remake of an early 1980's flick. The title should have simply been ""Revenge of The Dorks."" Perhaps the sequel will be Revenge of the Dorks 2.",negative
"I think Charlotte Gainsbourg is one of the best performers in the world. I can't understand why some people say she's not. Boring....??? Maybe the one who said she's boring is because he/she is boring. She's a great actress and the movie was excellent. It has lots of wonderful ideas and very good performers. The direction was great. I imaging myself in the French environment with all the sophistication and perfume, flowers, churches, problems, etc. When she goes to the sister's shop is simply amazing. Everything's great. We have a very good actress, wonderful, for long time. Alain Chabat and Bernadette Lafont are perfect. I like him more than in his next movie LA SCIENCE DES RÊVES. And Eric Lartigau did a very good work.<br /><br />Ana",positive
"My wife and I both thought this film a watered-down, made-for-TV (BBC) version of Manhattan Murder Mystery...which is itself good, but not great. The story has little inter- character tension or chemistry, and not much of a plot. Woody Allen's character just sort of wanders around running off at the mouth, and Hugh Jackman and Scarlett Johannsson don't have a lot more to do. It's pretty disappointing, I must say. Ian McShane's role is just an expanded cameo appearance. <br /><br />The first thing that occurred to me was ""I wonder how much the BBC had to pay Woody Allen to dislodge him from Manhatttan?"" He must've needed the money, and they must have needed his appeal to expand their audience beyond the youth market drawn to the two stars. I'm giving this movie 4 stars instead of 3 because it is unbothersome background noise. If you ever want something to have on while you're knitting or sorting your stamp collection, this'll do the job. I wouldn't pay to rent it again.",negative
"I wanted to watch this, to get a inside look at the show. It told the story more of Robin Williams, then Mork & Mindy. Still, thought it was great. We got to see, Robin always being 'on', no matter what. The performance of Diamontopolous was awesome.<br /><br />The introductions of the main players, seem so real to me. Roebuck as Garry Marshall was wonderful. He was so charming in this, which helped me get through all the Williams energy. The little behind the scenes pieces of his other shows (Happy Days, and Laverne & Shirley), was enlightening. I also thought Richmond-Peck's Harvey was also a nice rock in the pond. (This is a good thing).<br /><br />This movie told the age old story of Hollywood folks, going through the ups and downs of stardom. It kept me glued to my TV, and I learned to love Robin, well hell, mostly everybody seem to be the super people I sometimes think Hollywood is. Go figure.<br /><br />I sometimes wonder why the network people are always played to be idiots. We never saw the head of ABC. Just heard him, like Charlie from Charlie Angels (I wonder if this way planed?). It seems so sad, that a show at number 1, could be so destroy by their own network.<br /><br />I think this story could be told about anyone's life, as they climb the ladder of any job. Movie, and TV stars are always loved or hated by so many people, that you grew up with, you just want to reach back in their past, to remember your own past. I Remember watching the show, and always wondering what does happen in their personal lives.<br /><br />Mork and Mindy, will always be part of me, and I got to see part of them. It may not all be the truth, it's also all not a lie, but in the end, it told me a wonderful sad, happy story.",positive
"This film was the first British teen movie to actually address the reality of the violent rock and roll society, rather than being a lucid parody of 1950s teenage life. In an attempt to celebrate the work of Liverpool's Junior Liaison Officers the opening title points out that 92% of potential delinquents, who have been dealt with under this scheme, have not committed a second crime. However, this becomes merely a pretext to the following teen-drama until the film's epilogue where we are instructed that we shouldn't feel responsible or sorry for such delinquents however mixed-up they might seem.<br /><br />Stanley Baker plays a tough detective who reluctantly takes on the post of Juvenile Liaison Officer. This hard-boiled character is a role typical of Baker. Having been currently on the trail of a notorious arsonist known as the firefly and does not relish the distraction of the transfer. However, as in all good police dramas he is led back full circle by a remarkable turn of events, back to his original investigation.<br /><br />His first case leads him to the home of two young children, Mary and Patrick Murphy (played by real-life brother and sister duo), who have committed a petty theft. Here he meets Cathie (satisfyingly portrayed by Anne Heywood) their older sister whom he eventually becomes romantically involved with. It quickly becomes obvious that the squalid environment of such inner-city estates is a breeding ground for juvenile delinquency.<br /><br />The elder brother of the Murphy family, Johnny, is the leader of a gang of rock and roll hoodlums. McCallum does an eye-catching turn as the Americanized mixed-up kid, who owes more to the likes of Marlon Brando, than any previous British star. One is reminded of Brando's character Johnny from 'The Wild One' who led a leather-clad gang of rebellious bikers in much the same way as this film's 'Johnny' leads his gang.<br /><br />Thankfully the preachiness of earlier Dearden crime dramas such as 'The Blue Lamp' is not so apparent. Instead we are presented with several well drawn-out characters on both sides of the law as the drama of the delinquents and the romantic interest between Heywood and Baker takes the forefront.<br /><br />The plot, whilst at times predictable, does deliver some memorable scenes. The disruptive influence that rock and roll music was thought to have had is played out in a scene where Johnny abandons himself to the music, leading a menacing advance on the police sergeant. The most grippingly memorable piece of film however is the climatic classroom scene where a bunch of terrified school children, including Mary and Patrick, are held hostage at gunpoint by Johnny. Obviously in the light of the real-life Dumblaine Massacre this scene seems all the horrifying. Understandably because of this the film is seldom aired or available to modern audiences.",positive
"<br /><br />This film is a summary of Visconti's obssessions: the decadence of nobility, death, aesthetic search, homosexuality...All mingled with melancholic mastery. Slow-paced just to make you abler to contemplate all its beauty (which is in the music and the images as well as in the story)this is the type of film we are not allowed to enjoy anymore, brave, deeply personal and intelligent. The genuine fruit of a genius like Visconti.",positive
"Watching QUINTET is not unlike watching a group of people playing a word game in Portuguese, or some other language you do not understand. You get the idea that they are playing a game, and if you watch closely enough, you may just begin to understand the rules. But, why bother, since it is clear you can't join in and you wouldn't want to if you had the chance.<br /><br />Director Robert Altman is not one to beg an audience to like his films, let alone understand them. Sometimes he lets you slip into the picture to be a part of the crowd, like in M*A*S*H, NASHVILLE and A WEDDING, films so full of hubbub and orchestrated chaos, one or two more bodies in the scene wouldn't make much of a difference. And other times, he seems to resent the fact that someone might even be watching his film; as in IMAGES or THREE WOMEN, where the stories are almost personal monologues made for an audience of one, Altman. With QUINTET, Altman seems to purposely dare anyone to become involved with the narrative. <br /><br />You can't depend on Altman to do the logical or the expected, which is sometimes the thing that makes his films so remarkably iconoclastic. But sometimes doing the unexpected isn't daring, just dumb. For instance, in QUINTET, we are introduced to a young woman who is apparently the last person on earth capable of getting pregnant, and she is, indeed, with child. This last ray of hope in a decaying society is almost immediately extinguished; Altman doesn't even wait until the end to play his last depressing card in this elaborate nihilistic and pessimistic tale. He lets us know how empty and meaningless life is right off the bat. Brave? Maybe. Stupid? Definitely. Devoid of a purpose, he tries to build a story on a rapidly melting iceberg, all the while reminding us how pointless the effort is. <br /><br />For the record, QUINTET, can at least claim to be prophetic. The story is centered on a treacherous game played by the various bored characters. It is a form of TAG (the assassination game): a handful of people target each other for elimination, each as a would-be assassin and each as a would-be victim. Two or more can form alliances to kill a third. As they die off, new targets are assigned. Whoever lives, wins. All of this happens at some exotic, inhospitable wasteland. It is, to a great extent, an extreme, sci-fi version of ""Survivor"" -- minus the commercial plugs and faked ""reality.""<br /><br />It is not a bad concept for a sci-fi epic. A post-apocalyptic setting, a microcosm of the world (the cast is pointedly multinational), a game where no on can be trusted or least not for long, and where no one really wins. Literally a cold war. A steely eyed director with a taste for dark humor and violent invention could have a field day. The mystery in QUINTET is not in the game or how it is played, but in why it exists it all. If the game ""Quintet"" is a metaphor for life, then Altman, seems to see nothing in the material but a chance to show life to be an empty, meaningless game -- a conclusion as obvious as it is untrue. Given the lively, albeit cynical nature of the rest of his diverse films, I don't believe that Altman believes in QUINTET either. And if Altman has no faith in his material, why should we?",negative
"Never heard of this movie,saw it on DVD.Great movie,perfect example of a movie that took every cast member to make it work.No overhyped typical Hollywood movie with the same old overhyped actors.No current Quote ""A"" list actor could have pulled off any performance in this movie.Brought back memories of my own post Vietnam war military experiences.It concentrated on the people who were sent to fight.As was portrayed by the characters who had fears and emotions even if some volunteered for service.They were regular people too,some just weren't cut out for military life,I remember a few in my experience--to put it mildly couldn't adapt to military life either-but I'll never forget them-should have stayed in touch.I highly recommend it and then think about those serving present day in Afganistan.Basic training is a trip, notice those drill sergeants aren't morning people and maybe they need ""sensitivity training"" HA!HA!HA!",positive
"Steven Seagal appears to be sleepwalking through a dreadful movie shot almost entirely in close-up to disguise the complete lack of budget and resources. To pick on the technical flaws - silver F/A-18s and F-14s take of from a carrier for an air-strike, and miraculously become camouflaged F-16s for the actual strike - would give this movie more credibility than it deserves. Suffice it to say that the most interesting thing in the movie is the credit titles which fade on and then disappear in a lightning wipe, which presumably is available to all users of Final Cut Pro. Putting all your creativity into your own credit puts Michael Keusch in the same category as Marcel Mandu.",negative
"Terry Gilliam's and David Peoples' teamed up to create one of the most intelligent and creative science fiction movies of the '90's. People's proved a screenplay with bizarre twists and fantastic ideas about the nature of time  I especially love the idea one can't change the past; it's a nice counterpoint to so many time-travelling movies which say otherwise  biological holocausts and the thin line between sanity and madness. Gilliam visualized his ideas with unique quirkiness, perfection and originality.<br /><br />The story itself is engaging: one man, James Cole (played by Bruce Willis in a heart-warming performance) travels several decades to the past to retrieve information about a virus that's wiped out mankind and left only a few survivors alive living underground: with the information he'll collect, scientists hope to find a cure so everyone in the future can return to the surface. But because their time-travelling technology isn't perfect, he ends up being sent towards different other pasts and complicating things. And from that a brilliant science fiction thriller with shades of film noir ensues as the multiple pieces of a huge jigsaw start fitting together to form a bizarre narrative involving animal right activists, end of the millennium paranoia, biological weapons, the perception of reality, and the definition of sanity. With such a complex movie, it was easy for Gilliam and Peoples to create a mess, but instead Twelve Monkeys is a thought-provoking narrative which will please those who like to be challenged and have patience to appreciate some crazy ideas.<br /><br />I watched this movie once around 10 years ago. It marked me a lot: I remember still thinking about many days after-wards; for my young mind this seemed quite mind-blowing and it was one of the first movies to make me appreciate cinema as something serious and important. I've re-watched this movie a few days ago on DVD and it's better than I remembered it. Brad Pitt still steals all the scenes he's in, playing Jeffrey Goines  almost a prelude to his Tyler Durden character in Fight Club  a rich kid with some anarchist/non-conformist ideas who's also crazy and, according to Cole, perhaps responsible for the virus. The scenes between Jeffrey and Cole in the madhouse are the best in the movie, Pitt's eyes, voice and quirky mannerisms convince you he's really a crazy guy locked in a warped logic only he understands. Pitt's Oscar nomination was well deserved! Surprising was also Bruce Willis' performance: his I didn't remember very well, but it's beautiful and full of sensibility; he plays a man who spent almost all his life underground, and when he comes to the past you'll share his childish fascination with something as simple as breathing the fresh air of the morning or watching the sun go up. Cole is a rather ambiguous character, Peoples' tried to imbue some darkness in him, and he does other disturbing things to other people and to himself: the scene where he removes his own teeth reveals how far his dementia has gone unchecked. Ironically Cole didn't start as a crazy character, but when he starts warning everyone about the end of the world, he's considered mad and convinced it's all in his mind, until he arrives at a point when he can't distinguish past from future, reality from fiction. Willis spends a lot of time looking confused and insecure, and it works perfectly. One of the fun twists in the narrative is when Cole's shrink, Dr. Kathryn Railly, finds undeniable proof he's really from the future and now has to convince him again of his mission to save the world. The screenplay is full with weird twists like this and it keeps the movie in a fast pace. Their relationship is also well-handed, although perhaps a bit compressed for time's sake. But I enjoyed watching Cole and Railly falling in love and trying to escape the authority of the future to live a peaceful life in the past. But then things end in a tragic/bittersweet climax at an airport, wrapping all the pieces together, which will blow many minds away.<br /><br />There are two great endings in this movie, a twist in the sense of Se7en or Fight Club, and a more intimate ending where Railly is crouching next to Cole who's just been shot and looking around for a younger James Cole who's witnessing his future self die; the two share a brief look, and she smiles at him. The twist is brilliant, but I prefer this ending for emotional impact. Madeleine Stowe is very good playing Dr. Railly, she drew many different emotions from me in her performance. The movie is filled with a sense of fatalism with the idea the past can't be changed: this movie shows that in a terrifying way. It reminds me of Chinatown in that sense, the way Jake Gittes messes everything up the more he tries to help. Railly's character shares that fatalism, the more she tries to help Cole  first dealing with his 'madness' then helping him in his mission  the more they're sucked into tragedy.<br /><br />The twist ends with a hopeful note, though, with the feeling Cole's mission hasn't been in vain. Twelve Monkeys is a great movie to watch if one wants to be entertained; it's not supposed to be art, although it's more artists than many artistic movies. It's an unpretentious movie where all elements, from music to editing to costume design, etc., came together beautifully to produce a modern cinema masterpiece.",positive
"Shot in the Heart is wonderful. It brilliantly illustrates the plight of Gary Gimore, a convicted murder who requested death. Shot in the Heart shows the ordeal that Gilmore's family, torn up by hatred, went through. This movie is an incredible psychological study, and is wonderfully depressing and uplifting. 10/10",positive
"""Ambushed"" is no ordinary action flick. It's much to bad to be ordinary. One man walks toward another with a machine gun blazing. The other man fires one round and fells the man with the greater fire power without so much as a nick from the hail of lead raining down on him. Guess which one is the good guy. Duh. Such is ""Ambushed"" through and through. Not a good action flick, not a good drama, not a good movie, ""Ambushed"" fails on all levels with it's cast of B-movie veterans mechanically going through the motions almost as though they know they're making a real loser. Not recommended for anyone.<br /><br />",negative
"The following ""review"" is one from the wrong side of the tracks, meaning two things: You will hear nothing but praises coming from me and don't be fooled by my rating. I also could tell you that this review contains no spoilers, but technically... that's a lie.<br /><br />Well,... Screw the review. I'm just going to ramble a bit. It has been a while since I had so much fun with such a bad film. And if you cannot enjoy this piece of utter drivel, then you simply have no sense of humor. First off, this movie was meant to be taken seriously, and that's the main aspect were the fun is coming from. The story? A doctor's son is terminally ill. Daddy-Doctor decides that a hart-transplant must be the only way of saving his son. So, in true mad-doctor-style, he decides that the heart of a gorilla will do the trick. Of course, the gorilla-heart is ""much too potent for a human"", so sonny-boy transforms into this hideous Ape-Man that immediately breaks free and goes on a killing and raping spree (because that's simply what any horny beast would do, isn't it?). The make-up of our Ape-Man is hilarious. There's simply no other way of putting it: The guys' face looks like a turd! I'm talking human excrement here, the solid brown kind! Beautiful! The gore in this flick is wonderful too: Aside from real footage of an open-heart surgery, we also have incredibly fake (but quite nasty) looking blood & gore effects: a decapitation, an eye-gouging, a throat-ripping, the scalping of someone's skull,... It's hilarious, and indeed it's quite incomprehensible why NIGHT OF THE BLOODY APES ever made it to the notorious UK Video-Nasties list, because all of the nasty things portrayed in this film are simply too ridiculous to be taken seriously. Oh, and there's only one bloody ape running around in it too, by the way. So, needless to say that LA HORRIPILANTE BESTIA HUMANA is a much more accurate title for this terrifying and convincing tale of science gone horribly wrong.<br /><br />When not trying to shock with poorly staged acts of bloody violence or random portrayals of female nudity, this movie manages to be highly entertaining with ingredients like nonsensical dialogues, cheap cardboard sets, plot stupidity and incredibly bad acting. Just a few random examples, maybe? About the sets: One can clearly see that the set-designers just used the same walls, doors, windows (etc.) over and over again to be build various different interior sets (e.g.: One side of the hospital room - the window side - where the unconscious wrestling girl lies, looks suspiciously similar like the window side of the basement-laboratory from where Ape-Man escapes; The set-designers also took one of the side-windows from the laboratory, made it a bit larger and just placed it in the conference-room of the hospital; All the walls in any building are the same grey-ones;...). Then there's the setting of the park. Clearly shot in a studio, you can see (on several occasions) that the grass is loose. Whenever there's some struggling/fighting/raping going on, the grass just shifts and shuffles and you can see the grey concrete from the studio-floor beneath it.<br /><br />Just a few random lines that come out the actors' mouths: <br /><br />-- In the conference-room where all the doctors are debating the disappearance of Unconscious Wrestling Girl (a disappearance that would of course mean bad publicity for the hospital), Daddy-Doctor intelligently utters ""We find ourselves in a situation that is difficult"".<br /><br />-- During that same debate a colleague-doctor cleverly remarks ""A sleepwalker! Any sleepwalker gets up."", hereby providing a solid excuse for the disappearance of Unconscious Wrestling Girl.<br /><br />-- After our investigating detective, through the amazing process of his own logical deduction, concludes and tells his superior that the murderer must be a half man/half beast, his superior answers that it's absurd, adding the line ""It's more probable that of late, more and more, you're watching on your television many of those pictures of terror""... Truly one of the best lines of the movie.<br /><br />Other sources of laughter: <br /><br />-- The two scenes were Daddy-Doctor and his Igor-like assistant kidnap the gorilla from the zoo and Unconscious Wrestling Girl from the hospital - these well thought-out acts of abduction are like taking candy from a baby.<br /><br />-- Daddy-Doctor speaks to God a lot, doesn't he?<br /><br />-- Sonny-boy calling Daddy-Doctor ""Papa"" on more than one occasion.<br /><br />-- An old lady screaming ""Aaargh!!! A dead man! A dead Man! A Dead Man!! A DEAD MAN!!!"".<br /><br />-- The plot periodically stops to wallow in scenes of women wrestling, only to go on again and do nothing with that concept. Sure, Daddy-Doctor replaces Sonny-Boy's gorilla-heart a second time with that of Unconscious Wrestling Girl, but do you think something spectacular happens after that? Like Ape-Turd-Man growing breasts or something, trying to rape men this time? Our leading living wrestling beauty (Norma Lazareno) doesn't even go into a climactic wrestling contest with Ape-Turd-Man near the movie's finale... But Ape-Turd-Man does start to show some motherly love near the end... almost (and I say ""almost"") in true KING KONG-style (i.e. the top of a building and people on the ground pointing and screaming).<br /><br />Okay, I think that's enough now. I chipped in more than my two cents here. Vomitron's Rational Rating for this sleazy piece of hilarious dreck: 2/10. Vomitron's rating From the Wrong Side of the Tracks: 8/10. Go see this film, people. It is well worth it!",negative
"This typical Mamet film delivers a quiet, evenly paced insight into what makes a confidence man (Joe Mantegna) good. Explored as a psychological study by a noted psychologist (Lindsay Crouse), it slowly pulls her into his world with the usual nasty consequences. The cast includes a number of the players found is several of Mamet's films (Steven Goldstein, Jack Wallace, Ricky Jay, Andy Potok, Allen Soule, William H. Macy), and they do their usual good job. I loved Lindsay Crouse in this film, and have often wondered why she didn't become a more noted player than she has become. Perhaps I'm not looking in the right places!<br /><br />The movie proceeds at a slow pace, with flat dialog, yet it maintains a level of tension throughout which logically leads to the bang-up ending. You'd expect a real let down at the ending, but I found it uplifting and satisfying. I love this movie!",positive
"""I haven't laughed this hard since granny got caught in the wringer,"" says one of the potheads in this hilarious quasi-spoof of all those Val Lewton and George A. Romero walking-dead movies we have come to love (or loath, depending on your personal taste) through the years. <br /><br />In this story, a young actor pair play a ghoulish prank on the rest of their troupe after, one spooky night, they visit a cemetery island. Their artistic director, Alan, pretends to bring the dead back to life by conducting a highly stylized ritual.<br /><br />Way too much screen time is misspent; the amateur dialog includes lame witticisms, melodrama and other kinds of unnecessary filler commentaries (And can't Alan stop that irritating laughter... way too much!). Once the action kicks in (which comes close to the end of this film), it's worth the wait. <br /><br />I saw this one on a late-night, local station television program that ran films very much like this one... only this one scared me at the age of 13... but then again, you might laugh your way through it, until the bitter end... ...which is probably the reason, nowadays, why very few people still wear striped hip-huggers.",negative
"I can't believe that anyone would green light this let alone voluntarily star in it. I will never be able to get that 90 mins of my life back.<br /><br />This has to be one of the worst films I have ever seen. Some films are so bad they're good. This has gone so far round again that's somehow it's so bad it's terrible. I was not exactly expecting much, it being a low budget, bandwagon jumping, rehash of a B Movie, but it still came in way under my expectation levels. Even TV movies have higher production values.<br /><br />There were (very) poor special effects, shocking dialogue, terrible acting and a completely unexplained plot. Who cursed her and why, why did the 6 inch snakes turn into 15 foot snakes, has anyone ever heard of highly venomous garter snakes or pythons? 100 passengers? 3,000 snakes? So many promises, none delivered. <br /><br />Some comments would have you believe that this film is worth watching for the last five minutes. It's not even worth a rental. Stay in and watch a low budget TV movie, you'll enjoy it a lot more. <br /><br />Why was this made? Oh yes, to shamelessly cash in on the internet phenomenon that is SOAP. Shame on you Mallachi Brothers, shame on you",negative
"This is like a school video project and a propaganda film that puts the whole class as well as the teacher to sleep.<br /><br />Utterly boring long silent(yes, silent) strings of unrelated video clips.<br /><br />Instead of this movie watch the paint dry or the grass grow- it will be more interesting unless you enjoy seeing Arabs being malicious to everyone around them.<br /><br />Sulieman (the Director) should be embarrassed of this lame waste of film.<br /><br />It deserves a one for the movie quality, a zero for the ridiculous propaganda message and a negative number for the script (or lack thereof.)",negative
"WARNING:I advise anyone who has not seen the film yet to not read this comment.<br /><br />When I first started to watch this movie my expectations were it was a vampire movie, that is going to be awesome considering how Rodriguez and Tarantino both helped make the film. I began about 15 minutes into it and already my hopes for this movie were down the drain, which shocked me. First, the story it was going with was not at all appealing in anyway possible, and just flat out boring and uncompelling to the point where I just wanted to turn it off. I was getting more frustrated with this movie as it dragged on, but I guess I had hopes that it would get better.... then when it finally showed vampires it BLEW MY MIND, in a VERY bad way. I thought,""Okay this movie started with some backwash horrible story about these two criminals, then VERY slowly turned into some vampire movie which I thought it was going to be from the beginning, in like, the last 30 minutes?"" To add on to that, they try to make the main characters all cool and awesome and mean around the end when they're just not; A bunny would've been more intimidating than these characters! This movie is a horrible piece of crap!!! From Dusk Till dawn disgraced me and left a terrible taste in my mouth, disheartening thoughts in my head, and left my body unable to move from the horrible shock that I just wasted 108 minutes of my life away on a horrendous film. I do not understand how George Clooney, Quentin Tarintino, Cheech Marin and Danny Trejo, all being the good and honorable actors that they are, could take part in this useless filth. In my opinion, From Dusk Till Dawn is one of the worst movies ever made that I have suffered my eyes on. Do not see it, you'll be doing yourelf a GREAT favor...",negative
"Originally aired as an ABC Movie of the Week. This involves two young innocent female college students who are railroaded into a prison camp in a little Southern town. They aren't allowed phone calls and nobody knows they're there. What follows is rape, torture, beatings, humiliation and degradation leading to a very disturbing conclusion.<br /><br />The TV version was (for its time) grim. No nudity and the beatings were pretty tame but the overall feeling of sleaziness wore one down. The unrated version is even worse--there's plentiful nudity, the violence is extreme and, in one particularly disgusting sequence, we see a crying female prisoner forced to strip while a lesbian guard ""uses"" her. YUCK! There's nothing wrong with exploitation films but this one just goes over the brink. You get the feeling that the filmmakers enjoy having these poor women being tortured and degraded--all this is shoved in your face like you're supposed to enjoy it. The needlessly downbeat ending doesn't help.<br /><br />I'm giving it a 3 because the acting is good--but that actually makes the movie harder to watch. A sick, sleazy film. Not recommended.",negative
"I saw the premier of this movie during the 2005 Phoenix Film Festival and was very impressed with the skill Director, Jeff Hare, exhibited in bringing this timely topic to the screen. The cast of characters meshed perfectly and allowed us to examine the issue of a senior wishing to die on ""his own terms"" in a very warm and humorous way. Peter Falk was brilliant as Morris and the supporting group of family members and friends were perfectly cast in their roles. The interaction of the family, friends and outsiders with Morris created a realistic view of how families address the issue of their parents aging and their wishes to die with dignity.<br /><br />Although this movie is ostensibly a movie about a Jewish Actor and his family, it is truly a movie about all families. The jokes the family and Morris crack during this romp through the life of a ""Force of Nature"" are fresh and realistic. Childhood rivalries, adult successes and failures, and hope for the children are integral to this screenplay. While many will question how you can make the topic of suicide ""humorous"", I thought the treatment logical and timely. If you are not afraid to shed a few tears or laugh at the quips of a family struggling with this issue, then you MUST SEE THIS MOVIE.<br /><br />The movie was awarded ""Best Picture"" at the Phoenix Film Festival.",positive
"This is a children's TV series about a Mary-Sue who is at the same time, mean and bitchy. I couldn't bring my self to sit through 3 episodes of Zoey101. Not to mention that Jamie Lynn Spears can't act to save her life! What message does this show bring to kids? If you're not perfect like Zoey, you're unworthy *rollseyes*.<br /><br />It's absurd how Zoey's character is exactly the type of person who would be despised in real life yet she manages to become so popular. Then there is Chase who is basically a lovesick puppy who worships the ground Zoey walks on. Then there is the fact that all the other characters seem to have been dumbed down in order to stop them from outshining Zoey. I'm sorry but the characterization in this show = extremely unrealistic.",negative
"Why oh why don't blockbuster movies simply stick to their selling point? Everyone in the cinema, young and old, was there to see talking animals make jokes, and whilst they did that we were all happy... And then, as with Lost In Space, came the two killer blows - plot and sentiment. Who really cared what happened to the tiger or whether Eddie Murphy made up with his daughter? Not me, that's for sure.",negative
"This movie was the worst movie I have seen since ""Date Movie."" I was laughing through out the whole movie instead of being scared. It was funny how the snakes would search for particular section of the passengers body to attack for example, the eye, the tongue, the butt, the breast. If we have seen national geographic channel we know snakes wont stay clinched on the body once they bite. For each particular scene the snakes would bite the passengers and would stay on the body biting the person. I believe the producer did not study his information on snakes and their behavior. I cant believe I wasted my money on this movie.So I don't recommend this movie trust just wait until it is at the dollar theatre or rent it.",negative
"Of course, how could he. He obviously co-opted several aspects from that excellent movie, which was also based on the sensational French case of the self-described ""doctor in the World Health Organization"" who murdered his family and himself when finally unmasked as a fraud. Emilio refers to his son as ""monster,"" he sings to the radio in his car, he hangs out on park benches, and he specializes in investment schemes to defraud his family and friends -- all of this and more directly lifted from ""Time Out,"" which came out the year before ""Nobody's Life."" It's too bad because this movie is pretty good on its own, with good acting and writing. Whereas Vincent from ""Time Out"" is a much more subtle character who seems to have a sense of ethics even though at times it gets twisted into knots, the protagonist here seems devoid of any character at all save for his winning looks and charm. Seriously, the part where he used X-rays that show his mother-in-law's cancer to bilk more money from his father, then utilizes a subtle twist on the same scam to avoid eviction from his fancy home for failing to pay the lease on time -- it's almost too much. The guy has no shame whatsoever, In fact, he's more like the lead in ""Stepfather"" than some poor schmuck who gets fired and is so humiliated that he can't face the disappointment of his family and friends and feels forced to invent a shiny new life for himself, as Vincent did in ""Time Out."" Thus, one could feel the tension mounting in ""Nobody's Life"" and the violent conclusion coming. One thing ""Nobody's Life"" has that ""Time Out"" definitely lacked was a love interest apart from the protagonist's trusting wife. It's not hard to understand how the sexy babysitter was able to fascinate and ensnare Emile to the degree that he ignored the danger of her natural curiosity and allowed it to lay bare his less than carefully constructed con. Given the reservations mentioned, this is a pretty good movie that we found entertaining. If you long for something touching on similar elements that goes a might deeper and is more intellectually and spiritually satisfying, I strongly suggest ""Time Out.""",positive
"this is film is probably one of the best i've seen so far. i would put it only second to All About Lily Chou-chou because it kind of gives me the same vibes....'9 souls' is about 9 prisoners who have just escaped prison to go and find some counterfeit money stored in a time capsule at Mount Fuji Primary School. they later find out that there wasn't much there and set off on their own ways. the first half of the movie is just a time for the characters to be introduced and for the main points to be stated. it is a comedic yet serious part of the journey. the second half, moved me to tears. as the movie progresses, each character goes and tries to fulfill their dreams, but unfortunately ending somewhat badly. in the end only 2 of the 9 escapees are left. the way that each character left the scene was very sad and you will probably feel tears in your eyes. a beautiful film directed fantastically. this is a movie for people who have enjoyed Toshiaki Toyoda's other films such as 'Blue Spring'.",positive
"Where oh where to begin in describing the comprehensive wretchedness of Neil LaBute's latest attempt at film making? <br /><br />There are many kinds of film fans out there, but by far the most annoying and shallow is Mr. Intriguing. You know Mr. Intriguing, don't you? <br /><br />He's the fellow that no matter how stupid, lame, and incomprehensibly dull a film is, he says ""Gee, I don't know why everyone hated it, I found it intriguing."" He's the kind of guy who finds the scent of dog poop intriguing. Especially when he smears it in the shape of a Hitler mustache on his upper lip and marches about the house ranting about the brilliance of science fiction that features thinly veiled references to Greek mythology. He's also the guy this version of The Wicker Man was made for. No one else could stand it.",negative
"OK where do i begin?... This movie changed my life! The plot was seamless. James Cahill has out done himself. Initially after a first viewing i was disappointed that i hadn't seen it on the silver screen. However this was before exploring the DVD's many features!!!! Oh my god Jakes Cahill's commentary of the film was almost as flawless as his acting. he told of industry secrets used in the film that you only get with experience.<br /><br />I was so impressed by the other actors. The scene where the security guard is talking to the girl in the hallway, reminded me of some of my favorite blue (pornographic) movies. I am certainly with Gangsta when he expresses his disappointment with no sequel.<br /><br />I am still blown away with each viewing of the martial arts skills involved, matched only by the sign indicating the location of the library at the school... and possibly the guy playing a retard! All in all a timeless classic and the best film to come out of Europe in years! where my Oscars at dawn!!!!!!!!!!!",positive
I switched this on (from cable) on a whim and was treated to quite a surprise...although very predictable this film turned out to be quite enjoyable...no big stars but well-directed and just plain fun. With all the over-hyped crap that is out there it is very nice to get an unexpected surprise now and then... and this little film fits the bill nicely. 9/10,positive
"Why, o' WHY! ...did I pick this one up? Well... i needed a no-brainer in the summer heat, and the cover looked cool.<br /><br />Of course I should've known better. This is a really, really bad movie. And it gets embarasing when the makers know it's bad, and try cover it up by adding some sexy/beautiful women, and some sex-scenes to it. Well, folks... it does'nt cut it, does it!<br /><br />If you WOULD like a cool movie about a big reptile that is actually very, very good, well-played and funny: go rent Lake Placid! (that is an order)",negative
"""Ice Age"" is one of the cartoon movies ever produced by Blue Sky Studios and released in 2002 as the company's first. We are introduced to the main characters: a squirrel named Scrat (voiced by Chris Wedge, AND PLEASE NOTE: the sound of Scrat's screams is the sound of Tom's screams from the ""Tom and Jerry"" cartoons), a woolly mammoth named Manny (voiced by Ray Romano of ""Everybody Loves Raymond""), a sloth named Sid (voiced by John Leguizamo of ""Titan A. E.""), and a saber toothed tiger named Diego (voiced by Denis Leary of Pixar's ""A Bug's Life"").<br /><br />The movie opens with Scrat trying to bury an acorn and right after that, he caused an avalanche. We then see a herd going south for the coming Ice Age (except for Manny, who is going the other way looking for other mammoths that looked like him). Sid comes out of his cave yawning, and saw that his family abandoned him. He then pays toll with some aardvarks. Unfortunately, he gets pursued by Sylvia (voiced by Kirsten Johnston of ""3rd Rock from the Sun""), a female orange sloth, who wants Sid to go migrating with her. Sid eventually teams up with Manny, and they became friends.<br /><br />Meanwhile, nearby a human tribe, Soto (voiced by Goran Visnjic), an evil saber toothed tiger, wants revenge against the tribe's leader for wiping out half of his pack just by stealing his infant son, Roshan, away from him. In the morning, he, Diego, and Soto's henchmen, Lenny (voiced by Alan Tudyk), Oscar (voiced by Diedrich Bader), and Zeke (voiced by Jack Black) attacked the tribe, but the leader's wife escaped with Roshan and gave him to Manny and Sid to look after. Eventually, Diego joins them, and went on a journey to return Roshan back to his tribe, who are also looking for him as well. Relax and watch the rest of the movie and find out, okay? Besides Manny, Sid, Diego, Scrat, Sylvia, and Roshan, the supporting characters in there including a pack of wolves that Roshan's tribe are using, and not to mention a fat female purple sloth named Jennifer (voiced by Jane Krakowski), and a skinny female yellow sloth named Rachel (voiced by Lorri Bagley), to whom Sid shows them Roshan as they relax in a tar pit. Incidentally, the two rhinos, Carl (voiced by Cedric The Entertainer of PDI's ""Madagascar""), and Frank (voiced by Stephen Root of Pixar's ""Finding Nemo""), who go after Sid for ruining their meal and confront Manny on a cliff, are simple minor characters. Same went for the dodos, who are using melons as their food supply.<br /><br />The gags in this movie are very funny. For instance, Manny talks through his trunk saying, ""I'M NOT GOING!"" When Jennifer and Rachel are out of the tar pit, Sid asks Jennifer ""What do you say if we jump into the gene pool and see what happens?"" Jennifer then responds to him, ""What do you say if you go jump into the TAR PIT!?"" Rachel also then kicks Sid in the waist. Sylvia sees Diego holding Sid by the neck with his teeth, then she asks Sid if he's holding his breath, tells Diego to eat him, and promptly walks off.<br /><br />Since ""Ice Age"" is not only a success, but it has 2 sequels: the first one was ""Ice Age: The Meltdown"", which was released in 2006, and the other was ""Ice Age: Dawn of the Dinosaurs"", which is going to be releasing next year. I can hardly die waiting to see what ""Ice Age: Dawn of the Dinosaurs"" will be like.",positive
"My parents may enjoy this show, but I fail to find the humor in it. What is so funny about a dentist husband impregnating his hygienist assistant and the oldest daughter getting impregnated by the captain of the high school football team? Absolutely nothing! It's a shock to me sometimes what people think constitutes humor nowadays. Blame that on shows like ""The Dating Game"" and ""The Newlywed Game"" bringing the issue of sex to the forefront in the mid-1960s. Sure, the series has its touching moments, still that's no excuse for the content that otherwise went into this series. This is nothing like the family-oriented days of ""I Love Lucy"" some five decades before. <br /><br />An answer I would have to why this series plays on the Lifetime cable channel is because that channel's brass think women can relate to Reba's character! I absolutely dislike the character of Reba Hart's daughter, Kyra. She is best described as a ditsy and bitter teenager! Funny, I wonder if the actress who played Kyra; Scarlett Pomers, is like that in real life away from acting. Who plays the blockhead ex-husband dentist, Christopher Rich, is not much better. Barbara Jean, played by Melissa Peterman, is ditsy in herself! The characters of Van and Cheyenne are also very annoying.<br /><br />Something else that baffles me is why the dingbat-of-a-series creator, Allison M. Gibson, decided to set the series in where I live 25 miles away from; Houston, Texas! Reba McEntire isn't even from this state, she's an Oklahoman! Why is it during one season or more they decided to make the incidental music sound like a pig snorting? What I mean by that is where we hear this baritone saxophone being played with drums accompanying it, but the melodies are basically tuneless!",negative
"""Most of us at least inhabit two worlds , the real world where we are at the mercy of circumstances and the world within ,the unconscious ,a safe place where we can escape ..."" With those words ,Mr .Gone introduces inside the world of ""The Maxx"" a fascinating world where the fantasy and the reality are combined . Inspired in the comic books of Sam Kieth, ""The Maxx "" is very faithful to the material in what it was inspired , not only in the story but also in the graphic style ,that look like the pages of the comic ,giving this show a surreal and unique appearance . But also ,the story it's interesting and entertaining .At moments it could turn too weird ,but when you got inside it ,it's hard to get out of it . The story and the characters are wonderfully developed . The music goes perfectly with the style of the show and give it the proper atmosphere . Unfortunately , like many good animated shows ,this one was short -lived . ""The Maxx"" is a must see . It 's one of my all -time favorites .",positive
"I am from the Dallas/Fort Worth area and lived in Arlington for a few years. This movie was way off as far as making it look like Arlington. I saw mountains in the background of one scene! Texas doesn't have mountains. I guess that happens when a movie that is supposed to be in Texas is filmed in Canada. The accents are also really bad. They should have gotten actors from Texas to play the parts. There a lot of aspiring actors from Texas out in Hollywood. The movie is really sad though, because it is a true story. I pray that the killer is found and convicted. The one good thing is that bc of her death, we now have the Amber Alert to help find missing children quickly after they are abducted.",negative
"I want very much to believe that the above quote (specifically, the English subtitle translation), which was actually written, not spoken, in a rejection letter a publisher sends to the protagonist, was meant to be self-referential in a tongue-in-cheek manner. But if so, director Leos Carax apparently neglected to inform the actors of the true nature of the film. They are all so dreadfully earnest in their portrayals that I have to conclude Carax actually takes himself seriously here, or else has so much disdain for everyone, especially the viewing audience, that he can't be bothered letting anyone in on the joke.<br /><br />Some auteurs are able to get away with making oblique, bizarre films because they do so with élan and unique personal style (e.g., David Lynch and Alejandro Jodorowsky). Others use a subtler approach while still weaving surreal elements into the fabric of the story (e.g., Krzysztof Kieslowski, and David Cronenberg's later, less bizarre works). In Pola X, Carax throws a disjointed mess at the viewer and then dares him to find fault with it. Well, here it is: the pacing is erratic and choppy, in particular continuity is often dispensed with; superfluous characters abound (e.g., the Gypsy mother and child); most of the performances are overwrought; the lighting is often poor, particularly in the oft-discussed sex scene; unconnected scenes are thrust into the film for no discernible reason; and the list goes on.<br /><br />Not to be completely negative, it should be noted that there were some uplifting exceptions. I liked the musical score, even the cacophonous industrial-techno music being played in the sprawling, abandoned complex to which the main characters retreat in the second half of the film (perhaps a reference to Andy Warhol's 'Factory' of the '60s?). Much of the photography of the countryside was beautiful, an obvious attempt at contrast with the grimy city settings. And, even well into middle-age, Cathering Deneuve shows that she still has 'it'. Her performance was also the only one among the major characters that didn't sink into bathos.<br /><br />There was an earlier time when I would regard such films as ""Pola X"" more charitably. Experimentation is admirable, even when the experiment doesn't work. But Carax tries nothing new here; the film is a pastiche of elements borrowed from countless earlier films, and after several decades of movie-viewing and literally thousands of films later, I simply no longer have the patience for this kind of unoriginal, poorly crafted tripe. At this early moment in the 21st century, one is left asking: With the exception of Jean-Pierre Jeunet, are there *any* directors in France who know how to make a watchable movie anymore? Rating: 3/10.",negative
"On many levels it's very good. In fact, considering that this was a low-budget British indie by a first time feature-director with a largely neophyte cast, it's a magnificent achievement. I don't know how much it cost. The figure of £8,000 was bandied about in publicity but you never know how reliable a figure like that is. The point is that this film looks like it cost a couple of million quid and it clearly cost a tiny fraction of that Great special effects, terrific production design, effective props and costumes, excellent photography, good acting and direction, an impressive score and an absolutely stunning sound mix. Even having said that, much of the script was great. The characters were clearly identified and all had something to do. This is a movie about ten men all dressed roughly the same in one location and it would be easy for them to be nameless, faceless blanks but these were ten characters - mostly that was done through the dialogue and the way they reacted to things. Throughout the middle act, when the plot was developing, the script told the story well and showed how it affected the characters. If the whole film was like the second act, it would be stunning.<br /><br />Before the ship blows up, twelve people make it to individual escape pods or 'e-pods' which blast away from the ship. They're not much more than automatic metal coffins and the poor sods inside are trapped, cramped and have no real idea where they're going - but that makes sense. I like the e-pods - they're an excellent idea done very well and make more sense than a nice, roomy escape capsule. I also like the way that we are specifically told, later, that they are designed for ship-to-ship escape but can just about make planetfall in an emergency - because, let's face it, these guys were bloody lucky that their ship was blown up so close to a planet. That said, it doesn't look to me like there are 116 unused e-pods still on the freighter and you have to wonder how the prisoner is able to get into an e-pod - but in he gets. (And it has just occurred to me: shouldn't the Captain have gone down with his ship rather than being the first guy out of there?) Anyway, the e-pods all land on a barren planet with nothing but sand and sparse vegetation - or at least on a sandy, sparsely vegetated part of the planet which may have icy wastes and lush jungles elsewhere. Nah, it's a planet in a sci-fi movie - it will be exactly the same all over. We have to accept that all the e-pods come down within a few miles of each other so that the ten survivors are able to meet up, firing flares into the sky to locate each other.<br /><br />The Captain, a muscular mountain of a man who could have a pretty good career in action flicks if he gets the right agent, decides that they should try and contact 'Captain Behan' with whom they were intending to rendezvous. But they cannot do this from the planet, they need to get into orbit. The engineer says that if they combine the power units from two e-pods they can probably give one of them enough juice to lift itself on anti-grav doodads high enough to blast above the atmosphere. It can all be done on automatic but it will need a 'pilot' to send the signal. The captain valiantly volunteers for this but in a commendably sensible move the engineer points out that putting the heaviest man into the somewhat dodgily repaired e-pod is ridiculous and that it needs to be the lightest member of the team. That's Kid. I really liked the way that he now points out that his name is David and the Captain starts using it, treating him with dignity and respect. That was good storytelling and good characterisation.",positive
"Just about everything in this movie is wrong, wrong, wrong. Take Mike Myers, for example. He's reached the point where you realize that his shtick hasn't changed since his SNL days, over ten years ago. He's doing the same cutesy stream-of-consciousness jokes and the same voices. His Cat is painfully unfunny. He tries way to hard. He's some weird Type A comedian, not the cool cat he's supposed to be. The rest of the movie is just as bad. The sets are unbelievably ugly --- and clearly a waste of millions of dollars. (Cardboard cut-outs for the background buildings would have made more sense than constructing an entire neighborhood and main street.) Alec Balwin tries to do a funny Great Santini impression, but he ends up looking and sounding incoherent. There's even an innapropriate cheesecake moment with faux celebrity Paris Hilton --- that sticks in the mind simply because this is supposed to be a Dr. Seuss story. Avoid this movie at all costs, folks. It's not even an interesting train wreck. (I hope they'll make Horton Hears a Who with Robin Williams. Then we'll have the bad-Seuss movie-starring-spasitc- comedian trilogy.)",negative
"(Caution: several spoilers)<br /><br />Someday, somewhere, there's going to be a post-apocalyptic movie made that doesn't stink. Unfortunately, THE POSTMAN is not that movie, though I have to give it credit for trying.<br /><br />Kevin Costner plays somebody credited only as ""the Postman."" He's not actually a postman, just a wanderer with a mule in the wasteland of a western America devastated by some unspecified catastrophe. He trades with isolated villages by performing Shakespeare. Suddenly a pack of bandits called the Holnists, the self-declared warlords of the West, descend upon a village that Costner's visiting, and their evil leader Gen. Bethlehem (Will Patton) drafts Costner. After much misery and numerous efforts to break Costner's spirit, he escapes, thus ending a lengthy section of the movie that could have been told better in a three-minute flashback.<br /><br />We now finally get to the major premise: the escaped Costner finds an abandoned mail truck and delivers the letters to the nearest town, hoping to get some food under pretense of being a postman. A number of the village people led by young Ford (Larenz Tate) want to get in on this postman act, which does not sit well with Bethlehem and his bandits, and Costner finds himself the unwitting and unwilling leader of a band of postmen at war with the Holnists.<br /><br />The idea of The Postmen versus The Bad Guys is not as ridiculous as it sounds. The Holnists depend for their livelihood on the fact that the villages they prey on are isolated from one another; the Holnists can destroy any one village, but could not stand against all their victims united. To unite, the villages must communicate with one another, and a working mail system would thus be a big step toward putting the Holnists out of business. So it really makes a lot of sense that Bethlehem would get medieval on our heroic mail carriers. Unfortunately, Bethlehem's eventual defeat is not the result of the villages uniting against him, but instead your old standby cliche, the one-on-one brawl between him and Costner. Nor is there even any real attempt by the communities to use the mail to work together to solve their problems; all the mail seems to be the standard ""Hi, Aunt Debbie"" stuff played for maximum sentimental value.<br /><br />THE POSTMAN is one of the most predictable movies, shot for shot, that I have ever seen. Now, I don't purposely try to ruin movies for myself by straining to figure out what's going to happen next. But here we're talking about the kind of predictability that requires no effort; I just knew what was going to happen next whether or not I wanted to know. After a lion is prominently showcased eating people, a Holnist bandit seeking the escaped Costner ventures into the bushes after a noise, and we are then ""shocked"" when the lion eats him. A bunch of unoffending villagers are rounded up and shot by a firing squad, and one of the villagers sings out some Famous Last Words right before being shot, to my immense lack of surprise. A covered statue is unveiled to show exactly what everyone knew was going to be there: Costner bending to pick up a letter from a cutesy kid we saw earlier in the movie. A man tells Bethlehem that no sir, you can't just take my wife; Bethlehem runs the unsuspecting sod through, though he is the only person in the theater who is unsuspecting.<br /><br />But it is rank, cloying sentimentality that really undoes THE POSTMAN. Olivia Williams, playing Costner's lover Abby, is worst served. She pours her heart into the material and gives her very best effort to make it sound natural and sincere. She tries so hard, it's heart-breaking. But nobody could ever have made the lines ""I have a gift for you, Postman . . . You give out hope like it's candy in your pocket"" sound like anything but the syrupy pap that they are. Another example is the scene where a mounted Costner thunders past a little boy, ignoring his proffered letter, only to turn around, stare at him for what seems like five minutes, and then thunder back to pick up the letter. Why didn't Costner just pick it up the first time? No real reason; it's just an artifice that tries and fails to give us a feeling of elation by dashing the kid's hopes and then restoring them.<br /><br />Schmaltz and predictability unite at the end as the statue of the Postman is revealed. I sat thinking, ""Please don't tell me they're going to show the statue and then cut back to the scene with the cutesy kid. Surely that is too saccharine, too obvious for even this movie."" Then, alas, the music swelled and we did indeed cut back to the dreaded little boy smiling as his letter to his maiden aunt is whisked away, and I held my head in my hands and thought, ""Somebody shoot me."" It felt like having thirty pounds of apple pie rammed down my throat.<br /><br />Gen. Bethlehem is a more humanized villain than normal. Your standard-issue post-apocalyptic villain is the meanest, toughest S.O.B. in the valley. Bethlehem is shown to be a little nothing of a man inside, who tries to make himself feel important by beating up on others. Although some menace is thereby sacrificed, Bethlehem is credible in a way most villains aren't. Unfortunately, Will Patton overacts. And although we are told early on that Bethlehem utterly destroyed his last challenger in five seconds of hand-to-hand combat, Bethlehem's actual fighting skills shown at the end of the movie are absolutely ludicrous.<br /><br />The acting is otherwise pretty good. Costner has done better, but his Razzie was an overreaction. As mentioned, Olivia Williams is very impressive. Larenz Tate as Ford does a sincere and credible job. James Newton Howard's score is competent, though short of the epic standards the movie was going for. But it's not enough to save this film.<br /><br />Rating: *1/2 out of ****.",negative
"Rented the video for a slow Saturday night. First viewing I thought it was funny. Took a while to get used to the American caricatures (here we're more attuned to British grotesques) but very enjoyable. <br /><br />Watched it again next night and really warmed to it. The characters seemed more human - lovable, even. A film one could watch several times and get more out of it each time. However, my wife *hated* it. No accounting for tastes in humour I suppose.",positive
"There are so many goofy things about this movie that I can't possibly name but a few:<br /><br />BOGART's character: 1. His name  Whip McCord (too easy, so I'll leave it at that. Boy, it makes `Humphrey' sound good.) 2. His long, curly hair and silly sideburns. 3. His Black Bart get-up, complete with spurs! 4. Not sure what shade of lipgloss they've got him wearing, but it ain't none too flattering.<br /><br />CAGNEY's character (Jim Kincaid ): 1. His lipstick doesn't do him any favors, either. 2. The man is being swallowed by his hat during the entire film! Could they not find a hat to fit him? Even a LITTLE?!!?! 3. His pants are too tight in the rear. 4. He blows the smoke off his gun one too many times, if you know what I mean, and I think you do.<br /><br />If you are a casual Bogart or Cagney fan, and figure it might be a change of pace to see them in a western, do yourself a favor and forget that thought. EVEN THE HORSES LOOK EMBARRASSED! (That is, when they don't look bored.)<br /><br />In all fairness, I admit that westerns are my least favorite film genre, but I've still seen much, MUCH better than this.<br /><br />On a comedy level, or as high camp, The Oklahoma Kid works. Otherwise, it's viewer beware. Therefore, see this only if a) you must see every western out there b) you are a TRUE Cagney or Bogie completist c) any of the above comments appeal to you. Woah..",negative
"This movie is full of pseudo deep thoughtfulness and it's cloying in its writerly-ness, that includes a canned ham voice-over and some unbelievable dialogue. Dialogue that is tinny and tone deaf the way Spike sometimes (not always) is when writing ""certain"" characters. For those that like nonsense films like Pieces of April and One Hour Photo, this is another one for you.<br /><br />That said, this comment is nothing against Ryan Gosling who has shown his awesome chops in The Believer. A film that proves that movies are a director's medium, and when a movie is rotten it's fair to say the fault lies there and not in the actors.",negative
"The Haunting is a film that boasts a really creepy house, good effects work and sound work, a cast that seems to believe that everything around them is real and that house. There are scenes that make you jump, and the sinister aspects of what went on at Hill House in the past, I found interesting. There are genuinely creepy moments in the film and I liked the way the ghosts manifested themselves in sheets, curtains and the house itself. Jerry Goldsmith's score gave it the right atmosphere and the sound design had voices popping up around you. What I wish could've happened is for something a little more intense. Jan De Bont had a PG-13 rating to contend with and I think that he held back a little too much. Poltergeist scared me silly when I saw it many years ago, and it still holds up. The Haunting could've used a few more scenes of pure terror. The ending was for me, a little anticlimactic. Overall, I enjoyed it. The acting is good and there are moments that make you jump. I just wish it scared me more.",positive
"Footprints is a very interesting movie that is somewhat difficult to categorize. ""Psychological thriller"" is the most appropriate description I can think of. The female protagonist, Alice Cespi, discovers that she doesn't remember anything of the last three days. The only clue she has is a torn photo of a hotel. She is also haunted by a recurring, very vivid, dream about a science fiction movie that she believes she saw many years ago. In her pursuit of the truth behind her amnesia she doesn't trust anyone, but little by little it becomes obvious that she has visited the town where the hotel is located before. This is an exciting flick whose main virtue is that it is virtually impossible to predict how the events will unfold, and particularly, how it will end. The unusual loneliness of the main character and the unreliability of everyone else ensure that the good old paranoid feeling is present throughout the film, whereas beautiful colors and some spectacularly filmed sequences make this a visually attractive movie as well. The important part of the one and only Nicoletta Elmi, everyone's all time favorite redheaded obnoxious child star of Italian horror, is an extra bonus.",positive
"Arnold fans will holler in joy, fans of brainless action will holler in astonishment, and Catholics will just holler.<br /><br />Illogically written by Andrew W. Marlowe and ham-handedly directed by Peter Hyams, *End of Days* gets The Terminator out of his open-backed hospital gown (Arnold Schwarzenegger's return to the big screen after his heart operation), whilst blowing things up in Mysterious Ways and blaspheming Biblical verse to give Catholics something more to whine about.<br /><br />It is 1999 and doom-sayers the world over live in trepidation of their computers going fritz and losing their downloaded porn. Even as the technological stank of Y2K muttons the New York streets, ex-cop turned alcoholic security guard, Jericho Cane (Schwarzenegger, with the perfunctory ""dead-wife-and-kid"" back-story for Loose Cannon effect), must brave theological waters to save 20-year-old virgin Christine (Robin Tunney) from being conscripted as  wait for it  The Bride of Satan. Dun dah daaaarrrh! Stupidity ensues.<br /><br />For every anti-hero, there is his anti-Christ. Gabriel Byrne is the devil here  and he's out to party like it's 1999, on a mission to impregnate Christine with the Anti-Christ between 11 pm and 12 midnight, December 31, 1999  ironically, in the hour that all porn will be lost  thereby bringing about the End of Days. Being able to read minds, conjure hallucinations and employ limitless magic, it doesn't occur to Satan to expedite the impregnation process by appearing months in advance and courting Christine as a teen model and then closing the panty raid easily at the appointed time; instead, he appears on December 28th like a Keyser Soze Terminator and wonders why she doesn't welcome him with open thighs (See above comment re: stupidity.) Here is a movie where nothing makes sense the moment it is uttered, let alone after contemplating its veracity or mythology. A priest (Rod Steiger) tells Jericho that '666' is really '999' upside down with a '1' in front of it. So wait - *Prince* is the Anti-Christ?<br /><br />Satan Soze pursues Jericho and Christine (J and C  get it?) around town, at no point doing anything which would actually precipitate their capture. In one scene, Satan recreates Jericho's wife and child to tempt him into revealing where he hid Christine. But if he can see so deeply into Jericho's mind in recreating his family with enough nuance to inspire nostalgia, why can't he see where Jericho hid Christine not ten minutes ago? <br /><br />Satan can make an assassin talk without a tongue, yet he can't make that assassin unjam a semi-automatic weapon. And when Jericho shoots Satan at point blank range, Satan is courteous enough to open his shirt to reveal the wounds closing, so Jericho won't worry unduly about Satan's health - not sanitary to go about with open bullet wounds Matter of fact, instead of simply possessing Jericho himself to get close to Christine and rape her, Satan expends so much unnecessary energy on side-projects (crucifying the tongue-less guy, blowing up Jericho's partner (Kevin Pollak) and then saving him, and then blowing him up again, ridiculously battling Jericho when he could snuff him out with the effort of thought) that we wonder whether a more efficient assassin/lover shouldn't be put on the case  say, Antonio Banderas.<br /><br />What I find most precious about *End of Days* is Arnold's valiant attempts at The Method: ""sad"" means scrunching up his eyes and not blurting out anything in a foreign accent; ""depressed"" means raising a bottle to his lips and not blurting out anything in a foreign accent; ""deathly scared"" means widening his eyes and not blurting out anything in a foreign accent. There's definitely a pattern here, if we could only decipher it.<br /><br />In the end, the devil is dispatched not by the holy men whom Catholics pray to for deliverance from apocalypses such as these, but from the atheist Jericho. While the timid men of an impotent god exhort ""faith"" and quiver in their cells doing nothing about Satan actually walking amongst them, the Prince of Darkness is thwarted by a nullifidian with a big gun and a foreign accent. Which clearly says something that Catholics blindly refuse to hear: that even if the Devil were to exist, those who have been indoctrinated to unconditionally and irrationally fear him would be unable to conjure a belief in his downfall, let alone act towards it. Further, they might not truly WANT him defeated, for only through his contrary polarity does their god's existence become tenable.<br /><br />For it is written in the Book of Revelations: ""And the Prince of Darkness shall descendeth upon the Earth without any solid game plan, and impregnate a virgin on a date which won't have any significance until the Gregorian Calendar of the 1500s adopts the day numbering which will put it in sync with the equinoxes and the Anno Domine syntax which will annoy sensible people for millennia, by which time, Christians will have forgotten Christ's actual birth date and appropriated the pagan Saturnalia festival in its stead. And the Prince shall effect a Revolution through tight purple pants and ambiguously-lesbian band members"" I can believe the people being drained of blood and crucified, and the alcoholic built like a Mr. Universe; I can believe that a giant, supernatural monster can't kill a guy armed only with a foreign accent; I can even believe that the devil needs to perform some hokey thirteenth century Celtic Druid ritual as foreplay - but what I cannot believe is the 20-year-old virgin in New York City in 1999.<br /><br />Especially around Prince...",negative
"""Indian burial ground"": If those three words appear anywhere in a real-estate listing, look for a different neighborhood. A young couple with a young daughter and a toddler-age son move into a Maine house adjacent to a pet cemetery--and, after a l-o-o-o-ng hike, an ancient Indian burial ground. Seems the Indian ground can bring Fido or Fluffy back from the dead--if you don't mind having a raving hell beast for a pet. It can do the same for dead people--if you don't mind having a homicidal zombie around the house.<br /><br />Throw in a busy two-lane blacktop, speeding big rigs, a well-meaning (if somewhat dim) old neighbor, and one kid who really doesn't get enough supervision, and I think you can figure out what happens from there--an over-the-top, illogical mess, which, in all fairness, does offer up a few scares.<br /><br />Well, there are worse Stephen King adaptations (such as ""Maximum Overdrive,"" which King also directed). But there are far better ones, too (such as ""Salem's Lot,"" ""The Dead Zone,"" and both versions of ""The Shining"").",negative
"Why did I have to go out and buy (yes buy!) JACK FROST 2: REVENGE OF THE MUTANT KILLER SNOWMAN??? Maybe it was a burst of temporary mental derangement? But I'm guessing it's because I kind of enjoyed the first JACK FROST. It was a silly but funny horror-comedy which had some okay effects by Screaming Mad George. That and the fact that on the back-cover of the sequel there was this nice picture of this guy impaled by this giant icicle (coming out of his mouth with a lot of blood and all). So I thought: if it's as idiotic as the first and has some nice splatter/gore in it, it should be fun, right? Well, I was so dead wrong! <br /><br />Let me first say that the movie deserves some credit for having an immensely insane and retarded plot. I mean, a mutant killer snowman on a tropical island that spawns mutant killer baby snowballs which can only be killed or harmed by bananas??? As much as I love the premise, I really hated the movie. First of all: while the first JACK FROST looked like an actual movie (seemingly being shot on real film and all), this sequel has the look and feel of a third-rate soap-opera. It has this way too slick shot-on-video look. The lighting is just plain awful (bright white spots for the day look, and stupid colors like blue and green at night). The acting... well don't even go there. The dialogues range from stiff to extremely senile (that Jamaican man was just moronic, saying ""man"" after every sentence). And when it comes to the voice of the killer snowman, all I could think of was a seventh-rate Chucky from CHILD'S PLAY spewing dumb and supposedly witty one-liners before he kills someone.<br /><br />The best joke was were one guy asks ""Why are you talking to your watch?"". And the best scene was undoubtedly the one with that beautiful Asian chick popping up out of nowhere and taking a swim in the pool totally naked (thank god for that!). Oh, yeah, and that little scene over the end-credits with those two Japanese dudes on a miniature ship being badly dubbed had me laughing too. But the worst thing about this movie was: Where was the gore and splatter action everyone is talking about? There were plenty of occasions to show some decent gory killings. A lot of people were killed off in original ways here, but all off-screen. Like I've read in many other comments, there were indeed nice set-ups to a head explosion, a crushed body, eyes being poked out, tongue ripped out,... but on the crucial moments the editor cuts away to some blood splatters on the floor or nothing at all. That frontal shot of that British guy being impaled (from the back-cover of the DVD) wasn't even in the movie. I only saw that particular killing filmed from the back (meaning I didn't see sh!t!). I was waiting throughout the whole movie for that to happen, and then I get to see nothing?!?! What a let-down! Could it be that I saw a cut version of the movie? That would be a shame, 'cause only a decent amount of splatter-fun could have saved this movie if you ask me. Seeing a lot of killer snowballs reduced to bloody pulp just didn't cut it for me. Speaking of those snowballs: they were done very poorly. They made MUNCHIES look like state-of-the-art 'animatronics'. But I guess that was the whole point of it. At some point, the special effects crew even turned to some laughably bad CGI. Boy, you really have to see it to believe it. Best is to not see it, actually, 'cause this flick is just too bad (okay, I did laugh with it, for it kept getting worse and worse). Just stick with the first JACK FROST (1996) and you'll be okay (just bare in mind that it's a pretty silly horror-comedy but fun in it's own right).<br /><br />It's funny, but writer/director Michael Cooney somehow must have realized that he was a pretty bad director after JACK FROST 2, and then focused on writing. Turns out he then wrote two pretty good thriller screenplays for THE I INSIDE (starring Ryan Phillippe) and IDENTITY (starring John Cusack). So the man seems to have some talent after all.<br /><br />Now it would be far too easy to give JACK FROST 2 the lowest rating possible. So I say one point for that naked Asian babe doing the skinny dipping and one point for those completely retarded snowball babies. Way to go Mr. Cooney!",negative
"Every movie from the thirties is dated, but if you were to watch only John Ford movies it would seem more dated than if you watched others. i.e. Grand Hotel is comparatively modern melodrama. With Ford, there's always the hard-sell of someone's nobility (Abe, The Joads). Always the over-emphasis of some heavy's badness. Always the poorly crafted, awkward and obvious scripts. This is no exception. It's just a rather belabored device to deliver sentiment. And sentiment is all this has going for it.<br /><br />What Ford does here doesn't make me appreciative of Lincoln, it just makes me wonder how the States were ever settled by the population of complete morons depicted here. Ford went on to make decent movies. This is too dated to be anything but bad. It feels entirely false. <br /><br />Henry Fonda with a fake nose is bizarre. And no one from Illinois would pronounce the trailing 'S,' or say ""Shonuff!""",negative
"There is a reason to call this a teen flick. Out of 100 possible points I would put it somewhere in the teens. It is predictable, the acting is horrible, especially the minor roles, and above all else it is super predictable. The ending is so hokey that I should have left early and maybe it would have passed. By the way, could you call the male lead a pervert? I bet if it really happened, someone in my school district would have said so. Finally, in the school I grew up in, even though the average class had over 1000 students, we could have picked out a chump like Josie as being a fraud and we would have singled her out of the crowd. My final word is save your time, when it comes on TV watch something better, like the stock quotes.",negative
"Treading Water is a very beautiful movie. I would put it straight under the wonderful short movie : Cosa bella from Fiona MacKenzie. It's not only about coming out but also about tolerance and acceptance in general. I am looking forward to seeing more of Laurel Himmel's work in the future. The actors, Angie Redman and Nina Landey are quite good. The main characters relationship could have been strenghtened a bit as we understand there is a very strong bond between them but maybe this could have been explained a bit. I am surprised that Angie Redman doesn't appear much in other movies. A great first step as a director for Laurel Himmel, I am sure there's more to see from her skills.",positive
"Some people have stated that as of the 11th season, South Park has started a trend of leaving behind their politically biting satire for shallow spoofs; but this could not be further from the truth.<br /><br />While this episode does spoof the Living Dead series, there is more. It is a satire of how people treat the homeless. Characters say things like ""They're pretending to be just like us"" or ""They want to be human."" This episode attacks a culture of people who ignore the lower class who are often just down on their luck.<br /><br />So yes, it is still a satire, and also a wonderful spoof. What more could you want?",positive
"WE FAW DOWN <br /><br />Aspect ratio: 1.33:1<br /><br />Sound format: Silent<br /><br />(Black and white - Short film)<br /><br />Stan 'n' Ollie get mixed up with a couple of floozies (Kay Deslys and Vera White) after setting out to visit a theatre which burns down in their absence! Needless to say, their tyrannical wives (Vivien Oakland and Bess Flowers) are not amused...<br /><br />Leo McCarey's OK comedy laid the narrative framework for William Seiter's masterpiece SONS OF THE DESERT (1934), with L&H playing brow-beaten victims of circumstance, forced to tell a monstrous lie which backfires in spectacular fashion. Much of it is very funny, especially the scene in which Stan is teased by Deslys, leading to a violent game of push and shove. However, some of the fun is undercut by Oakland and Flowers, playing their roles completely straight, which adds an element of unpleasantness to the 'henpecked husband' scenario. Originally released in the UK as WE SLIP UP.",negative
"As always Joan Hickson is wonderful as Jane M. Subtle, sharp and aware. I do not wish to dwell on her acting skills as they are praised enough on this site. I would like to criticize some of the smaller parts as the rest of the cast seemed to be hand picked by director David Tucker.<br /><br />Liz Fraser's performance as Mrs. Bent (the mother of the missing girl Nora) is a joy to watch. Subtle and deeply moving as the alcohol-depending grieving mother who loves and misses her daughter desperately. A good long shot of her monologue (thanks Tucker!) so she can be enjoyed to the fullest. I was moved when I saw her the first time when it was broadcast and I am moved again, now I have it on DVD. Brava.<br /><br />Joanna Hole as Madge the tour-guide I find highly amusing. She is on the edge of over-acting but her role can have it. She is SO funny as the over-organized guide who wants to do good with everyone on that bus, I find her hilarious. Her reaction after she boarded every-one on the bus is great... As always: to perform comedy one has to take it very seriously, and that's what Ms Hole does.<br /><br />I do hope those two ladies have good careers (as I live in Holland I do not know if they have, not all theater productions can be googled...) -their performances on the screen deserve it.<br /><br />Pieter",positive
"Oliver Stone is not one to shy away from a movie or theme for that matter. He is eager to confront people with their fears or show them their ugly faces in the mirror. Look on his CV for proof! This movie is not an exception, quite on the contrary, it is another gem, that unfortunately not many have seen.<br /><br />As controversial movies go, this is one that you should be thankful for. A movie that should encourage you to think about you, the people next to you. The prejudices that do exist and that everyone of us has in one form or another. Either we like to admit it or not, but it is easier to categorize people and be like ""Ah he's 'xyz', yeah he must be like ..."". Now I might be reading too much into it, but I don't believe that. I believe that Oliver Stone is a very intelligent filmmaker and that he was aiming for those things. And if that's something you want to explore (as a movie or within yourself), than watch this film and be excited!",positive
"""Cat In The Brain"" is a series of extremely violent sequences knitted together by a plot that feels more like an overview, describing director Lucio Fulci's most notorious years of film-making. The movie could also be seen as a dark comedy of sorts, effectively spoofing the various claims that violent cinema causes violence in real life. Fulci goes further than that, he casts himself as the star, the central figure of the film thus showing the audience who is the man behind all the cinematic gore. ""Cat in The Brain"" is not about presenting a clear story and following it. Instead it pokes fun at some of the clichés that have been surrounding the horror genre for years.<br /><br />Lucio Fulci plays himself as a horror director struggling to keep his humanity intact. Years of violent film making have finally began to reach him. It starts slowly, steaks and meat in general begin to disgust him, his colleagues assure Fulci that all he needs is some rest. But that doesn't help and soon the grotesque ideas for his movies begin to overwhelm his daily thoughts. In an attempt to find a cure for his dangerously maddening mental state Lucio starts going to the local psychiatrist. Unfortunately that does more wrong than good and Fulci is thrown into an even bigger mess, as the psychiatrist turns out to be a psychopath, who mimics the murders from Fulci's films in real life.<br /><br />The film retains all the trademarks of Italian splatter cinema, good or bad they are all here. So any comments about the acting or the technical aspects and budget constrains are quite irrelevant as to the quality of the film. It is a visual experience, no doubts about it. Fulci throws in an incredible amount of violence easily surpassing pretty much everything he's made. Amputated by chainsaw limbs, cannibalism, child murder, decapitation, these are just some of the many grotesque acts witnessed in ""Cat In The Brain"". Some of them are obviously recycled from a few the director's less profile movies but they don't stand out of the context, and actually feel quite at home here. As I noted before the movie exists much better as a satire of the genre rather than a serious piece. The way some of the violence is presented does help establish that idea. Such sequences shortly after climax are rejected by the reality in the film, as they are revealed to be actually scenes inside a movie that Fulci's character is directing. This sort of ""film in film"" presentation lessens somewhat the impact of the gore. But in no way does it make it an easy to watch film. Oh no this is far beyond and above the levels of gore found in mainstream horror, and gorehounds will in no doubt be satisfied with that fact.<br /><br />Lucio Fulci was a very polarized figure. People either hate his work or love it. ""Cat in the Brain"" won't convince any of Fulci's detractors in the opposite but it is nevertheless an interesting part of his filmography. One that fans should really check out.",positive
"Well...now that I know where Rob Zombie stole the title for his ""House of 1,000 Corpses"" crapfest, I can now rest in peace. Nothing about the somnambulant performances or trite script would raise the dead in ""The House of Seven Corpses,"" but a groovie ghoulie comes up from his plot (ha!) anyway, to kill the bloody amateurs making a low-rent horror flick in his former abode! In Hell House (sorry, I don't remember the actual name of the residence), a bunch of mysterious, unexplained deaths took place long ago; some, like arthritic Lurch stand-in John Carradine (whose small role provides the film's only worthwhile moments), attribute it to the supernatural; bellowing film director John Ireland dismisses it as superstitious hokum. The result comes across like ""Satan's School for Girls"" (catchy title; made-for-TV production values; intriguing plot) crossed with ""Children Shouldn't Play With Dead Things"" (low-rent movie about low-rent movie makers who wake the dead); trouble is, it's nowhere near as entertaining or fun. ""The House of Seven Corpses"" is dead at frame one, and spends the rest of its 89 minutes going through rigor mortis, dragging us along for every aching second...",negative
"Oh my lord, what were they thinking about with this one. It not only is frantically unfunny, but worse, a very good original was trashed in the bargain. Jane Fonda, believe it or not, actually turned in the performance of her life in that one. Even better than where she plays the whore in the other so called performance of her life. Maybe she is just flat good as a crook. Any other time, wow, what a waste of time. But she and Segal team up beautifully, so if you even remotely got a glimpse of anything funny in this baby, catch the anvil upon which it got beaten into a pulp from.<br /><br />Because very very very little of that one remains, to this ones horror. Nothing in this baby is remotely funny except for maybe a couple of moments when Dick and Jane are bulging lipped up as lepers and cant kiss..... and uhh........oh my lord, that's it? Well, looks like it. <br /><br />It truly is that bad a film.",negative
"I didn't really expect much from ""The Night Listener"" and I actually never heard of it until I saw the cover in the videostore. However, the movie is very effective when it comes to building up suspension and tension. On occasion it drags a little, but it actually helps to keep you wondering what's going to happen and more importantly: when. As the movie progresses, the character played by Robin Williams gets dragged into some kind of ""cat and mouse"" spiel to the point where he becomes obsessed with finding out the truth and existence about a 14 year old abused kid that no-one seemed to have ever seen in person. The Night Listener is an interesting story, which is great in building up the suspense throughout the movie and you're pretty much kept in the dark of who is lying and what's real. However, in the end it kind of disappoints and doesn't live up to the potential it could have had. It doesn't really give you a detailed or plausible explanation about the other main character, which would have been helpful and interesting.",negative
"I enjoyed this show, it was on in the uk, but not at peak time, and they seemed to move it all over the schedules so I wasn't able to watch them all. I was surprised when it didn't return and had no i idea why, still don't know, but i guess that's not important.<br /><br />Great performances from the two leads, they were very believable as friends. The two supporting actresses also added well to the mix. I guess it was part of a whole load of shows that were lifestyle centred, Friends being the obvious main one, but sex in the city came along a few years later.<br /><br />The characters, get take out coffee, they drink at nice bars , that sort of thing, a little woody allenish in a way.",positive
"This has to be the worst movie i've seen this year.. and i watch a lot of cable. The plot is just ridiculous, the scenes are just thrown at you with no action, no start or ending of any scene.. it's just random idiots with make-up that scream in some plane.. The ""special effects"" ( Spielberg would laugh his ass off ) are horrible, the yellow eye contact lenses are cute though.. I have to admin that i couldn't bear to watch it to the end. The scene where the great scientist Bennett was holding for dear life by the engine body was too much for me.. I'm sorry for my bad English.. i am from Romania ( and this is my first post ). I had to sign up just to make a comment on this movie because i just can't believe that this is a movie released in 2007.",negative
"There are plenty of comments already posted saying exactly how I felt about this film so Ill keep it short.<br /><br />""The Grinch"" I thought was marvellous - Jim Carrey is a truly talented, physical comedian as well as being a versatile clever actor (in my opinion). Mike Myers on the other hand gets his laughs by being annoying. I used to like him very much in his ""Waynes World"" and ""So I Married an Axe Murderer"" days - but Ive never been fond of Austin Powers and ""the Cat In The Hat"" has just finished me off. <br /><br />This film was horrible - the gags were horrible! inappropriate for children not only in adult content but in the fact that some of them were so dated they havent amused anyone for 50 years! The plot was messy, messy, messy! Its a shame really because the children were very likeable as was ""Mom"". They probably could have picked a better villain than Alec Baldwin - but he could have pulled it off if it weren't for Myers ugly, revolting over-acted portrayal of the Cat.<br /><br />I mean - did Myers even glance at a script? Was one written? The other actors seemed to have one - but the Cat just seemed to be winging it!<br /><br />On the other hand I would like to mention that the sets and props were marvellous!!! But unfortunately they cant save this film.<br /><br />Poor Dr Seuss - the man was a genius! Dont ruin his reputation by adapting his work in a such a lazy, messy way!!!<br /><br />1/10",negative
"If you like The Three Stooges you'll undoubtedly like this 17 minute short. There were certainly some amusing moments in it, but like all the Stooges' work, this revolves around their particular style of slapstick comedy, and I have to confess that somehow the Stooges just never really did it for me. Their slapstick always seemed angry rather than funny, and even though it was obviously fake, their antics always seemed more likely to cause hurt rather than to cause laughter. In this short, the slapstick revolves around the attempts to find Shemp (who is a Professor of Music in this) a wife, because he's just inherited half a million dollars on condition that he marry within 48 hours of the will being read. One of his students is interested, but once word of the inheritance gets out , there's suddenly a long line-up of potential brides, and a pretty good cat fight emerges between them. Fans of the Stooges will enjoy. For me, it has all the elements that drive me nuts about them. 4/10",negative
"Just saw it....the story, the plot, the script makes absolute no sense!! Its Samvise the brave part 2(without the RING), its characters showing up out of the blue(for no reason),its Hercules hated by everyone(no one knows why), its Leelee Sobiesky showing her true talents(two of them), its crappy special effects, its a few good actors wasting their talents(did I mention Leelee's two talents??)... do I have to say more??? ITS JUST AWFUL, even for NBC-TV standards!!! Its just the lowest....what a waste! by the way: how can you people give this mini-series so many stars????? Its beyond me!.... Shame on you! Have to make 10 lines, so this is my final word: AVOID, AVOID, if u are considering buying it!",negative
"""This Man's Navy"" is, as other comments have indicated, a rare and well-filmed look at Navy lighter than air (LTA) activities. The LTA crews were justly proud that the convoys they shadowed never lost a ship to submarine attack. And the filming at the various NAS locations give a valuable glimpse at a type of aviation that is long gone. However, the first half of the movie is all about Beery, his relationship with his service pals, and him meeting the Tom Drake character and his mother, and getting Drake's leg fixed. Only then does the second film start. The second film is mostly LTAs in action, taking on a surfaced sub, guys get killed and much damage is caused. The look is fairly gritty and realistic, I imagine. Then we shift to Southeast Asia. Did the Navy have LTAs there? Never mind, this part is really wild, with a blimp being used to extract some downed aircrew from the jungle. And the Japs are shooting like mad. Shades of Vietnam, except the getaway is oh, so leisurely. This is a blimp we're talking about. In the end, a feel-good WWII drama about a very unusual part of the war.",positive
"I'm sorry to see that it has been rated that low by many people. The series started off very good and after the first season it wasn't that good.<br /><br />People tend to forget the beginning of something and only look at the end. This is not good to do, you should look at the total, not the end result. It is sad that a lot of the ""usual"" characters died but, damn, we had a lot of nice NEW characters.<br /><br />Please do not attach yourself to a few characters but attach yourself to the series, the plot. Please do understand that I didn't like it when Boone died, when Augur died but well... it needs to be done. Can you imagine that everyone keeps living the whole series when they are in a lot of danger all the time? Come on, face it, if they didn't die they would be invincible. In this way you will always keep the tension, will he survive, will he die? I do realize that people attach their selves to characters, I do that too. My favorite character was Augur, the one who could get into every computer he wanted. He was the one who was mysterious, he could do things with the computer no one else could do.<br /><br />I wish to make one statement to all the people who vote negative, does a series which started so good deserve to have such low rating? Should we look at the final season instead of the total? Should we not see how good the series was when it started? Should we not see how much we enjoyed it?",positive
"Possibly the worst film within the genre in existence. It was announced as a comedy, but is simply tragically pathetic. I don't think anyone could have achieved anything more terrible and irritating if they were specifically requested to. It is toilet humour at its very poorest, I would avoid even watching the trailer. I only went to see it because it was announced that if you like Monty Python, you are bound to love this. Whoever wrote that was either biased or seriously deranged. I am still bewildered how one can honestly believe such a statement. Rarely do I leave the cinema, really it takes a lot of effort for a film to have that effect on me: this one did it in just 30 minutes.",negative
"I basically skimmed through the movie but just enough to catch watch the plot was about. To tell you the truth it was kind of boring to me and at some spots it didn't make sense. The only reason I watched this movie in the first place was to see CHACE CRAWFORD!!! He is so hot, but in this movie his hair was kind of weird. But still hot.<br /><br />However, despite how hot CHACE is, it really did not make up for the film. I guess the plot isn't that bad but what really threw me over was the fact that they cuss in like every sentence. Is it that hard to express your anger without saying the F word every time?The cussing was annoying and the whole flashy, camera shaking thing gave me a headache.<br /><br />All in all, although the plot was OK, I found the film to be a bore and over dramatic. That's why I only cut to scenes with CHACE in it. LOL Anyways, not worth renting unless your a die-hard fan of a specific cast member like I was. Oh yeah the cast was Hot. The girls were HOT!!! But CHACE IS THE BEST!!",negative
"This movie isn't about football at all. It's about Jesus/GOD!! It's the same kind of sappy sanctimonious religious drivel you get from those arch idiots who wrestle for Jesus, or pump iron for Jesus. Yeah, Jesus was totally buffed, liked contact sports, and definitely owned a full set of dumb bells. DUHHH! This movie should have been entitled ""Hiking for Jesus,"" or something along those lines just to let the general public know that the real intent of this movie is to convert people to Christianity, and to pander to those whose brains have already been thoroughly washed in the blood of the lamb. That the title is derived from the Bible is made clear when the head coach is reading his Bible and asking Jesus for help. The recent sports movie ""Invincible"" was 100 times more inspiring than this was, and Jesus wasn't even a factor. It was just the desire and determination of an individual with a dream.<br /><br />Any broad appeal as an inspirational sports movie is ultimately lost amidst all of the blatant Bible thumping and sanctimonious religious propaganda. One gets the impression that the sole message is the only way you can succeed and make positive gain is if you accept Jesus as your personal savior. But this is simply not true, and is therefore a lie being perpetuated by those who believe that it is true and want everyone else to believe it. The image of the winning athlete thanking Jesus when he wins comes directly to mind. What does he do when he loses? Does he curse Jesus? Of course not! When he loses Jesus isn't responsible. Jesus is only responsible when he wins. And the logic goes round and round and round, and it ends up exactly where the true believer needs it to be, every time!! I had to hit pause when the scene with the coach receiving a brand new truck came on so I could stop rolling on the floor laughing my ass off and catch my breath. Materialism is not what Jesus taught. I find it odd that most so called ""Christians"" seem to either forget or ignore this message from their ""savior,"" especially when I see a Jesus fish on the back of a huge gas guzzling SUV that passes me like I'm standing still.<br /><br />Another message this movie implies is that Jesus apparently cares more about the win loss record of a mediocre high school football team that he does about the millions of starving children in the world. The final scene where the insecure and unsure kicker boots a 51 yard field goal and it is hyped up as an unbelievably incredible miracle puts the final gag me with a spoon religious red flag on this turkey. I only gave it three stars because the guy who played the black coach could actually act.",negative
On a routine mission in Iraq a group of Delta soldiers recover a computer hard drive from an Alqueda training camp detailing the location of weapons specialist Dr Walsh. After witnessing the termination of his top secret weapons development program Dr Walsh finds an alternative funding source and sets up a new research facility deep in the notorious Belzan forest in Chechnya where he is developing weapons and selling them to Chechnyan rebels.The team of Deltas is sent on a black ops mission to retrieve the doctor and his technology before the Russians find him and his lab.What the Delta team soon discover is that the doctors latest weapons is a flock of large carnivorous bats that have been genetically altered to develop a taste for human flesh. I found this movie to be much better than what I was expecting.There is lots of action and lots of blood. Its more or less what you would expect from a creature feature. The acting isn't great but its passable. I have certainly seen worse.Overall its an enjoyable movie for what it is. A good popcorn movie.,positive
"Like his early masterpiece ""The Elephant Man"" Lynch proves to his detractors that he can tell a straight, simple story without losing his artistic touch. This is a true story of an elderly retired man (expertly played by Richard Farnsworth) who decides to ride a tractor across a few states to pay a final visit to his estranged brother who now stands at death's door. A beautiful score from Badalamenti, exquisite photography of rural life (love those aerial corn-field shots), and a sly director's hand that reveals man's basic humanity, this is a beautiful slice of life film. Its extremely slow pace may lull some viewers to sleep, but those who stay for along for the ride will be well rewarded in the end.",positive
"Three horror stories based on members of a transgressive Hindu cult that return home but changed in some way. In the first story our former cult member is now in an insane asylum and is visited by a reported who wants to find out about what went on at the cult. Somewhat slow going as story is told in flashbacks while the two sit on chairs and face each other. Reporter is particularly interested in what lead to the death of the participants. What seemed rather boring suddenly turns very exciting with a surprising twist in the story. Things get quite bloody.<br /><br />Second story has a violent young criminal visiting a psychiatrist for mandatory therapy. The patient seems to have some type of agenda but the psychiatrist is up to the task. Again, things slow down a bit and get weird. Then there's a strange twist in the story that is very well written and surprising.<br /><br />Final story deals with spiritual healer who claims to be able to remove the persons illness from them with his hands. One of the patients is a former cult member, so the successful healing gets more complicated. Again, we are surprised by a twist. Has a pretty gory scene in there.<br /><br />There some nice female full frontal nudity as well as male full frontal nudity for some reason. I found the stories to be very well written and the director succeeds entirely in setting up each story with its surprising twist and the gory aftermath.<br /><br />Note: review of the German DVD.",positive
"This movie is a waste of time and money. Throughout the entire hour and a half, I continued to wait for it to get better and it never did. It was slow moving, the plot jumped around, it wasn't scary or interesting, and really never amounted to anything. The credits during the introduction were long and drawn out, which was basically like the rest of the movie (long and drawn out). Numerous parts of the plot made no sense. Several times during the movie I had thought that maybe I had ""zoned out"" because the incongruity of the plot, however, my companion had the same issue and assured me I did not ""zone out"" from boredom, but it was indeed the movie. I've actually never posted on here about a movie before and have been actively looking up movies on IMDb for numerous years. So the fact that I'm actually taking the time to write something should speak volumes of how bad this movie is and that you should not waste your time or money on it.",negative
"****SPOILER ALERT**** All throughout Australia the summer turned into a deluge of rain and hail stones the size of baseballs that was causing havoc in coastal cities like Sydney. It's under these hectic conditions that tax lawyer David Burton, Richard Chamberlain,got involved in a case, as a defense attorney, involving the death of a local aborigine who was found dead outside a Sydney bar. <br /><br />Having five fellow aborigines arrested for Billy Cormans,Athol Compton, death it's determined by the police coroner that Billy died of drowning not by violence even though he had bruises on his neck and shoulders. Yet the court decided to prosecute the five for his death charging them with manslaughter instead of murder.<br /><br />David defending the five gets no help from them in their defense with the accused assailants opting to remain quite and keep what happened to Billy to themselves and take what's coming to them from the court. One of the defendants Chris, David Gulpili, begin to somehow invades David's dreams as if he want's to tell him what was really behind Billy's death.<br /><br />David at first not taking his dreams of Chris seriously begins to sense that their real when he meet him at the courthouse. Chris confirms David's dreams by showing him a strange looking black rock that David saw Chris have in his dreams. Later meeting Chris and, what turns out to be an aborigine shaman, Charlie (Nandjiwarna Amagula) who came to his house that evening David is told that he, like Charlie, has spiritual powers that he inherited from his mother's grandfather. Those powers will reveal to him the future that has to do with the strange weather conditions that are flooding the Australian continent. The earth,Chris tells David, is going through a gigantic cleansing cycle with the old world about to be washed away and the new world ready to take it's place.<br /><br />David is confused about what both Chris and Charlie are telling him but as the rains continue to increase and the ocean waves start to rise he feels that something terrible is going to happen. David want's to know if it's all aborigine folklore or there's some scientific facts, or logic, behind their end of world-like revelations.<br /><br />By now it's obvious that both Chris and Charlie are members of an aborigine tribe right in the heart of modern Sydney. That alone can get Chris off, as well as his four friends, for the murder of Billy. Since the Australian government will not prosecute tribal aborigines, leaving any justice to be done by the tribes themselves. Still Chris refuses to admit he's a member of a native tribe and he and his four friends are convicted of manslaughter in Billy's death with the sentences to be handed down by the judge within days.<br /><br />David now determined to find out what was the reason for Chris' silence, and why Billy had to die, is taken by Chris to the scene of the crime. It's there that David finds out that Billy betrayed Chris' tribe members by going there with Billy not being a member of Chris's aborigine tribe. It's also revealed to David that he himself has some kind of spiritual connection with the Austrailan aborigines as both Charlie and his step-father Rev. Burton,David Parslow, told him. <br /><br />The stage is now set for the great and final cleansing cycle that David's been seeing in both his night-time dreams and day-time visions. It comes in the form of a massive tidal wave rolling out of the Pacific Ocean into the Australian coast city of Sydney and then submerges the entire continent.",positive
"I tried to watch this adaptation, but it was just so awful I couldn't torture myself like that. The performances were quite sub-par, with the exception of Ariel. Fonda was way over the top in a role that should be handled with some subtlety. I have studied Shakespeare and seen many adaptations, and this is, by far, the worst one I have ever seen. I have to wonder why on Earth someone made this film. Shakespeare can, and has been, beautifully adapted in many cases. This is not one of them. If you must watch this film, may I suggest a drinking game? Take a drink every time they go off book from the original idea and two drinks every time Fonda overacts. You should be quite drunk in a very short time.",negative
"Doll Master is an example of a lousy horror film, fallen somewhere in the space with it's two not so well established genres, a horror film and an emotional drama film. Seems like The Doll Master tries very hard to be a very scary horror film, but it fails. The noise of the dolls while moving is like taken from the croak of Kayako in Ju-On, and the crawls are like sadako esquire. The killing dolls will remember you a cute version of ""Chucky"". But compared to Child's Play, this film is more superb. But the story seems a nothing, the brilliant camera shots and the brilliance of acting was taken away cause of the plot.<br /><br />Don' watch this if you are expecting great shocks.",negative
"Diego Armando Maradona was, and still remains as the best football player, the game has offered. Not just an athlete, but an artist. This documetary if the 1986 World Cup will forever live in the memories of every football fan around the world. Because of his tremendous and unbelievable goal, which he scored against my own country(england). There's absolutely no point of diminishing this star. Although I dont undersand spanish, I can appreciate the argentine narrator. He actually cries of happiness, and can barely express his emotion..... Anything I wrote can be senseless and difficult to comprehend, but readers.....you have to watch this to know what I mean.",positive
"It's funny... one day before i have seen this movie i had been watching a documentary about Leni Riefenstahl, so comparison kind of came automatically... of course there isn't any :)<br /><br /> This movie is weak in every aspect... acting is not convincing (especially the one who plays Simona...) and unnatural..., editing in confused and always leaves a taste of unfinished shot, music doesn't fit, the story doesn't flow, it gets boring and the movie comes out much longer as it is... oh, and the characters aren't very well shown, you actually can't tell much about the girls (except what you see)... The movie also tries to shock with explicit cursing (which is very laughable :)<br /><br />So... 2/10",negative
"Did we all see the same movie??? I can't believe the raves some of the others are giving this really awful bio which, believe or not, was authorized by Shirley Temple herself, based on her book CHILD STAR. Gives me the feeling that some are awfully easy to please.<br /><br />First of all, ASHLEY ROSE ORR, whatever her modest talents are, in no way, shape or form even resembles Shirley Temple enough to be cast as her in this sort of straightforward biography of the world's most famous child star. She gives no indication of why or how this child was so revered except for trying her hardest to do a Shirley impersonation which never clicks on any level. None whatsoever.<br /><br />And that is the major handicap of the whole piece. But as if that isn't bad enough, any drama inherent in Shirley's story of her climb to almost overnight stardom has been completely white-washed with insipid writing peppered with occasional song and dance moments that don't even approximate what Shirley did (as for example, ""The Codfish Ball"" with Buddy Ebsen which was probably the high point of Shirley's choreographed dance routines).<br /><br />Simply putting a girl in a polka dot dress doesn't make her Shirley Temple. None of Shirley's own brand of charm, warmth and appeal is even remotely suggested. All we see on display is a pale imitation of the original proving, once and for all, that there was only one Shirley Temple.<br /><br />It's worthless to write anything further about this mess. None of the others are more than ordinary in lifeless roles. My advice for Shirley's fans is to read her book--or better still--watch her movies.<br /><br />This is the pits.",negative
"A mix of comedy, romance, music(?!), action and horror. A knockout. This is one of the reasons people rave about Hong Kong cinema. If you're looking for something totally original, look no further. Entertainment at it's peak.",positive
"Considering 'A Star is Born' had been made twice already by the time the 1976 film came into production, the latest remake has a freshness about it that can be attributed to the fantastic chemistry between the entire acting ensemble. A viewer could be forgiven for believing that Kris Kristofferson & Barbara Streisand were a couple off screen as well as on, with their incredible displays of pure affection towards one another.<br /><br />The film has been described in the past as a 'Barbara Streisand concert on film, set to a soap opera storyline' however for anyone that enjoys watching a film that takes you beyond the living room into a world where the characters seem truly alive - A Star is Born is well worth the hiring price.<br /><br />With its incredible soundtrack, flawless acting and touching reality in regards to human emotions and the true frailty of life; A Star is Born is a film that draws you into the world of Esther Hoffman & the love of her life John Norman Howard.<br /><br />A film for anyone that sees the beauty in real love - the kind that keeps you devoted to a person even as they break your heart...",positive
"This movie was by far the worst movie I've ever had to endure. I couldn't believe that they tried to pass it off as a serious movie, it was so bad I couldn't even laugh at it's pathetic attempt to entertain me. If you want cheesy horror that you can laugh at, rent Dr. Giggles instead.",negative
"At the time, ""My Left Foot"" was the little movie that could. It was hugely popular, and everyone applauded the fact that such a small, independent film could make it all the way to the Oscars.<br /><br />Since then, movies like ""My Left Foot"" are a dime a dozen, so it might be hard in retrospect to understand what all the fuss was about. It's certainly a well made and competent film, but it's clear that the bulk of its success rests on the shoulders of Daniel Day-Lewis, who immerses himself in the role of Cristy Brown, a man living with cerebral palsy. Day-Lewis pulls off the same bit of stunt acting that had won Dustin Hoffman an Oscar the year before for playing a man with autism in ""Rain Man,"" and the Academy followed suit by giving Day-Lewis the same honor.<br /><br />The only thing really separating this film from a big budget Hollywood production is just that -- its budget. In every other way it's just as formulaic as any standard product. That's not to say it isn't a good movie, but it's not a masterpiece.<br /><br />Grade: A-",positive
"Blackwater Valley Exorcism is set on a small town ranch where teenager Isabelle (Kristin Erickson) is found wandering around covered in dog's blood. Her parents Ely (Randy Colton) & Blanche (Leslie Fleming-Mitchell) own the ranch & are deeply worried about their daughter, recently she has not been herself & is considered a danger to herself & other's. Ranch hand & ex-priest Miguel (Del Zamora) recognises Isabelle's symptoms as a possible case of possession & when she starts to speak ancient Latin in a strange voice he becomes convinced of it. Blanche calls priest Jacob (Cameron Daddo) who is her other daughter Claire's (Madison Taylor) ex husband to see Isabelle, he confirms Miguel's suspicions & accepts the job of performing the exorcism that will hopefully banish the demon inside Isabelle & an innocent girl free...<br /><br />Directed by Ethan Wiley I was sat there in my house in front of my telly watching Blackwater Valley Exorcism & I kept asking the same question over & over again, why do I do it. Why do I keep sitting through all these awful low budget horror films that look like they were shot on a camcorder? Right lets honest about this, Blackwater Valley Exorcism is a complete total & utter unashamed rip-off of The Exorcist (1973) & you literally tick off the major plot points that the two share. There's the possessed teenage girl who starts to get very horny & suggest inappropriate things, the demon that uses past misdemeanour's against other's, the worried parents, the way that the possessed girl is shunned by doctor's, the priest with a troubled past & the possessed girl is tied to her bed amongst other things. I suppose where Blackwater Valley Exorcism is different (other than it's total crap) is that it tries to give all the character's some screen time & tries to get across how the situation is affecting them but it's so badly written & acted it just ends up being boring. The film starts with Isabelle already possessed so we never knew what she was like as a normal person so we never really care about her or what is happening to her either, the rest of the character's are poorly written & fleshed out. At times I wondered whether Blackwater Valley exorcism was a spoof, there's a silly scene in which a vet tries to sedate the possessed Isabelle with horse tranquilisers & after he states that she needs a 'little prick' he enters her room with a huge needle hidden behind his back! There are a few scenes in which people are punched accompanied by a silly comedy sound effect. The film has an uneven tone as a result as it goes between silly spoof & serious horror drama, or it did in my opinion at least.<br /><br />According to some text before the opening credits Blackwater Valley Exorcism was based on 'Actual Events', yeah right actual events from 1973 that happened in a film called The Exorcist... This piece of text also states that the exorcism scenes were supervised by a real priest. There isn't even any decent gore or exploitation to liven things up, there's a scene of a cut arm, there's a dead dog, someone is stabbed with a crucifix & that's about it. There's surprisingly no bad language in it either despite the demon trying to be offencive. I would imagine the only reason Blackwater Valley Exorcism has an adult rating is because of one very brief scene in which a pair of breast's are seen. One pair of naked female breast's is not worth the time watching this or the money you might spend on it. There is zero scares, no atmosphere & a really amateurish feel to the whole film too.<br /><br />With a supposed budget of about $1,000,000 I must say that I am wondering where all the money went, the film looks ugly & cheap throughout. There are no special effects to speak of & the production values are rock bottom. The acting is very poor from all involved, genre favourite Jeffrey Combs gets near top billing during the opening credits but has nothing more than a cameo in what amounts to about five minutes of screen time. Even he must have feared how bad this was going to be has he hides behind a moustache & a terrible accent, he is better than this.<br /><br />Blackwater Valley Exorcism is a complete rip-off of The Exorcist without anything that made that film such a classic & the makers are thirty five years too late anyway. A total turkey from start to finish.",negative
"lovely. i just love the movie. i want to see this movie because Rupert Grint is a fantastic actor. his expressions are great, spectacular. the movie was excellent. Julie Walters it was perfect too. I think that Rupert is the only boy with red hair that i love. Rupert have a beautiful smile, a beautiful voice. and a wonderful accent. i think that the movie was great and was great see Rupert in another thing but harry potter. and its a very good actor, so it deserves that and more. he just have a golden globe but probably it deserves an Oscar academy award. there are some actors that do not act very well but have a Oscar anyway. it does not matter. but he is perfect, brilliant and beautiful",positive
"As I sat watching this episode I kept glancing at the clock waiting for something to happen. As the hour wound down I thought they were really going to give us a big pop at the end, and then - nothing. The whole family is huddled around the Christmas tree like something from the Hallmark Channel then, fade to black.<br /><br />Perhaps one of the poorest season finales I've ever seen. Nothing at all to drum up any excitement for next season. The only thing thrown out as any sort of incentive to watch the next season was the ambiguous nugget offered up by Agent Harris while pawing a sub sandwich that the guys in New York were looking to get one of the guys in New Jersey. Wow, really? I would never expect something like that from mobsters, I'm on the edge of my seat.<br /><br />It almost seems like they're trying to get everyone to lose interest. They start more plot lines that end up just disappearing than any show I've ever seen. They tease and hint but rarely deliver any more.<br /><br />What's with the Arabs that hang out at the Bing? They keep throwing them in front of us and magically, nothing happens.<br /><br />Paulie knee caps some kid after Tony promised his mother that nothing would happen to her son and, poof, gone in the wind.<br /><br />And how many more meandering drug montages with Christopher are we going to have to endure? Please, have him get arrested or overdose or something interesting.<br /><br />This was one of the few shows that I used to looked forward to watching but now, forgetta-bout it.",negative
"Okay, you have:<br /><br />Penelope Keith as Miss Herringbone-Tweed, B.B.E. (Backbone of England.) She's killed off in the first scene - that's right, folks; this show has no backbone!<br /><br />Peter O'Toole as Ol' Colonel Cricket from The First War and now the emblazered Lord of the Manor.<br /><br />Joanna Lumley as the ensweatered Lady of the Manor, 20 years younger than the colonel and 20 years past her own prime but still glamourous (Brit spelling, not mine) enough to have a toy-boy on the side. It's alright, they have Col. Cricket's full knowledge and consent (they guy even comes 'round for Christmas!) Still, she's considerate of the colonel enough to have said toy-boy her own age (what a gal!)<br /><br />David McCallum as said toy-boy, equally as pointlessly glamourous as his squeeze. Pilcher couldn't come up with any cover for him within the story, so she gave him a hush-hush job at the Circus.<br /><br />and finally:<br /><br />Susan Hampshire as Miss Polonia Teacups, Venerable Headmistress of the Venerable Girls' Boarding-School, serving tea in her office with a dash of deep, poignant advice for life in the outside world just before graduation. Her best bit of advice: ""I've only been to Nancherrow (the local Stately Home of England) once. I thought it was very beautiful but, somehow, not part of the real world."" Well, we can't say they didn't warn us.<br /><br />Ah, Susan - time was, your character would have been running the whole show. They don't write 'em like that any more. Our loss, not yours.<br /><br />So - with a cast and setting like this, you have the re-makings of ""Brideshead Revisited,"" right?<br /><br />Wrong! They took these 1-dimensional supporting roles because they paid so well. After all, acting is one of the oldest temp-jobs there is (YOU name another!)<br /><br />First warning sign: lots and lots of backlighting. They get around it by shooting outdoors - ""hey, it's just the sunlight!""<br /><br />Second warning sign: Leading Lady cries a lot. When not crying, her eyes are moist. That's the law of romance novels: Leading Lady is ""dewy-eyed.""<br /><br />Henceforth, Leading Lady shall be known as L.L.<br /><br />Third warning sign: L.L. actually has stars in her eyes when she's in love. Still, I'll give Emily Mortimer an award just for having to act with that spotlight in her eyes (I wonder . did they use contacts?)<br /><br />And lastly, fourth warning sign: no on-screen female character is ""Mrs."" She's either ""Miss"" or ""Lady.""<br /><br />When all was said and done, I still couldn't tell you who was pursuing whom and why. I couldn't even tell you what was said and done.<br /><br />To sum up: they all live through World War II without anything happening to them at all.<br /><br />OK, at the end, L.L. finds she's lost her parents to the Japanese prison camps and baby sis comes home catatonic. Meanwhile (there's always a ""meanwhile,"") some young guy L.L. had a crush on (when, I don't know) comes home from some wartime tough spot and is found living on the street by Lady of the Manor (must be some street if SHE's going to find him there.) Both war casualties are whisked away to recover at Nancherrow (SOMEBODY has to be ""whisked away"" SOMEWHERE in these romance stories!)<br /><br />Great drama.",negative
"I usually don't walk out of a movie, but halfway thru I did. This movie promised something different, but I kept thinking haven't I seen that before? Spoiler Alert! Back in 1, the spaceship crashes and lands on earth, well, all these years later, with a super adult on board no less, this thing still manages to burn up and crash! What, this advanced civilization can't seem to develop landing gear? For an industry that's so liberal, we get to see another Woody Allen movie, no blacks please! Superman runs around saving people, making sure he sticks to Europe and the US, don't go into darkie areas please. Maybe I could stomach this about 30 years ago, but now now.",negative
"Now, I like sci-fi cartoons. However, when ""Robotboy"" appeared in Canada in late 2006, I watched the premiere and was inevitably appalled. The characters are generic and stereotypical (Do they REALLY need to make an African-American man wear tiger-stripe print clothing and speak in a Jamacian accent? WHY are all the Asian characters vibrant yellow and squinting? Does the mother HAVE to have big thighs and chest and constantly complain?) to the point where things become unrealistic, predictable, gross and sometimes disturbing. There are heavy similarities to, even stabs, at Astro Boy. Allow me to explain (dub names for the young): Robotboy/Astro, Kamikaze/Tenma, Constantine/Shadow, Gus/Abercrombie, Tommy/Alejo, Lola/Zoran+Kennedy, Moshimo/O'Shay, and it so on. Brief resemblances to ""My Life As A Teenage Robot"", ""Star Wars"", ""Teenage Mutant Ninja Turtles"", ""Kamen Riders"", ""Sailor Moon"" and co. are afoot. Not to mention the abundant racial/gender stereotyping. Don't even get me started on the innuendos. I'll just say they're hidden and quite dirty. But seriously. Don't even try watching this. Especially if you like Astro Boy.",negative
"My friend gives me these 3 huge boxes. ""They're laserdiscs of Flash Gordon serials,"" he says. ""I'm gonna have some giant coasters,"" I say. But not so. This serial rocks. (But I had to whine & moan to almost everyone I knew to find a laserdisc player for em).<br /><br />There is really a little of everything in this serial: There are lion-men, hawk-men, shark-men, Earthmen, & I guess you'd call em Mongo-men. The sets & costumes combine, Greek, Roman, Oriental, Egyptian and there's even armour like English knights. Awesome costumes. And some of it was a riot. Those horrible tights with shorts over em worn by Zarkov are beyond description. And the guys in the furnace scene seem to be wearing boxers.<br /><br />It's also funny the way they renamed the octopus to an octosack, the orangutan to orangapoid, and the tiger to a tigron. There's even a dragon (a Godzilla-like creature who threatens Flash on a couple of occasions before being killed off).<br /><br />You like the Invisible Man? This has got you covered. You like sword fights, wrestling (both animals & men), fist fights? Plenty for any taste. We have an underwater city, a sky city, a city on top of a mountain, and tonnes of secret passages and caves.<br /><br />Hokey effects? Massive amounts. The sky city is supported by radium furnaces stoked like old-time steamships. The rocketships are ""powered"" by fireworks and have constant backfires and/or humming noises. Lots of wires are visible holding things up (like food when Flash was invisible and of course rocketships). There's clouds out in space, but none around the earth when viewed from Mongo. ""Giant"" lizards show up briefly. Fighting sea creatures supposedly threaten Flash & co. on the way to the shark-men's underwater city. The ""gadgets"" in Dr. Zarkov's lab crack me up. And they seem to be the same ones no matter what lab he's in (he worked in Ming's lab and Vultan's).<br /><br />And yeah, we have romance. Everyone wants Dale; Ming, Vultan, Flash. But at least one person wanted Princess Aura (Prince Baron) just not the person she would have preferred. In fact, it seems a lot of the sub-plots concern intrigue on the part of Princess Aura to try to win Flash.<br /><br />Man I think the characters are awesome. That fat, horse-laughing, King Vultan was hilarious. How he managed those wings was pure artistry. And Ming! What can I say about Ming? He was perfect. They should have had him for the emperor in Starwars. Ming has got to be my favourite character in this serial. Princess Aura was quite a little character too. And she pulled it off nicely. I think she's a better actress than Dale Arden by a long shot. Even the sneaky high priest had a distinctive role. Zarkov was good, but not the strongest character---and he always stood in the background during fight scenes holding Dale. Now we get to Flash: Flash, of course, was the strong point, the leader, the hero---and he did it well. Crabbe is a good actor and this role fit him perfectly.<br /><br />After watching this, I think I know where George Lucas got the main idea for Starwars. Watch this, you'll see what I mean.<br /><br />If you ever considered watching an old serial (or any serial for that matter), this should be your first choice. The only reason I didn't give this one a 10 is because of a few story holes that could have been fixed easily, the way the giant lizards seemed just tacked in there, and a couple of weak characters (king of shark-men & king of lion-men).",positive
"This second film is just as interesting as the previous one except that there is no suspense. We know what he is going to do and what is going to happen before it is even hinted at on the screen. Then the pleasure comes only from the way the various tricks happen and the succession of them. We know there will be dynamite in the car, that he will lose a wheel, that the car will have a crash, just to speak of the car. And that is what happens. Now the details and the particulars are for you to discover them in the film. That he may be baited by some dumb woman is obvious and has to come but we know that he has already seen through her and that he knows he is being dragged into a trap. Now, how is he going to get out of it? That's what you must discover by yourself. And don't worry he will get the main trafficker but how is another story. A speed boat is no match to our busy beaver on the river. We also know when he is going to be wounded. They did not know what bullet-proof jackets were in those days. It's true recently it was discovered that some GIs did not have that kind of equipment in Iraq. But what is the meaning of such a film? This insistence on hunting the traffickers and this blindness that does not see that it is the prohibition that creates the problem. But the film is a constant and perfect illustration that there is no value what so ever that can stand in the way of this moralistic crusade against the forces of evil. Why not simply legalize these goods so that they can be properly observed and under surveillance? When something is not illegal or pushed out of the way it is all the less fun to use them, to do them. It is the forbidden or the restricted that is attractive.<br /><br />Dr Jacques COULARDEAU, University Paris Dauphine, University Paris 1 Pantheon Sorbonne & University Versailles Saint Quentin en Yvelines",positive
"As hard as it is for me to believe, with all of the awful reality shows out there over the past few years, this one has to take over the top spot for worst one yet. I am still wondering if this was actually just a spoof done by the SCTV gang. If Andy Kaufmann were still alive I'd be sure he was behind this. Can a rock band stoop any lower than has INXS to do such a shameful thing as this? The premise is simple and moronic. Audition a bunch of karaoke rejects to become the new lead singer of INXS, to take the place of Michael Hutchence (who committed suicide in 1997). Eight years and no hits later, the band commit the ultimate act of patheticness by subjecting themselves to auditioning a bunch of talentless wannabes to be the new lead singer of a band that is 20 years past its prime. So they trot all of these awful singers (I thought American Idol had its share of doozies) who do atrocious renditions of just about every classic (and predictable) rock song imaginable. And then they cut to the INXS band members who are seriously discussing the merits of each of these candidates. You could see better (and more original) rock performers at just about any night club in any city in the world.<br /><br />It has all the usual uncreative elements of every other reality show. Lame reality participants, lame interviews, lame host/emcee, lame ""judging"" of performances, and the lame booting of one participant at the end of each show. Can these shows get any more predictable? It's clearly a publicity stunt on the part of the band; a last gasp of hope at rekindling their lost stardom before they are finally buried into oblivion. Michael Hutchence, if he had any shred of dignity when alive, has to be rolling over in his grave. Not that INXS were ever a great band, but I had no idea they were this pathetic. If INXS are at all representative of what rock and roll has become, this show would be the final proof that rock and roll is once and for all, dead.",negative
"This reminded me of Spinal Tap, on a more serious level. It's the story of a band doing a reunion tour, but things are not harmonious between them. I was especially impressed with the performance of Bill Nighy as Ray. You felt sorry for him, yet he had a certain creepiness about him. It's a great movie to watch if you have ever seen your favorite band get wrinkly,old and pathetic.Bittersweet, highly recommended..",positive
"It's astonishing that some people saw this as art. We saw it as a poorly filmed (shaky hand-held camera and all), (generally) badly acted, unscripted mess that seemed more like a high school film project with the kids experimenting in black & white film making. Injecting mounds of poetry in place of a story does not an art film make. When we watched this in the theatre, people were starting to have fits of the giggles (us included) at the endless stupidity of this self-indulgent, meandering mess. And believe me, it does seem endless. Had we finished our candy and popcorn, we too would have walked out of the theatre with the other two dozen people who packed up and left looking for something more interesting to do!",negative
"I really wanted to love this film. I have read the book to my daughters and we all loved it. The book is marvelous. This film is very far from the book. The book is splendid - this film is an awful adaptation.<br /><br />In the book, Sara is honorable, kind, strong, and NEVER does anything spiteful to get back at anyone. That's the POINT of the book! She behaves as a ""princes"" regardless of circumstances. An important part of behaving like a princess is to not return unkindness. It is to behave honorably regardless of how you are being treated.<br /><br />In the book, she endures much and touches the lives of others. Other people change their behaviors after they witnessed her kindness and ability to endure without sinking to spite and vengefulness. Sara does what is right simply BECAUSE it is RIGHT.<br /><br />Outside of the bakery, she comes upon a beggar girl who is more poor and hungry than she is. She has half a dozen hot buns. She is VERY hungry. She gives one bun to this wild looking little girl huddled on the doorstep of the bakery. When she sees how ravenous the girl is and watches her gobble the bun, she gives her another. She continues to do this until she has given 3 or 4 I think - I don't remember how many.<br /><br />The baker is watching through the window. She is so moved by what she has witnessed, she takes the beggar girl in and raises her as her own daughter. Other people are similarly influenced by Sara.<br /><br />And in the book, her father has died. The man next door is her father's partner - he has been looking for her. Her father did not lose his money after all - the man is thrilled to find Sara; he takes her and Becky into his home and raises them as his daughters. And Sara has her full inheritance, of course.<br /><br />Miss Minchin is not a chimney sweep. In fact, she remains in her same post at the school. But she is humiliated as Sara has told her new guardian of the cruel treatment she received. And Sara does speak to Miss Minchin in the end - Miss Minchin is trying to minimize her treatment of Sara and Sara with a calm steadfast demeanor, instructs Miss Minchin that she had been cruel.<br /><br />There is no comeuppance for Miss Minchin. She continues on in her miserable existence. It does not matter - what matters is that Sara has a home with a guardian who loves her - and her dearest friend in the world, Becky, is now for all intents and purposes, her sister.<br /><br />The book is about love and honorable behavior under the worst of circumstances. It is about self control and humility. It is a wonderful book. This film does NOTHING to capture the true story and messages of the book. My wife was so disgusted with it, she wanted to leave the theater in the middle, but we decided to stick it out. We were not rewarded.<br /><br />I cannot for the life of me think of a reason the film makes should alter this excellent book in such a bad direction. Perhaps it was the influence of the ghastly screenplay from the book that Shirley Temple acted in. I don't know - but this film is so far from the book in character and values that I do not recognize it.<br /><br />Don't waste your time - buy the book. It is unforgettable... even for a dad!",negative
"The above seemed a much more appropriate title when me and my suicidal underlings decided to watch this masterpiece of modern bullshit <br /><br />Erotic,Scary, Suspenseful, Well thought out, these are all the things this film fails to be.<br /><br />It is however incredibly funny, the slow sound effects and bad dubbing add to this to make one of the greatest comedies I have seen in recent years. And yet this film doesn't even try to be funny and that is one of the movies grand achievements, it becomes a comedy without even attempting to amuse.<br /><br />Throughout the film an old guy who looks amazingly like Santa Claus goes around ploughing over zombies and smashing vampires into the ground. This made me fail to believe the films title, if this was vampires vs zombies why were the vampires and zombies not fighting? Oh well whatever, besides there were more flaws to this rental than the title. Such as this one; there has been a virus sweeping through America creating zombie like beings who go around acting a lot like your average tourist. And yet there's only four zombies in the entire film. Another problem is besides one shop everywhere is deserted. Surely you'd see zombies roaming about in the woods or in the background a bit. In fact I believe they just drove around in a circle of forest over and over again since they didn't have a high enough budget to film in a wider location, that or the director didn't want to waste his precious time filming in different areas of wood he was to busy sitting in a trailer jerking off to be bothered with such trivial matters.<br /><br />In fact the director had so much fun doing this that he didn't have enough time to hire a big enough cast or even an editor. And so he told the eight members of the cast to dress up as different people and try not to act inconspicuous, whilst I assume he changed his name and began randomly snipping at the film reels ""editing isn't a hard job anyway right?"" The only reason this ""movie"" found it's way into our bag was because somehow we got it confused with Freddy vs Jason, strange how these things happen isn't it. And the only way we made it though the night was by strapping gas masks on and bolting them to our skulls to avoid the stink of this nauseating mess.<br /><br />Oh yes we did laugh at the end, but I'm sure one does that a lot when he has lost his sanity...................",negative
"OK, first of all, Steve Irwin, rest in peace. You were loved by many fans. Now...this movie wasn't a movie at all. It was ""The Crocodile Hunter"" TV program with bad acting, bad scripts, and bad directing in between Steve capturing or teaching us about animals. He was entertaining as an animal seeker/specialist. Millions will miss him. But the whole movie idea was a big mistake. The plot was so broken, it was almost non-existent. Casting was horrible. The acting wasn't even worth elementary school-level actors. The direction must be faulted as well. If you can't get a half-way decent performance out of your actors, no matter how bad the script is, you must not be that good in the first place. I could have written a better script. I wish I had never been to see this movie. Of course, I watched it for $3 ($1.50 for me, $1.50 for my son.) while out with friends who insisted upon seeing this instead of Scooby Doo Live Action. My son, who is not so discriminating, liked the movie alright, but he still has never asked to see it again. If you want fond memories of Steve Irwin, buy his series on DVD. Avoid this movie like the plague. If I were Steve, I know I wouldn't want to be remembered for this movie. Respect him: avoid this movie!",negative
"Why is it that a woman cannot be a strong character in a movie without sleeping with the leading man? The campaign manager in this movie dreams of leading Tom Sellick to the White House. It's all she can think about. So, why on earth must she have had an affair with him? It added nothing to the plot and served only to demean successful women. The only value of that tidbit was the cute ""we've all slept with your husband"" scene. <br /><br />Also, couldn't the people who made this movie have watched the national conventions they were spoofing? Airing between the two major political conventions only served to highlight their total ignorance of the nomination and selection process.",negative
"-may contain spoilers-<br /><br />Clearly, who ever made this film must have had a lot of connections. I just can't see it any other way. What really surprises me is no one used the name Allen Smithee, and more surprising, everyone involved didn't use this name.<br /><br />Anyhow, where to begin. The bad dialogue, the crummy costumes, the sorry looking film stock, the unintentional comedy, the over-the-top characters, and more inconsistencies than George W. Bush's college career. I don't know what was funnier, the guy losing his arm because of a snowball, or the slow motion scene where all the baby Jack Frosts' were getting killed. Also, one of the great lines of all time was uttered in this film. ""How do we know it's him?"" Like there's another mutant snowman who can talk and kill people with snowballs! A great camp film, but a very bad film overall.",negative
"This movie will always be a Broadway and Movie classic, as long as there are still people who sing, dance, and act.",positive
"I am usually a big fan of Pacino (Scarface, Serpico, Devils advocate) but since Scent of a woman he pretty much plays the same role and shouts a lot. This movie had no endearing characters to warm to. Brandon played by Bongo McConnahey is the least likable of the bunch. He nowhere even approached a real human being. Pacino was hopelessly unlikeable and my goodness how old is Renee Russo? The only high light of this wretched mess was the hot hooker with the perfect lipstick and she has like 10 lines total. Even the usually reliable Jeremy Piven was utterly unlikeable.<br /><br />Note to writers of movies, they do not usually work unless one of the main characters is at least a bit likable (noteable exception Scarface). As the movie closes and old Brandon is at the airport my only thought was, please let a plane crash into the airport and kill Brandon.",negative
"The recent boom of dating show on U. S. television screens has reached a fevered pitch since the first episode of ""The Bachelor."" Unsuspecting audiences have since been subjected to countless clones and variations, including ""The Bachelorette"", ""Joe Millionaire"", ""For Love Or Money"", and the execrable ""Married By America."" Hoping to cash in on this trend, and simultaneously tap and exploit a new demographic, Bravo has unleashed the disastrous ""Boy Meets Boy"" upon the world. And may they have mercy on us all.<br /><br />The premise is simple and is designed to be light-hearted: an eligible gay man is courted by a number of suitors, eliminated show by show until one is left, but there's a twist. Half of the men are actually straight. This is not much of a big deal, but the inherent viciousness of the scenario kicks in after hearing the pay-off: if, at the end of the show, the gay man picks a straight man in disguise, the straight man wins a cash prize. The gay man gets nothing, or at least nothing more than a few parting gifts, a pat on the back, and a hearty round of ""Aren't you embarrassed? Well, thanks for playing!""<br /><br />Just the like the equally painful ""Queer Eye For The Straight Guy"" (another Bravo program), this show is another example of stereotypes run amok. What makes it even worse, though, is the fact that straight men are playing UP these stereotypes for cash. The producers of this show believe that all you have to do is put enough hair gel in a man's hair, dress up in Abercrombie & Fitch with a pair of designer sandals, strip him of all body hair and fat and voila! It's the gay equivalent to putting a white performer in blackface, and just as offensive to those of us -- like myself -- who are genuinely gay and don't dress/act like that. It implies that gays have no variance or chance for individuality, that they can't behave like real people, only like stereotypes. Never mind the fact that the bank of suitors is sorely lacking in any kind of diversity. All are gym-toned, most are white, and all look far too scrubbed and cleaned.<br /><br />This is another example of how, instead of fostering acceptance of gays as dynamic individuals capable of variance and change, Hollywood has again taken a stereotype and run with it all the way to the bank. I feel genuinely dirty watching this show, as show any gay man who sees this unabashed parade of soft-core pornography masquerading as legitimate television. 1 out of 10.",negative
"I'll be honest with yall, I was a junior in high school when this sitcom first aired on ABC I didn't think I would like it at all. But with John Ritter in it i felt that it had a little potential in it, plus their was something else with it I liked. The acting was great, not a lot of horrible 2nd rated comedy lines, John Ritter always brings his A game when it comes to comedy . This was a great show to watch, and I'll tell you why it was a great show. My father who never watches sitcoms at all, he just watches movies, sports, and law & order, he actually sat down with my 3 brothers and 2 sisters, my mother, and myself, and watched the show I think because John Ritter was in it. I honestly think this show would still be running if John Ritter God rest his soul i wish he hadn't passed away.",positive
"i watch this film with horror in my heart because my mother also was a crack head like Michelle. i've been wondering where Michelle is now. there has been times where i had to find my mother in places i was scared to be but more scared to leave her there! to see Michelle act like that made me wonder where she was sleeping all that time?? i watched in hopes the it was never that bad for my mom! and what i want to know is... where did Matt and Tracy ""tear that ass up""?! worst scene for me was watching Tracy shoot up in an old navy dressing room!!!! u never who try clothes on before you and it looks like all of them except Michelle has aids!!!! where are they know 2008? can we get an update??????????",positive
"This is definitely one of the weaker of the series of Carry On films. It lacks the usual fun and sparkle and even the cast seem embarrassed by the poor dialogue. By the time this came out, the series was in terminal decline and boy does it show! If you're coming fresh to this series, avoid this one till near the end.",negative
"I know it's not original, but what the hey? What else can be said about it? I feel unutterably silly just paying any attention at all to ""From Hell It Came"". The movie makes the important political and social issue of fallout from atmospheric atomic tests seem a matter for joking and dismissal, not the concern and alarm being raised by scientists all over the world at the time.",negative
"Well I don't know where to begin. Obviously this was a made for TV movie, so my expectations were low. I was pleasantly surprised by the overall direction of the second hour, but anything before or after that seemed to be a paint by the numbers sort of movie.<br /><br />And talk about bad chemistry between the tow lovebird detectives. ..<br /><br />I would go more in depth, but this movie doesn't really deserve it. Grade: D+ (IMDB rating 3/10)",negative
"You should not take what I am about to say lightly. I've seen many, many films and have reviewed a great deal of them, in print. So when I tell you that this film has the single funniest scene I have ever seen in a movie, you might want to listen to me. There's a lot of diversity of opinion as to what makes this INCREDIBLY stupid movie as funny as it is. And to those who just didn't get, well, I can't blame them, too much. The scene I speak of, comes at about the 30 minute mark and involves a dead convict shackled to John Candy. Up until that point, I had found the film dumb, confusing and it was beginning to lose me. When this scene came up, I laughed so hard, I peed my pants. No movie has ever done that to me before. When the project began, ""Going Berserk"" was supposed to be the SCTV movie. I remember it being announced. As time went on, the cast was whittled down To John Candy, Joe Flaherty & Eugene Levy. There also must have been a regime change at Universal, while it was being shot, because upon being released, it was shown in nearly ZERO theaters. When watching this a second time, I listened to the theme song (which actually flaunts how incomprehensible the plot is, in the lyrics), relaxed my logic nerve and figured out what was going on. Aside from the aforementioned routine, ""Going Berserk"" has many other hilarious scenes to recommend it. This is almost a 3 Stooges flick, except it's much funnier. Director David Steinberg has razor sharp timing, and he must have been laughing all through this. As for Candy, who's basically in charge here, he has NEVER been funnier. With all the plot devices and explanatory scenes thrown out the window, he absolutely runs wild. Flaherty and Levy follow him effortlessly. There is a plot, but it's a plot like ""Animal House"" had a plot, and yeah, the script is uneven, and a little slow to start. Once you know this, however, you can well appreciate the full SCTV style craziness that transpires. It IS stupid, but it's stupid on purpose, and you need to remember that when you see it. DO see it, and discover for yourself, if it has the funniest scene of all time in it.",positive
"Woody Allen, when at his best, has one of the sharpest pens around. He can make an acute observation and wrap it around a punch line like nobody else. However, when he's at his worst his movies can stench of pretentiousness. Unfortunately, ""Melinda and Melinda"" has this stench from opening to closing. The set up is one of his more intriguing ideas in a while. Four friends sit in a restaurant discussing whether the essence of life is comedy or drama. To help settle the argument, one man relates the beginning of a story and asks the two other men arguing (one a comic playwright, the other a dramatic playwright) whether the story is a comedy or a tragedy. The two men then continue the story and the movie plays out the stories that they weave. Now, when I first heard about this film, my understanding was that they tell the exact same story, the genre (comedy or drama) only changes by how you look at it. Now that would have been interesting. However, the stories only share one main element and a few side elements. They are entirely different stories with major plot differences. The drama is so stiffly scripted and pretentious that it can only really work as self-parody. If this was the point, then it failed because these elements prevent the audience from feeling any emotional investment in any of the characters. The comedy is the story that has moments of success, but they are still short and fleeting. Will Farrell is obviously meant to be the stand-in for Woody, but he could have played this character so much more believably without adding Woody's stutters and hand-ticks. Woody is the best at being Woody. When someone else tries, they're not playing a character, they are modeling a recognizable actor. This type of thing only pulls the audience out of the story.<br /><br />My favorite Woody Allen movies make me leave the theater a little bit lighter in spirit than I walked in. This one made me wish I could get my money back.",negative
"*** Spoiler in fifth paragraph *** This was an amazingly frank (uh-huh, uh-huh) picture for 1955. Otto Preminger and Carlyle Productions took a chance by making it, the Motion Picture Association of America balked at certifying a film that openly shows a junky jabbing a syringe full of heroin into his arm. Frank Sinatra took a chance both on playing an addicted musician and at falling flat on his face in a role that required at least twice as much acting as he'd ever done. All in all these gambles paid off, the movie is a classic, though it's not perfect.<br /><br />Nelson Algren's novel may be great, but it has far too much going on to fit comfortably into a two hour movie 'The Man with the Golden Arm' is 119 minutes and often feels much longer. However, in my opinion it's not just Frankie Machine (Sinatra) that makes the film but the other characters and their sub-plots, all involving Frankie. Ultimately it's not just Frankie who has the addiction, everyone and everything seems to be dependent on him and he feels it keenly. When the pressure gets to be too much the drums start pounding on the soundtrack and Frankie steps across the street with his well-dressed ""friend"" Louie.<br /><br />It's an exaggeration to say that Frank Sinatra's music career was ever really in the doldrums, but in the early 50's he was in limbo between his days touring with big bands and the Las Vegas era. 'From Here to Eternity' established him as a serious actor and his career as a singer rebounded as well, but 'The Man with the Golden Arm' was still a significant challenge, the whole show sinks or swims with his performance. He pulls it off with such skill that for several minutes at a time I forgot I was watching Frank Sinatra, he must have known junky musicians and exploited that knowledge to the utmost.<br /><br />Set side by side with Billy Wilder's masterpiece 'The Lost Weekend' there is more emphasis on the sociological causes of addiction in 'The Man with the Golden Arm.' Whereas Don Birnem (Ray Milland in 'The Lost Weekend') seems to struggle mostly against himself, Frankie Machine is beset by external forces and he takes refuge in the needle. Neither approach is wholly right or wrong, mostly because addiction is impossible to fully explain, but it seems like this film might have benefited from a little more insight into Frankie's internal struggle.<br /><br />*** Spoiler *** One of the problems I have with this film is the clichéd reliance on ""quitting cold turkey."" I realize that 'The Man with the Golden Arm' was probably setting the trend rather than following it but that doesn't make it any better. In the beginning of the movie Frankie has to all appearances kicked his habit with the help of a doctor and a treatment facility of some sort. Naturally the drama of the film requires that he backslide, but I found the All-American ideal that a man has to face his problems alone (or maybe with the help of a good woman) out of place here. Going cold turkey and riding off into the sunset with Kim Novak seemed too unrealistic. The end of 'The Lost Weekend' was similar but in my opinion was a little less rosy.",positive
"This movie is a shameful result of what happens when:<br /><br />A) It is written, directed and produced by an idiot. and/or B) It was rushed in production to satiate the poker/Stu Ungar craze. <br /><br />The story from beginning is uneven. Vidmer spends too much time on Ungar's childhood and not enough on some of the legendary tales -- such as counting cards, his blackjack escapades, the roll of money as id. He also leaves out mentions of other poker greats such as chip reese, brunson etc. The movie is a complete mess from beginning to end. <br /><br />If you want a more complete and accurate account, read the book One of a Kind. If you thought the movie was good, read the book and change your mind.",negative
"this became a cult movie in chinese college students, though i havnt watched it until it is broadcasted in channel4, UK.<br /><br />full of arty giddy pretentions, the plot is mediocre and unreal; the 'spirit' it wants to convey is how independent artists 'resist the commercisliation of music industry' and maintain their' purity of an artistic soul' and wouldnt 'sell themselves for dirty money'. that is really giddy and superficial; the diologue are mainly pathetic. acting is poor. sceenplay is full of art pretention. it is a fantasy movie for kids and that;s all<br /><br />",negative
"Just to clarify, Matthew Poncelet wasn't a real person, but a character combination of 2 killers who were BOTH convicted and sentenced to die for a murder of two teenagers.<br /><br />I read the User Comments and they react as if Matthew was real. The character is based on a mixture of two killers, Elmo Patrick Sonnier and Robert Lee Willie (who murdered separate people) and the murder itself was based on the one Willie committed. The conflict of both Willie having someone else present and both parties swearing the other did the killing is worked into the story as well.<br /><br />Prejean's approach is unique in that she not only is ministering to the convicts as they wait for their death and aiding them in taking responsibility for their actions, she also reaches out to the victims' families, to help them know that the convict did, indeed feel remorse for what they did-effectively aiding both parties.<br /><br />Everyone posting here seems to have strong beliefs on the Death Sentence. It's not my place to say it's right or wrong-in theory punishing death with death makes some sort of Karmic sense, however denying a person their freedom for the rest of their days, although costly, makes more sense to me-being stuck in a small room 23/7 (with one hour of exercise)for the rest of their days to be reminded of the cruel thing they did seem a more apt punishment-they are technically alive, but denied living. Say someone killed someone so they could get out of the responsibility the person they killed required (like Susan Smith killing her poor kids by shoving her car into a lake). I find it fittingly ironic that they would not get that ""freedom"" they craved and would now have to spend the rest of their days imprisoned.<br /><br />Prejean's point comes through the story very well. She has my respect-she manages to find that balance-she isn't supporting a killer, she is guiding them to accepting what they did. If they didn't feel some kind of remorse, they wouldn't be asking for spiritual guidance.<br /><br />Ona final note, when Poncelet apologizes to Delacroix parent for killing his son, the parents of the girl who was also murdered mutters something about why he didn't apologize for her death. I think the point was that throughout the movie, Poncelet denies killing both kids. There is doubt in Prejean's mind he did both killings-there is a friend who was sentenced but not to death-my thought is that Poncelet killed the Delacroix boy and the other man murdered the girl-hence Poncelet was taking responsibility for what he did. Had he been responsible for the girl's death, he probably would have apologized for that as well.",positive
"Hard to believe this was directed by Fritz Lang since he mostly directed crime dramas and mysteries. This movie has a cast that includes Robert Young, Randolph Scott, Dean Jagger and John Carradine. Scott plays an outlaw who tries to go straight and leave his old gang and winds up saving Jagger's life. Jagger works for Western Union, a telegraph company that plans to have telegraphs out west. Jagger hires a lot of men to make sure it is done because they have to worry about Indian attacks and bandits. Scott is in charge of the men and Young is a telegraph expert who can't shoot a gun but can ride. Scott meets up with his old gang who want to stop them but Scott can't tell anyone. It's a pretty good western and Lang should of directed some more westerns.",positive
"Tom is listening to one of those old-time radio broadcasts, something kids from the 1950s to today would watch on TV. However, they didn't television when this cartoon was made so people got their entertainment - from comedies to music to scary stories - from the radio. <br /><br />Tom is literally shaking in his boots listening to some story about the ""phantom."" He's actually literally doing everything the narrator is saying, such as ""hair standing on end, icy chills race down her spine, her heart beats in her throat,"" etc. Jerry, meanwhile, is watching Tom and laughing his butt off at his scaredy- cat antics.<br /><br />We then get a taste of what we will see for many years after this 194- cartoon in which Jerry tortures Tom for no reason other than sadistic pleasure. If the cat asks for trouble, that's one thing, but when he's minding own business and Jerry is physically (and in this case, mentally) abusing him, I have a hard time rooting for the ""little guy.""<br /><br />These early T&M efforts also were a minute longer than all that followed. Sometimes that one minute makes a difference. It did here as this actually dragged for awhile. It could have been cut to five minutes without missing anything because the sketches went on too long. That's usual for Tom and Jerry's. Usually, they are much faster-paced.",negative
"Based on one of the books by Gabriel Marquez and it might be brilliant literature, this cinema-adaption really sucks as it's more like fighting against sleep rather than enjoying some cinematographic delices. The story is about an old couple whose son died and living a life that is heavily dominated by poverty, and wherein the main character is a cock that hopefully one day brings some money for a forthcoming cockfight. I am in no mood to spill more words on this useless pretentious piece, just perhaps that you can see Salma Hayek in here, but sitting 90 minutes in front of your screen for just that? No gracias.....",negative
"Beware My Lovely originated from a play written by Mel Dinelli who apparently liked writing about frightened women. His first and best effort was the screenplay for The Spiral Staircase. He also did a Loretta Young suspense thriller Cause For Alarm a couple of years earlier. The play Dinelli wrote was originally entitled The Man and it ran for 92 performances on Broadway during the 1950 season. It was Dinelli's only effort on Broadway and it starred Dorothy Gish and Richard Boone. <br /><br />The roles that Gish and Boone played are taken by Ida Lupino and Robert Ryan. For whatever reason RKO thought to eliminate the age difference. Dinelli himself rewrote his play for the screen so I'm wondering what he thought about that. Certainly the frailty issue was eliminated completely from the story.<br /><br />That wasn't the only thing that was eliminated. The people are all wearing period clothing from around World War I yet there's no reference at all to the time this story takes place in. I thought that strange and later on when the telephone company repairman comes to Ida Lupino's residence, I noticed his truck was a vintage one of the same era.<br /><br />The film is almost entirely set within Ida Lupino's home where she's hired an itinerant stranger in Robert Ryan as a handyman. The film is a great object lesson in not hiring strangers without reference. It turns out that Ryan is a schizophrenic who imprisons Lupino in her home for about a day.<br /><br />Both the leads do fine jobs even with the changes made. Films like Beware My Lovely are the stuff that a small studio like RKO did best. If this were done at MGM or Paramount the glossy trappings would have overwhelmed a solid story.",positive
"This is just a long advertisement for the movie ""The Death Tunnel"". Although it is an interesting history of the Waverly Hills Sanatorium, the whole ghost theory is up to your interpretation. More ""Ghost Orbs"" which you can duplicate with dust in front of a flash camera, and the ""Ectoplasmic Mist"" is just someone's cigarette smoke lit up with the camera flash. I couldn't see any ""Shadow People"" until they drew an outline around the blurry distortion of the image. No scientific explanations were suggested for the phenomena, only paranormal. Perhaps these are only events one would have to see to believe, so be sure to make plans to visit the Sanatorium on your next vacation in Louisville, Kentucky.",negative
"It is difficult to imagine how the engaging Dan Brown novel ""Angels and Demons"" could misfire as badly as this film version. Here are ten reasons why the film was a failure. Due to the spoilers, please do no read on unless you have already seen the film.<br /><br />(1) In the film, there was no love relationship between Robert Langdon and Vittoria Vetra. Worse still, there was not even any chemistry between the two leading actors. <br /><br />(2) The breathtaking locations in Rome, as described in the novel, were not realized visually in the film. I am aware that director Ron Howard encountered difficulties in filming on location. But there are superior photographed depictions of Rome on The History Channel than in this film where the Eternal City was presented in eternal stock film footage. The great art works described in the novel were only briefly depicted in the film. The magnificent Bernini sculpture of the ""Ecstasy of St. Teresa"" was only momentarily glimpsed, and the West Ponente relief in Vatican Square was not visible at all.<br /><br />(3) The most tasteless choice made by the film-maker was in the depiction of the deceased pope who actually resembled the beloved John Paul II. In the novel, the pope is clearly fictional with no resemblance to any real pope.<br /><br />(4) One of the most colorful (and important) characters of the novel, Maximilian Kohler, Director of CERN, was cut out of the screenplay.<br /><br />(5) There were numerous instances when the lines of dialog were inaudible due to extraneous background noise.<br /><br />(6) There were moments when the faces of characters were not visible due to the shadows and chiaroscuro film lighting. This technique worked in ""The Godfather"" films, but Ron Howard is no Gordon Willis.<br /><br />(7) The College of Cardinals was quite a motley crew with one of the electors speaking in a Southern drawl. This dude would have been more at home on a Texas ranch than in the Sistine Chapel.<br /><br />(8) The crucial relationship of the Camerlengo and the deceased Pope was not defined in the film. This relationship was central to the theme of science vs. religion and the relevance of the Illuminati to the plot against the church.<br /><br />(9) In the novel, the character of Hassassin was an unforgettable villain. In the film, that assassin character's role was a cardboard cutout villain. <br /><br />(10) As a whole, the filmmakers did not trust the workings of the successful novel.<br /><br />In the novel, Langdon makes an impossible fall out of the sky and into the Tiber River. In Ron Howard's film, it was the movie itself that landed in the Tiber.",negative
"Now I had the pleasure of first viewing Contaminated Man when it premiered on TV back in December of 2000.<br /><br />An infectious disease expert (William Hurt) looses his family when an unknown disease enters his home and kills them. Now some years later he is now in Russia or someplace. I'm not sure where exactly, all I know is it takes place somewhere in that area. Anyway, because of budget cutbacks at an infectious disease laboratory, they are forced to lay off most of their workers. One of them, a disgruntled security guard named Joseph Muller (played Peter Weller, best known for his role as the indestructible Robocop) goes in there and demands that they give him his job back. He needs this job because he is divorced and he needs it to pay child support. So he goes in there, a fight breaks out, and some things get knocked over, dangerous things. It's soon discovered that Muller has been infected with a deadly pathogen. In fact it's so deadly, one drop of his blood will kill a person in matter of seconds. Soon word gets out and the disease expert (Hurt) is called in to investigate and he later teamed up with an American reporter. Now Muller is determined to get home to see his wife and son and will stop at nothing even if he has to infect the entire Russian population.<br /><br />Now as I said before this film is a lot like Falling Down. We have a disturbed person (Weller here, Michael Douglas in Falling Down) who will stop at nothing to accomplish there goal even if they have to kill a few people in the process. Next we have a hero-type person (Hurt here, Robert Duvall in Falling Down) who is both sympathetic and determined to stop the antagonist.<br /><br />Contaminated Man is in fact a very good film with a good story line and some very good performances.<br /><br />8/10",positive
"Oh boy! Oh boy! On the cover of worn out VHS has a picture of Sandra Bullock and her name written on top. I think only reason they had chance to sell the movie in nineties, was because of Sandra Bullock's name. Bullock's fans don't have to disappoint. Sandra is only thing to watch in this movie and her performance is the only you can call acting. Rest of the movie It's fun to watch in first fifteen minutes because it's bad but after that it's going worse. Much worse. Directing is awful. Acting is awful. Script is awful. Dialog is awful. Action is awful. Music is quite good actually. Typical score for eighties action movies. This movie is so bad that it goes close to anything Andy Sidaris has ever produced. It's so bad that there isn't proper word to describe this poor attempt to be a movie. But still, there was Sandra Bullock. And super cool (sarcasm) Jake LaMotta who tried to be Marlon Brando. <br /><br />I think they can now bring the film out on DVD. It could be cool! And they should write on the cover: ACADEMY AWARD WINNER SANDRA BULLOCk IN HANGMEN<br /><br />1 out of 10",negative
"What the *bliep* is it with this movie? Couldn't they fiend a better script? All in all a 'nice' movie, but... it has been done more than once... Up till the end I thought it was okay, but... the going back to the past part... *barf* SO corny... Was waiting for the fairy god mother to appear... but wow, that didn't happen... which is good.<br /><br />I loved Big with Tom Hanks, but to see such a movie in a new form with another kid who wished that he/she is older/bigger; that just is so pasé<br /><br />Just watch till it comes out on TV. Don't get me wrong, but it ain't all that",negative
The old man mouse in this cartoon would have you believe that all men are created equally EVIL............so if we have to kill men in order to stop Hitler..........we are just as bad as Hitler was killing the Jews........ Well.....I don't buy it Mr. Mouse............but I guess it paints a pretty picture and makes a cute cartoon.......but it wasn't the reality then and it ain't reality now.,negative
"This film is worthwhile despite what you may hear. The performance of Marie Dressler (I hope I am spelling it right) as a drunken old sot is reason enough to see this film. It is an amazing performance. She is in a drunken stupor in three scenes for a good long while and she never does the same thing twice. You can actually smell the alcohol when she is done. Amazing. And Greta of course speaks her first lines on film and shes great. The Eugene O'Neill story is solid and like most O'Neill stories, very deep and intense. This is not light entertainment but if you appreciate those great character actors from the 30's and 40's you will like it. Some of the film is technically fuzzy but all in all worthwhile.",positive
"I sat through this on TV hoping because of the names in it that it would be worth the time...but dear Gussie, whoever thought this script was worth producing? The basic idea is excellent but the execution is appallingly bad, with a constantly illogical sequence of scenes, an ending that is almost laughably melodramatic and poor Rock Hudson wanders through this with an understandably confused look on his slightly sagging face. Looks like a bad B movie from the 40's...",negative
"The movie actually has a fairly good story, but gets bogged down in several key places. It's almost as if the director threw the movie together without taking the time to make some essential cuts in the film. Dennis Quaid does a fairly decent job in his role... but something is clearly missing from several key scenes.<br /><br />This 2.5 hour movie could have been reduced to about a 2 hour movie. And probably would have been a much better film had it not had the feel as if it was thrown together.<br /><br />",positive
"Dad (78) and I (46) both had a good time watching the flick today. For a guy primarily known for serious roles, De Niro is a heckuva comic actor. Of course, it helps to have his past film images to play against. Consider that one of those roles, 15 MINUTES, was a cop having to deal with the interference of the mass media, and you have an interesting set of compare/contrast performances.<br /><br />Murphy plays another of his Axel Foley sort of characters. Shatner plays a burlesque of himself, a parallel world self who was best known for TJ HOOKER and not STAR TREK.<br /><br />It's interesting to watch how the film comments on the contrasts between the reality of police work and its fictional counterparts in TV and film. Shatner lectures on the proper means of sliding across a car hood; De Niro points out holsters scratch the hood finish. Ironically, as the film progresses, De Niro's character begins to incorporate the illusions of TV-cop reality into the real world case he's working.<br /><br />The film draws its inspiration from a gamut of sources, so one could make the comment it is derivative. Well, so what? Satire needs to derive its humor in order to exist. And besides, the film does have quirky moments of originality. For example, I'm reasonably sure the method of the villain's death has never been done before. <br /><br />One quibble about the reality of the weapons involved-- shouldn't those guns have had some kind of recoil? In order to penetrate steel, those bullets had to have enough inertia to penetrate. And any bullet's highest level of inertia is at the moment of firing. So.... firing a volley of these tank-killer bullets should have driven the shooters back onto their butts. Oh, what the heck... it's a satire. Maybe the guns' lack of recoil is itself a satire on the B-F-Guns used so casually in thrillers. <br /><br />",positive
"An example of genius filmaking. The epic story of three major stages of life for a young boy told with eloquence and raw fearlessness. Rarely does a film come along that causes me to out loud say during most of the viewing, ""this is a really good film...."" again and again. That is exactly what happened when I watched this film. I really do not understand how anyone could not like it. I found myself at moments crying and laughing at the very same moment, unable to control how I felt about the scene. The acting is outstanding. Eric Mabius- why is he not all over movie screens? He was really extraordinary. His seemingly effortless attempt on the screen impacted me in deep visceral ways. I thank him. In my opinion, Eric Schaeffer is one of the best filmakers around, and I hope he continues to rise to the challenges that he faces while trying to give us art in the face of ferocious commercial filmaking.<br /><br />",positive
"Blonde and Blonder has Pamela Anderson and Denise Richards in almost every scene and if you want more from a movie you're being utterly unreasonable. It feels like a late era Carry On, when the series was no longer blazing trails, but was still more funny than not, think Behind or England and you won't be too far off the mark. Pamela and Denise are bubbly, charming and clearly aware this isn't a masterpiece they're making, although you can give me it over lots of things I'm told to like. The supporting cast are energetic, even if some of them aren't particularly good; I can't see a couple of duff turns in a movie that's already practically forgotten making much difference to anything, so just smile. I really do think Blonde and Blonder is ace and I hope you hate me for it.",positive
"This is one of the few episodes (if not the only one) with an indisputable error in its storytelling. While handling the Ralphie situation Christopher states that he has heard about Pie-O-My's death in the fire accident. This is an important detail because in this context it is quite obvious that Christopher knows from the beginning that Tony is the one who must have killed Ralphie. There is however no way Chris could have heard about the accident. Who should have told him and when? By the time he is torn out of his delirium by Tony's call nobody else was informed. Tony knows that - which makes it even worse! Hearing Christopher talk about Pie- O-My's death could therefore only lead Tony to the conclusion that Chris himself has set the fire. Given the impressively elaborate writing process as told by the writers themselves on the DVD I really wonder none of them realized the problem there. The story just doesn't work that way. Unnecessary to add that I'm a huge fan of the Sopranos. Otherwise, I certainly wouldn't care.",negative
"This is one of the worst films I've seen for years. The storyline has potential that is never realized. The actors are a poor choice, but considering the screen writing, their talent isn't wasted. I really wanted everyone dead as quickly as possible so I could get out and watch something else. Unfortunately, I did stay to the end and had a laugh at the murmurs of people moaning about how crappy this is. There wasn't booing, after all, this is England, just gentle moans about how crap that was. Then, I look on IMDb and see 288 people have given it 10 out of 10. I really just cannot see how those people are able to give that score. They must be a PR company working with the distributor. There's a hilarious set problem towards the end of the film, when in the graveyard and the hick attacks, look out for the dodgy scenery that rocks when touched (supposed to be a brick wall) - the blood effects are waaaay OTT - the film feels like everyone is making a spoof horror except the Director.",negative
"Poor Jane Austen ought to be glad she's not around to see this dreadful wreck of an adaptation. So many great Jane Austen movies have come out recently that this one deserves to be permanently buried along with two other movies I despise-The Man in the Gray Flannel Suit and the 1969 version of David Copperfield. My main beef with the movie is that it completely misses the point of the book. Jane Austen was poking fun at the Gothic mania in her society, and much of the novel is tongue in cheek. The movie, however, is serious and comes across terribly melodramatically. The lighthearted, fun-poking flavor of Austen's writing is completely and conspicuously absent from this ponderous foray iinto horror meets period drama. The scenes of Catherine's imagination are both gratuitous and uninteresting. Also, Henry Tilney is dreadfully unappealing. Why, I ask, would anyone fall for him? If you are looking for a fun-filled Jane Austen evening, watch Emma instead!",negative
"I first saw this movie when I was very little. I was born in 1985, so it was around the age when 80s cartoons were big. My mother taped it one day thinking I might like it. I had never even heard of the Rainbow Bright TV show before I was introduced to the movie. When I saw it (on one of those old BETA tapes...) I loved it. I became addicted to it. There are people who say it's badly written and all that, but it's a kid's movie, and things like that don't matter much to children. I loved the story, and especially liked the songs and all the female characters. Of course I pretended to be them, and in the scene where Rainbow first met Krys and they were repulsed they had to work with the opposite sex, I could totally relate. The story was the basic good vs. evil that children enjoy, and there were enough happy moments to balance out the scary ones. The world is a fantastic place that would stimulate the imagination of any young child. I am very glad I had an opportunity to see this movie when I was little. It made a big impact, and watching it now brings back happy memories of childhood. I would recommend to any parent with young children to rent this movie. It will trigger their imagination and provide plenty of entertainment. You're only a child once, so don't let them miss out on this one!",positive
"Your ability to enjoy The Ashes of Time may depend on our expectations before stepping into the theater. Even its most strident supporters seem to agree that audiences can be split right up the middle in their appreciation of this unique film.<br /><br />Unlike most HK actioners, the battle scenes are curiously kept at a distance. When they do happen, they're rendered in a jerky style in which it's difficult to make out exactly what's occurring on screen. The dramatic scenes can be extravagantly beautiful, with the of Maggie Cheung, Brigitte Lin, and a roll-call of HK's top acting talent chewing up the scenery. As with some of Wong Kar-wai's early work, the dialog could be more precise. <br /><br />In short, The Ashes of Time requires a forgiving attitude. Released around the same time as Wong Kar-wai's spectacularly successful Chungking Express, it's clear that the director isn't as confident working with the elements of the martial arts film. Anyone looking for tense action is likely to be disappointed. But those intrigued by the director's aesthetic will likely find this a unique experience at the very least.",negative
"The quality you're likely to remember after viewing The Big Knife is how claustrophobic it is. It's pacing is sacrificed to a uniform texture of dialog. It's talky in the extreme. Modern viewers will feel every point has been made (and then some) but the movie will still not move on, or do the viewer a favor and change the scenery. It's very inert. At the 45 min mark I was sure I had watched two very slow hours. My beleaguered response was, ""Good God, where is this going?"" It feels like Odets was paid by the word...<br /><br />This is a good place to note the decline of drama from it's high point in the 40s through the conceit-laden projects of the 50s and 60s until actual filmic merit was rediscovered in the 70s, only to vanish again. Here we get show-offy, conventional, emotional outbursts from Steiger, Lupino et al. and camera moves pre-arranged to meet over-practiced blocking. This is due to the rise of the Method; the regrettable trend of sacrificing every other merit of film, to grant actors their most selfish wishes. ""Great acting,"" ho-hum, has killed thought in movies.<br /><br />Jack Palance's forehead & pompadour retract and thrust forward every time he reacts to something. It's disturbing.<br /><br />This is awfully boring stuff.",negative
"It is enjoyable and fast-paced. <br /><br />There is no way on Earth that the actor playing Mat could be eighteen. However, the main thing is that he does act eighteen very convincingly. It must be a credit to his audition that he convinced them to cast him. I quite soon accepted him as being a naive young country boy.<br /><br />While his was the best performance, most of the others were also very engaging. In particular, the interplay between the policemen was natural and well-balanced, and worked very well.<br /><br />It is only about 45 minutes long, so the plot is not complex. More key is the style of the whole thing. It is very slick and vibrant, and the backdrops are atmospheric, especially from the fact that all the colours are extremely rich. The gangland is identifiable to foreign audiences, but still manages to be distinctly Australian.",negative
"Set in and near a poor working class town in the mountains of rural Italy, it's a story of madness. The landscape may be quite picturesque, but there's madness herein, concealed behind the mask of a person who seems outwardly normal. This person kills little children.<br /><br />In style and tone this film resembles Dario Argento's famous Italian giallos, those fascinating whodunit horror films, except that Argento's films are much better looking. Still, the visuals in Fulci's ""Don't Torture A Duckling"" are competent, with some interesting compositions and lighting. Lightning and thunder on a rainy night enhances suspense in one sequence wherein one of the ""ducklings"" is vulnerably alone.<br /><br />In one sequence the gore is a bit overdone. But this is no slasher film. A legitimate theme undergirds the story. And that theme is that madness can take many unexpected forms, not just the obvious delusions of people who practice voodoo or black magic.<br /><br />Plenty of red herrings render the puzzle solution difficult if the viewer doesn't assume an agenda on the part of the director. Don't dismiss someone who might not seem to be a suspect. The twist near the end provides good misdirection. However, in one scene midway through, a line of dialogue could have been added to clarify the relationship between two characters, one of whom is the murderer. The film's finale takes place on a beautiful mountaintop with the wind whistling in the background. We see flashbacks to clues and get insights into the killer's mindset.<br /><br />I don't care for the film's widescreen projection. But background music is effective, and ranges from jarringly creepy at the beginning to low-key jazz, to indigenous Italian songs. Acting is generally average, though in a couple of cases, it's a bit overdone.<br /><br />Though not as visually brilliant as Argento's giallos, ""Don't Torture A Duckling"" nevertheless is a fine film, one that contains a thematic storyline and enough of a whodunit puzzle to interest most viewers who like thrillers and murder mysteries.",positive
"I almost made a fool of myself when I was going to start this review by saying "" This movie reminded me of BILLY ELLIOT "" but then I looked up the resume of screenwriter Lee Hall only to find out that he was the guy who wrote BILLY ELLIOT so it's Mr Hall who's making a fool of himself not me <br /><br />Am I being a bit cruel on him ? No because Lee has something most other aspiring screenwriters from Britain don't have - He has his foot in the door , he has previously written a successful British movie that won awards and made money at the box office and what does he do next ? He gives the audience more of the same <br /><br />Young Jimmy Spud lives on some kitchen sink estate . He is bullied at school and no one loves him . The only thing keeping him going is that he has aspirations to be a ballet dancer . No actually he has aspirations to be an angel but considering his household he may as well be a ballet dancer . He has a macho waster of a father who thinks "" Ballet dancers are a bunch of poofs while his granddad says "" Ballet dancers are as tough as any man you could meet . I remember seeing the Bolshoi ballet ... "" Yup Ballet is a main talking point on a run down British council estate those days - NOT . Come to think of it neither is left wing politics which seems to be the sole preserve of middle class do gooders who live in nice big houses , so right away everything about this set up feels ridiculously false <br /><br />Another major criticism is that this is a film that has no clue who it's trying to appeal to . I have often criticised Channel 4 for broadcasting movies at totally inappropriate times ( THE LAND THAT TIME FORGOT at 6 am for example ) but they showed this at 2 am and for once they've got it spot on . Considering the story involves politics , ballet dancing ( Gawd I hate it ) lung cancer and poverty there's no way this can be deemed suitable for a family audience but since the main protagonist is an 11 year old child and features angels and ballet dancers ( Don't blame me if I seem obsessed with the subject - there was no need to refer to them ) there's not much here for an intelligent adult audience either . <br /><br />Of course if Lee Hall had been told at the script development stage by the producers that he should write a story featuring a schoolboy and an angel and had flatly refused saying that he wanted to write about other themes and stories then I will apologise but throughout the movie you do get the feeling that once the film was completed it was going to be marketed to the exact same audience who enjoyed BILLY ELLIOT",negative
"Jonathan Demme's directorial debut for Roger Corman's legendary exploitation outfit New World Pictures rates highly as one of the finest chicks-in-chains 70's grindhouse classics to ever grace celluloid. Beauteous Russ Meyer starlet Eric (""Vixen,"" ""Beyond the Valley of the Dolls"") Gavin gives a robust, winning performance as a brassy, resilient new fish who does her best to persevere in a grimy, hellish penitentiary. The always fabulous Barbara Steele offers a deliciously wicked portrayal as the mean, crippled, sexually frustrated warden (her erotic dream about doing a slow, steamy striptease in front of the lady inmates is a real dilly). Longtime favorite 70's B-movie actress Roberta (""The Arousers,"" ""Unholy Rollers"") Collins delivers a hilariously raunchy and endearing turn as a cheerfully forward, foul-mouthed kleptomaniac felon who tells a gut-busting dirty joke about Pinnochio. Lynda Gold (a.k.a. Crystin Sinclaire of Tobe Hooper's ""Eaten Alive"" and Curtis Harrington's ""Ruby"") makes her lively film debut as uninhibited wildcat Crazy Alice. And the ever-cuddly Cheryl ""Rainbeaux"" Smith does a lovely, touching reprise of her fragile frightened innocent role from ""Lemora: A Child's Tale of the Supernatural."" <br /><br />Although this picture does deliver the expected ample amount of coarse language, nudity, rape and violence, it's still by no means a typically crass and sexist piece of lurid mindless filth; the movie very effectively explores the many ways in which men cruelly exploit women and strongly asserts the pro-feminist notion that women can overcome any obstacles if they band together into a group so they can bravely face their misogynistic oppressors as one mighty fighting force. Demme's zesty, confidant direction comes through with a glorious abundance of astutely observed incidental details and delightful moments of engagingly quirky human behavior. Furthermore, both Tak Fujimoto's vibrant cinematography and John Cale's marvelously dolorous oddball blues score are 100% on the money excellent. Patrick Wright (Sheriff Mack in the uproariously awful cheap-rubber-monster-suit creature feature howler ""Track of the Moonbeast"") has a sidesplitting bit as a jerky cop who has his car stolen by a trio of prison escapees when he stops at a gas station to use the bathroom. Lively, rousing and immensely enjoyable, ""Caged Heat"" qualifies as absolutely essential viewing for 70's drive-in movie fans.",positive
"This is my kind of film. I am fascinated by strange psychotic nightmares and this movie is just that. But it is also a dark comedy. While I see it mostly as a horror/thriller, there will be others who might see it as a black dramatic comedy.<br /><br />But either way, it is a fascinating descent into madness. The ending caught me off guard, but what an ending! It leaves the viewer a lot to think about.<br /><br />Powerful performances, a complex and detailed plot, a great script filled with dread and dashes of humor, and an eerie atmosphere make this a film worth watching.<br /><br />Personally, I think that I will need to watch this several more times to pick up and understand all the subtleties that are within. But it is such a film that it will be a pleasure and not a chore so to do.",positive
"Having read another review, I thought this movie would actually be good. I do enjoy the ""B"" movies, but this couldn't even be classed as such. The photography is probably the only half-way decent thing in the movie. But the editing left much to be desired. It was very choppy and staccato. Whoever chose the music and sound did a terrible job. The music was awful, specially anything atmospheric or scene setting. If the acting had been better, they could have pulled the movie off. Unfortunately, I've seen better acting in porn flicks. If you want to see a ""B"" vampire movie, check out 'Blood Ties'. You'll be much more entertained.",negative
"During the brief period between Clint Eastwood's string of spaghetti westerns and his Dirty Harry films, he and director Don Siegel teamed up to make this unusual picture. Eastwood plays an injured Union Army corporal during the Civil War who is taken in by a southern school for girls until he recovers from his wounds. It has been a while since the young women (most of which seem to be teenagers) have had a man on the premises, so they are reluctant to turn him in to the local rebel soldiers. The resulting situations are often humorous, shocking, erotic, or even downright grotesque as Eastwood slowly regains his strength and begins to brood over the establishment.<br /><br />The basic storyline almost sounds like the makings of a porno film. We have a masculine male suddenly surrounded by young nubile women. Most of them are sexually attracted to him. And he is more than willing to spread the love amongst them. The material never really slips down to the level of ""tasteless"", however. Eastwood, Siegel, and cinematographer Bruce Surtees are such skilled filmmakers, that the film always retains its dignity.<br /><br />Eastwood's John McBurney is like no other character he has ever played. McBurney is an amoral, conniving, and lustful charlatan. He knows that most of the women, even the youngest want his bod, and he lets more than one of them have a shot at him. McBurney often uses flattery to butter the women up, then uses his rugged good looks to reel them in. He is like a drunken player at a cocktail party, often hitting on different women even in the same scene! Eventually, his lustful ways cause him great agony and loss in a way you must see for yourselves. This author would not dream of revealing the specific consequences of his actions, but there is little doubt he has them coming.<br /><br />Eastwood gives a typically great performance. He seems to be having a blast with the role until things turn really ugly, then he turns mean and ugly. Geraldine Page is a treat as the steely B*tch who runs the school. We know she wants McBurney as much as the other girls, but with her checkered past shown to us in flashbacks, we find out that isn't all she's after! Mae Mercer as a slave belonging to the school gives a great performance, too. She obviously knows McBurney is a skunk from the beginning, and she never lets his phony charm bring her guard down. This is a character you will want to know more about after the film is over. She seems to have a greater knowledge of the world than anyone else in the film.<br /><br />The Beguiled did poorly in its theatrical release. Nobody was quite sure what to make of it, and some of its content no doubt raised a few eyebrows in 1971. For example, in an early scene we see Eastwood romantically kiss a 12-yr-old girl. Is he just trying to keep her quiet when the rebel soldiers get close, or is he really enjoying it? Probably both! A fantasy sequence later on even shows Clint getting it on with not only Page, but her young assistant! Truly some interesting goings on in this one. It's a good thing Eastwood became the star he did, or this one might have been long forgotten.<br /><br />Highly recommended. 9 of 10 stars.<br /><br />The Hound.",positive
"Back in 1994, I had a really lengthy vacation around the Fourth of July - something like 17 days off in a row what with two weeks paid vacation, weekends and the holiday itself. I stayed in town during that time, hanging out at my parents' house a lot.<br /><br />I didn't have a TV in my apartment so I used to watch my parents' tube. I had just finished watching a segment of the X Files when a program came on called Personal FX. I was hooked instantly. I had always been fascinated with items in our home that had come from my parents' family homes and through inheritances from relatives' estates, and often wondered about their history, value, etc.<br /><br />After my long vacation, I used to go to my folks' house on my lunch-hours just to catch Personal FX.<br /><br />I can remember one episode during which co-host Claire Carter announced that the New York apartment in which the series was filmed was being renovated and that once said renovations were complete that Personl FX would return to the air.<br /><br />It never did! Personal FX was the first -and best - of the collectible shows. And it vanished from the air! Almost fifteen years later, I'm still sore.<br /><br />Way to go, FX.",positive
"The numbers don't lie, 109 people have voted for this film. That says a great deal about the standing of one of the most intuitively insightful comedians of the late 20th century. And for those of you who know the work of Bill Hicks, if he were alive today, imagine what he would have to say about the boy president from his home state? That his short career remains unrecognized is a sad situation and this film, or rather these two films explain why. First, you see how his talent was obvious from the start, again and again, those who knew Bill Hicks always say he was not only funny, he was also unique. The film also shows how the quality of his material was too challenging for many in the entertainment industry. His drinking also contributed to his career problems, but that is less evident in this film. And then the second film is a complete performance. If you have never seen or heard Bill Hicks, this is a wonderful introduction to the person and his dark but intelligent humor. Especially due to the fact that the topics are now almost 14 years old, yet remain ironically up to date is underlined by the fact that many of the events took place under the first President Bush.<br /><br />Watching them together - first the biography and then the performance - makes you aware of how greatly talented this young man was, how quickly his life passed and how the American media can sometimes act as the great big homogenizer. Let's make sure nothing is too provocative, nothing will be too interesting And the result? Well, as the man himself said, go to sleep America, your government is in control........... In his lifetime, at least in Great Britian this artist was recognized for his talent and was successful there. 11 years after his death, 109 people at IMDb can say something about the film. After you've seen them both, I hope you understand why more people should be listening to Bill Hicks.",positive
"THHE2 is entertaining in that you'll laugh a lot and cringe and probably say ""oh sh*t!"" and ""get your face away from the goddamn hole you dumb**s"" or things along those lines but I don't know if its really worth seeing- I was very annoyed throughout the entirety with the horrible military characters who don't seem to know the first thing about combat.<br /><br />Yes there was more violence, gore, and a higher body count than the first one but I am still am debating whether that cancels out my feeling throughout the whole movie about how ridiculous it is (and not a good ridiculousness like Dead Alive or Feast). My time would have been better spent watching Aja's remake for the 5th time.<br /><br />So go for some laughs, or go for some gore, but don't go hoping to come out of it satisfied.",negative
"I've watched this film a few times and I never really liked it. I'm not a fan so termed ""nu horror"", so I can't be dismissed on that account. I found it a little sleazy, I think the thing that irks me about Hammers is the sexploitation aspect, not sex mind you, but Sexploitation. I'm surprised at how many people have rated this film so highly, so I'll have another look at it. But for me, it wasn't creepy, it had no atmosphere, just a bit of ""omigod, look at those bad/stupid London prostitute women and that little innocent Anna about to get raped by yet another nasty man, ooherh!"" I suppose ultimately for me, the film had no depth whatsoever, just a bunch of nasty priggish men and women only there for the titillation value. This no doubt was to some degree what Victorian England was like, but the sets are even too clunky and dull impart a sense of Victorian menace. Roger Corman's horrors on the other hand, now that's style, atmosphere and elegant horror. For me, this was just exploitative, flat footed trash.",negative
"I may be a sentimentalist. But i found this movie truly moving. It was the first movie that reduced me to tears. And it did it more than once!! I recommend it to anyone both gay and str8. Religious or not! Supporting co-star Jackie Bisset stole the show, especially with her one liners. The nude scenes were superbly crafted as well, and all in were good taste. Most shocking was the portrayal of the orientation reversal deprogramming instituted by the Mormon church to the lead character. It shocked me that this still goes on in the world. Nevertheless I enjoyed this movie tremendously. This is definitely the best gay film since Torch Song Trilogy. And much better than the other gay movie offering that year - The Fluffer.",positive
"This movie is... horrible and wonderful at the same time. I first saw it when I was about 13 or 14 years old, so it has a great deal of nostalgic value for me. In this movie, Cesar Romero actually plays the character of Octavio, the man who ""discovered"" Santana. There are also two other actors, Monte Markham (plays Sam, who is trying to save his daughter) and Peter Mark Richman (plays the priest), who have large filmographies, and these are the only performances that are okay. The rest of the acting and the movie itself have all of the B-film qualities that some of us cherish.<br /><br />I recently spent 2 years trying to acquire a copy of this movie, and it is almost nonexistent. I am assuming that it was discontinued very shortly after its release. But I did eventually find a copy and paid a pretty penny to acquire it. If you happen to come upon Judgement Day in a video store (unmistakeable with a cheesy green ""satan"" on the cover), count yourself among the blessed who live near one of the few video stores that still has a working copy. A must see for those of you who like to laugh at cheesy attempts at a scary movie.",negative
"How i deserved to watch this crap??? Worst ever. The acting was awful, when i read that this was a comedy i expected at least to smile, once - or twice, but.... If you are wiling to loose hour and a half of your lives, this is the right movie. I recommend just look in a wall or something, anything else but watch this ""film"". Yoy can even watch a documentary (if you are a guy) about pregnant women, i guarantee it will be more entertaining :)The actor in this one (i forgot his name) is not that bad, and i am surprised how hi accepted the role. Anyway ""I want someone to eat cheese with"" is the right film if you want to punish someone.",negative
"Awesome Movie! Great combination of talents! I'm a HUGE fan of David Duchovny and he is outstanding in this movie! I would love to see him in more movies of this nature. His talents are definitely under-used and has SO much more to offer besides ""Agent Mulder"" (although I'm a huge fan of that series too), Anyway, I want to see more of him. He is easily the Cary Grant of our generation. If you haven't seen this movie, you MUST! Great love story that shows love never dies... it's with you forever. Minnie Driver is great and how can you go wrong with a cast containing Mr. O'Connor and Mr. Loggia and Mr. Belushi? This movie didn't get any type of awards nod, but deserved one. Great job Bonnie Hunt! ** By the way... the soundtrack is great too! **",positive
"When I reviewed the video for a local magazine, I called it ""the greatest achievement in the history of the American cinema."" That was not wholly tongue in cheek. TW&TL remains Milius' best work, and it's sad that he has so little opportunity to work anymore. However, TW&TL remains a striking exposition of what once was known as The American Character, largely on the strength of Brian Keith's superb portrayal of Teddy R. (Obviously Milius--and Keith--admired TR tremendously to make two films about him, including ""The Rough Riders."") It's hard to fault this film at any level: a splendid balance of action, levity, relationships, and the serious topic of America coming of age in the world. Furthermore, TW&TL has exceptional appeal across the board: note the stats showing it rates best with under-18 males, females 18-29, and over 45! Clearly Candy Bergen struck a responsive chord with women as well as men.",positive
"I know that many people will/have automatically given this film a rating of 1, just because it doesn't have the huge budget and top-of-the-line special effects that they are used to. I, however, knew what I was getting myself into when I popped this into the VCR.<br /><br />I don't think we get much more low-budget that this, unless we are filming a family reunion. The lighting is awful, sound quality is at times incomprehensible, and the acting is ultra-bad by almost all involved. BUT, this is still a fun movie and the plot is interesting enough. It centers around a fellow named Tom Russo (Asbestos Felt), who has been down on his luck with his job. He is very protective of his wife and does not allow her to work, putting even more pressure on himself. As he begins working more hours, we see him slowly transcend into madness and obsession and he becomes suspicious that his wife cheating on him and begins to brutally murder the various men (most repair guys) that he feels are responsible. <br /><br />I must say that the gore effects are extremely cheap, but fit with the overall tone of the film.. The brutal ways that Tom Russo comes up with to murder these men gives us an idea of just has mad he has become. The pacing of the film is also very good and there is rarely a boring moment. The ending really doesn't follow the rest of the plot of the film, as it seems to want to go from a psycho-slasher film, to a ""Dawn of the Dead"" wannabe, but it is entertaining nonetheless and I must give Tim Ritter credit for wanting to use an unconventional ending. <br /><br />I can honestly say that I enjoyed this film, but it is by no means a good film, if that makes sense. It's budget is its main stumbling block and the consequences are almost too much to overlook. I DO NOT recommend this to people who are totally spoiled by the big-budget movies and who can't have an open-mind to ultra-low budget films. You simply won't enjoy it. For others, and fans of gore--I say give it a shot. You will find at least SOMETHING redeeming in it! <br /><br />My Grade: D",negative
"quite good, don't expect anything high culture.......the acting is bad, the storyline fails, but it is still a fairly nice movie to watch. why? because it's dark, a little bit stupid, like unpredictable and just entertaining and fun to watch. do not expect anything, like i said, just see it for yourself and you know what i mean.<br /><br />it is a movie, without a plot or memorable acting, but there are enough scenes that will make you laugh, cry or at least make you feel compelled to watch it to the end...<br /><br />this is all i wanted to say....<br /><br />7 / 10",positive
"The very first talking picture has returned from oblivion, and now you can hear it and see it! In autumn of 1894, at the Edison lab complex in West Orange, New Jersey, Thomas Edison's associate William Dickson tried to combine two existing technologies (the phonograph and the kinetoscope) to record sound and image together. In the event, Dickson was unable to synchronise the playback of sound and image, so this experimental film was never released to paying audiences ... and consequently (unlike many silent films which Dickson made for Edison at this time) it has no official title. The silent image (recorded at 40 fps) has been in the Library of Congress for years, known to film historians as a mute curiosity. It was also known that the 'soundtrack' had been recorded on one of the crude wax cylinders languishing at the Edison National Historic Site ... although nobody knew which one.<br /><br />But now that's changed. Recently, curators located the wax cylinder, which had broken into several pieces. These were reassembled: a playback was obtained, and the sound was digitised. Hollywood's veteran soundtrack editor Walter Murch cleaned up the background noise and tweaked the digitisation to make it synch with the film image, which Murch had digitally compressed to 30 fps. Sound and image are synchronised at last!<br /><br />The film begins with an offscreen man's voice calling: 'The rest of you fellows ready? Go ahead!' (The unseen speaker remains unidentified, but was probably Dickson's assistant Fred Ott.) On screen, Dickson plays a violin into an immense funnel mounted on a tripod (one of Edison's sound-recording devices) while alongside him, in full view of the camera, two male lab assistants embrace each other for some quick ballroom dancing to the tempo of Dickson's music.<br /><br />The film lasts barely 17 seconds: just long enough for us to marvel at this crude technology before being provoked to laughter at the sight of two men waltzing in each other's arms. Speaking of which, here's a WARNING: a well-known but extremely inaccurate reference book ('The Celluloid Closet', by the late Vito Russo) includes a frame enlargement from this movie and identifies it as 'The Gay Brothers'. That's incorrect. 'The Gay Brothers' is an entirely different movie, made by Dickson at the Edison lab during this same period. 'The Gay Brothers' never had a soundtrack: it's a brief fiction film about two brothers who are NOT 'gay' in the sense Russo meant it. The deceased Mr Russo, for his own reasons, wanted us to perceive Dickson's experimental sound film (arguably the first movie musical!) as an artefact of 19th-century homoeroticism. (Hmm, what is it about gay men and musicals?) Sorry, but there's just no such content here.<br /><br />This vitally important film deserves a rating of 10 out of 10. I've often maintained that no 'lost' movie should ever be considered irretrievable unless it was deliberately destroyed: I'm delighted to report that this film is finally available to audiences as its producer intended it, more than a century after it was filmed!",positive
"There is nothing unique in either the TV Series nor the Movie. Which is a prequel to the TV Show, that isn't found everywhere else in life and entertainment. Both before David Lynches disgusting style of story telling, and after. <br /><br />From the Moment the body of a poor misguided girl washed up on the beach. And being introduced to some of the most mind numbing shady immoral character of the Twin Peaks.<br /><br />To the Mind numbing almost pedophilia disgusting way the movie seems to romantically tell of the destruction of a Human Life through some random psychedelic phenomena in the Movie Twin Peak:Fire Come Walk with me. <br /><br />I watched it all just to make sure I wasn't missing anything. I didn't. It's is simply one mans obvious sexual fetish extended over long series fallowed by a ridiculous overly pornographic movie. Save your self the agony the suspense and watch anything else that at least has the ability to tell a story, rather then seduce you into some kind mental porn movie.<br /><br />I have heard a lot of reviews, rants and raves about how great David Lynch. Because of his ability to define misery and and tragedy and making it into some kind of a wonderful thing. This is not life imitating art, as much as it is some sick twisted version of art doing its best to inspire complete mindless life.<br /><br />Do yourself a favor and avoid this garbage.",negative
"This should have been a movie about Sam and his wife, the glorious Peter Falk and equally glorious Olympia Dukakis. That would have been a movie worth seeing. Instead it's a Paul Reiser vehicle, with a little Falk thrown in. The wonderful Elizabeth Perkins is also in this movie, but you'd hardly know it. I presume Reiser is under the impression that he's a giant movie star who needs an appropriate vehicle. He's not. Even more galling is that Reiser took the trouble to hire some of the best women character actresses on the screen today and then shoved them all into his background. Dukakis does not show up until the last 15 minutes, but when she does, the screen glows. The story is about Falk and Dukakis really, but we're subjected to a pointless, silly, preposterous road trip in which Reiser gets to show how very cute, precious and oh-so-deep with psychological insight (wrong!) he can be. For instance, In a restaurant scene that I imagine Reiser had hoped was ""Cassavetes-like"" there's a laughably false confrontation between Reiser and Falk that is so patently ridiculous, I was embarrassed for Falk.",negative
"With this movie I was really hoping that the idea was to make up for the hashed together ineptitude of the first AVP, and yet to my horror: Requiem is far worse than I could have imagined.<br /><br />My hopes were up in the opening moments of the film inside the Predator ship, and I almost breathed a sigh of relief when we finally saw the Predator home world (a throwaway digital matte painting, but still nice to finally see it) and then of course, the humans (if such poorly written characters can be referred to as such) are introduced...<br /><br />One must wonder why it seems to be impossible for Fox to make a good film out of Aliens and Predators. At the very least the supposed filmmakers could have done their homework.<br /><br />Characters are set up in the same manner in which we would expect from the worst Friday the 13th Sequel. The pizza delivery scene was cringe inducing as was every other scene of character interaction that followed it. Bimbos and teen non actors do not make for a REAL film, they make for a cheap flick, and Alien 1-3 and the Predator movies were good because they were produced above the concept (remember that the 1st Alien is a ""B"" movie done as an ""A"" movie) The Strause brothers really missed an opportunity, that could have been rectified by simply knowing their Alien+Predator roots: In both the Alien and Predator films we are introduced to characters that are part of a larger group (Alien: Refinery workers, Aliens: Marines, Alien 3: Convicts and in the Predator films we generally follow a main hero part of a unit; Predator, Arnold--Special forces, Predator 2: Danny Glover, Police) and it's easy to see where the filmmakers of both franchises started to go wrong: in Alien Ressurrection we have pirates...or something, AVP we have...explorers?...with guns?? and of course in AVP-R we have teen slasher clichés. What is there to identify with here? In concept the idea of a convict returning to a small town and a war vet returning seemed a set up for a First Blood type of action hero, but like many things it was never paid off.<br /><br />The Film-making is equally devoid of rhyme of reason. There is no sense of forward momentum to the action, just small sequences that build the most minuscule levels of tension or interest only to cut away just when they're getting interesting...taking the audience out of the movie at every turn. The action scenes themselves, though much ballyhooed in the trailers, are so darkly lit, it is literally impossible to tell what is going on during the fight scenes when they finally occur. Basically, the movie is hindered from many levels. Bad actors combined with poor direction and an atrocious screenplay (which as a screenwriter myself I noticed, seemed to hit every wrong note and cliché that only the most untalented writer devoid of ideas could have hashed together) The WRITING, if it can be called that, is not even direct to video quality, nor does it demonstrate a shred of respect for the established lore of the previous entries in the series. Why does the Predalien all the sudden have the ability to shoot alien embryos down a pregnant woman's throat to use her as an incubator for chestbursters? More than likely because the brain dead screenwriter needed a way to have more aliens for the predator to fight (and given the accelerated growth time even more so than the first AVP: as quickly as possible. Why must meaningless small talk between cardboard cutouts on sticks (meaning the supposed characters)substitute for real character development? (Remember a character is defined by what they DO, not SAY). Why is the Sheriff leading civilians to a cache of guns? (isn't he an officer of the law?) How does the bimbo of all people know where they are? Why does the Predalien wait for the Predator to VERY SLOWLY remove his mask before it attacks? Why are the aliens still falling into that nasty series-post-Alien 3 habit of hissing all the time to let their prey know to run? How on Earth did this series devolve to a character saying ""People are dying...we need guns!"" (how this writer even works is beyond me, and reflects badly on Fox's already destroyed artistic reputation. It's like everyone involved in the making of this film suffered from a mental impairment or really are that inept at every level of the film-making process. <br /><br />The EFFECTS are pretty lousy this time around. The Aliens look like men in suits and ADI is just getting lazy with their creature design. The Aliens look like modified leftovers from Alien Resurrection, with that same bulky musculature around the arms as if they did not learn from that movie that it was not a good design, nor a good one to recycle. Again, everything is shrouded in such a state of darkness not to create mystery or atmosphere, but simply to hide how bad the creatures look. And just like in AVP, Stan Winston is sorely missed when the fake looking Predator face is revealed.<br /><br />There are too many faults to list so I will just say this: Do not waste your money on this movie. Fox is beyond caring about the fans, as this cheap and trashy film is clearly evidence of. I felt bad having taken my girlfriend to see it (though it was free) and apologized to her profusely after. This is one die-hard fan who is done with the franchise.<br /><br />Note to Fox: What we really wanted wasn't a mindless slasher flick, it was a film adaptation of the original Darkhorse Comicbook, which was better than anything you've produced for this franchise post 1993.<br /><br />Signing off.",negative
"The first film had little ambition so nothing sticks to the screen. It was a bad version of 'Back to the Future' with zero charm. Once accepted that Bill & Ted are nitwits, the joke can only get hammered at the audience for so long before it breaks.<br /><br />This is a surprise. This is your only spoiler warning...<br /><br />By today's standards, this is more fun. This was shunned upon release, sad considering that more talent is involved than the first time. We get the photographer of 'Face/Off', the editor of 'Fugitive', a production designer from Burton's early work, and the sound designer of 'Matrix'.<br /><br />The writers made up for their shallow first outing with something deep. Since this was shunned by the fanbase and public, the director probably decided the style was too extreme. It's not, it fits the material. Like 'Death Becomes Her' and 'Catch-22', this dares to be smart, but we like our movies ""simple"" so we don't buy it. Probably since this dared to be different is why it took 12 producers to pull it off. What's so good?<br /><br />--Nice self-reference towards Keanu; from airhead to Messiah. See also Arnold Schwarzenegger.<br /><br />--Joss hates his creations as much as he hates their counterparts, he makes his own hatred. The Evil B&T and the ""good robot usses"" have the same vocabulary as their originals: lesser copies and depreciation of language.<br /><br />--The ""duality"" motif. Nowhere else is this evident than in the photography styles, lots of high and low angles. They even use Roy Brocksmith from 'Total Recall' to emphasize the point.<br /><br />--The ""choices"" motif. I don't know where this started in the genre (maybe 'Ghostbusters'), but it's used pretty well here. It even boils down to the 7 games against death--Battleship and Club.<br /><br />--Film self-reference, even present in the game against Death (Clue). This is smarter than Tarantino or Brooks. Notice the Premier magazine cover at the end: ""Bill and Ted: The Movie."" Ironic also how Death and Nomolos were villains in the 'Die Hard' and 'Lethal Weapon' sequels.<br /><br />I still have some minor nits, but nothing compared to the original. Music and film are different mediums so it makes no sense why many scripts revolve around the former--particularly in the teen market. Carlin is a great comedian, but in these movies he's wasted. Also, for all the daring this effort shows, even cracking gay jokes, they can't kill a cat?<br /><br />So, despite looking like a Nickelodeon production, this is incredibly interesting. From this movie we got Beavis and Butt-Head. ""We're in Heaven and we just mugged three people."" <br /><br />Final Analysis = = Midrange Material",positive
"Being born in the 1960's I grew up watching the TV ""Movies of the Week"" in the early 70's and loved the creepy movies that were routinely shown including ""Crowhaven Farm"", ""Bad Ronald"", ""Satan's School for Girls"", ""Kolchak the Night Stalker"", etc, but this one is just plain dumb.This is obviously the writer's trying to capitalize on the horrific Manson murders from a few years earlier. The movie stars Dennis Weaver of ""McCloud"" and ""Duel"" fame as a father who takes his family camping on a beach. The family encounters some hippies who for some reason decide to terrorize the family. The reason for this is never explained, and Weaver's pacifistic stance is hard to swallow. For God's sake, call the police, beat the hell of them or something, just don't sit there and whine about it. The acting is pretty lame, the story unbelievable, etc. Susan Dey looks cute in a bikini but that's about it. Ignore this if it ever airs on TV.",negative
"The Monkees, surprisingly, are a big favorite of mine. Yes, they might have been the original manufactured rock band; a gimmick that certainly has reached overkill in the 21st century. However, their music holds up as some of the best the 1960's had to offer. Last Train To Clarksville, Daydream Believer, I'm A Believer, (I'm Not) Your Stepping Stone, Valleri and Pleasant Valley Sunday are great songs, written by good songwriters such as Boyce/Hart, Neil Diamond, Goffen/King and John Stewart. While they weren't great musicians or songwriters, they had a likable screen presence and plenty of appeal and some of their own stuff was actually decent. Their T.V. show is dated stuff in 2007 but I still watch the show on occasion as a time capsule to life in 1966-1968; that magical and dangerous time in U.S. history.<br /><br />However, as we all know, as a portent of things to come for the likes of Kelly Clarkson, The Monkees didn't want to be considered manufactured and just puppets for their recording company. Despite their average talents, they wanted to write their own songs, produce their own albums and call the shots when it came to tours. Sadly, this turned out to be a disaster; especially when Peter Tork's choice of Jimi Hendrix as an opening act was nixed due to his stealing of the show and heavy sexual suggestions in his music compared to The Monkees G-Rated content.<br /><br />However, the final nail in the coffin for the Monkees (until 1986) was the infamous motion picture Head. Head was written by Bob Rafelson and Jack Nicholson while they were allegedly high on the Mary-Jane. The film received poor reviews and only made $16,000 in the box office. Today, the film is a cult classic, ahead of its time and delivers a message of what was on the minds of the youth in 1968, the Summer Of Anger.<br /><br />Head really has no plot. Basically, one to four of The Monkees lurch from scene to scene without any rhyme or reason. They go from eating in a diner, to seeing Davy Jones getting bashed by Sonny Liston, to a Western, to being sucked into a vacuum, to performing at a concert and so forth. The film basically offers up oblique opinions of what was wrong with American society. The Monkees bash commercialism, the war in Vietnam, American policy, censorship, the Establishment and greed. You have to read between the lines to see what the targets of derision were.<br /><br />The Monkees spend a lot of time boxed up at certain junctions of the film, symbolizing how they felt their record company saw them; as nothing but toys for them to play with when it was time to record another hit album. A scene where they are outnumbered 16-4 in the Western scene could be a symbol of them against the session musicians, songwriters, record producers and whatnot who controlled their careers and the cannon they fire at them is their way of saying ""Begone!"".<br /><br />The film is truly a psychedelic trip to behold. The flashy tie-dye colors, the hypnotic concert and belly dancing scenes and the druggy imagery is everywhere. The acting is actually very good but that's being biased as I like The Monkees T.V. show. A small soundtrack features ""The Porpoise Song"" and three songs written by The Monkees themselves.<br /><br />The film actually has some hilarious scenes on occasion; although maybe they weren't supposed to be. Mickey Dolenz beating up a Coke Machine that didn't give him a soda or his violent punch-ups in the boxing scene (I mean, he was a wiry guy who probably weighed no more than 135) had me laughing it up.<br /><br />All in all, this movie is an absolute must-see for any Monkees fan. I think a lot of people will feel this movie is indeed ""over their Head"" but for those obsessed with the 60's and society at the time will find it a great time capsule.",positive
"It takes patience to get through David Lynch's eccentric, but-- for a change-- life-affirming chronicle of Alvin Straight's journey, but stick with it. Though it moves as slow as Straight's John Deere, when he meets the kind strangers along his pilgrimage we learn much about the isolation of aging, the painful regrets and secrets, and ultimately the power of family and reconciliation. Richard Farnsworth caps his career with the year's most genuine performance, sad and poetic, flinty and caring. And Sissy Spacek matches him as his ""slow"" daughter Rose who pines over her own private loss while caring for dad. Rarely has a modern film preached so positively about family.",positive
"""Don't Drink the Water"" is an unbelievably bad film. It's based on a 1966 Broadway play by Woody Allen. It stars Jackie Gleason, the comic genius behind ""The Honeymooners"". The director, Howard Morris, has appeared in several Mel Brooks comedies (Life Stinks, High Anxiety, Silent Movie)and has made a mark in animation (characters he has voiced include Gopher from ""Pooh"", Jughead (Archie)and Beetle Bailey) What went wrong?<br /><br />I think the problem is that the premise is played out too seriously to work effectively. Allen's original play was tongue-in-cheek, which is why it worked on Broadway and in Allen's 1994 remake. The screenplay by R.S. Allen and Harvey Bullock beats the premise to death and makes too many changes from the original play. Making Gleason's wife an airhead in this version when she was a headstrong woman in the original is just one example of why this doesn't work.<br /><br />The acting isn't much better. Gleason does the best he can with the material, but he can't save this. Gleason was a comic genius , but also a fine actor as he demonstrated in ""The Hustler"" and ""Soldier in the Rain"". His abrasive personality could have worked here, but the lousy script doesn't even give him a chance. Too bad. Estelle Parsons' airhead wife will drive you nuts after 20 minutes. See how soon it'll take for YOU to want to strangle her. That is also a shame because she is also a fine actress, having turned in two exceptional performances in ""Bonnie and Clyde"" and ""Rachel, Rachel"" None of the other actors do particularly well either.<br /><br />Woody Allen hated this film so much that he remade the film in 1994 with himself and Julie Kavner (Marge Simpson) in the leads. They manage to hit all the right notes and the film itself is a comic masterpiece. It's finally on video after a long battle over rights. Do go out and find that version. All the 1969 original is good for is clearing out unwanted guests who overstay their welcome.<br /><br />1/2* out of 4 stars",negative
"Just to save you money and time I will go ahead and tell you that this movie is absolutely not worth the match and gas it would take to burn it. Don't waste your time. As a matter-of-fact you would be better off forgetting you ever thought about watching it. I have seriously seen better B movies in a language that I can't understand. Who ever gave permission for this to be made needs to be sewed. The only positive thing I can say for this movie is that with a new script and the right director and actors it could be a great story. Let me break it down; A virgin gets pregnant by a demon, the baby while inside her womb wants to feed on people. They try to make up for the fact that this is possibly the worst movie ever made with cursing and pointless nudity. All in all Totally not worth the dollar it took me to rent it.",negative
"the film itself is absolutely brilliant, its that buzz, that rush that makes you just want to go out, blow your wages and loose yourself. It's what the weekend is all about, its our sanitation where we can come together as one and be ourselves without a care in the world. The film is layered in depth and the dialogue in places is just spot on, especially with Jip. The characters themselves are instantly likable, one in particular is obviously dyers character and his views on what ""Star Wars"" is really about, genius.<br /><br />If ever you've got an hour to kill before going out, stick on this, you'll immediately feel yourself growing in confidence, definitely recommend it.",positive
"""Journey of Hope"" tells of a poor Turkish family and their odyssey of hope which spirals downward into despair as they travel to Switzerland in search of prosperity. Although this Oscar winning film is fairly well crafted, it is lacking in substance and has many implausibilities. Much of the film's 1.7 hour run time is get on the bus, get off the bus, get on the boat, get off the boat, get in the van, get out of the van, etc.; time which could have been better spent or left out completely. The story has a predictable conclusion, especially for those who have an awareness of the common crime of trafficking in illegal immigrants. A worthwhile and reasonably entertaining watch but over-rated.",positive
"A wonder. One of the best musicals ever. The three Busby Berkely numbers that end the movie are spectacular, but what makes this film so wonderful is the incredible non-stop patter and the natural acting of Cagney and Blondell. (Keeler is also lovely, even though she may not have been a great actress). There's a freshness in the movie that you don't see in flicks today, much less in the usually stilted 30s films, even though the plot, involving the setting up of movies prologues, is quite dated.",positive
"Emma is a horribly flawed film based on Jane Austens classic novel. I have not read the book so I really didn't know that much about the plot, and yet I still predicted nearly the entire plot. There were also many scenes that frustrated me because of the bad writing or directing. The film is though for some reason very entertaining and I loved it. Of course there were all the scenes I disliked but the majority was well acted and funny. Gwyneth Paltrow gives one of her best performances as the heroine in Emma. The film also stars Toni Collette(Who has okay but has been much better) Ewan Mecgreger(Who has also been better but he is still very good here) Alan Cumming(Who I have never really been impressed with and is pretty much the same here) and Jeremy Northam(Who's performance is rather wooden at first look but actually fairly subtle, even if that was not what it needed) There have been much better adaptations of Jane Austen books but this one is still very entertaining and worth watching.",positive
"Along with Fernando Fragata, João Mário Grilo, Abi Feijó, Leonel Vieira, étc...(other commercial directors), Diamantino Costa is one of the best Portuguese Directors; ""O Lampião da Estrela"" was his (Diamantino Costa) First movie, before he made several successful commercials. This title is starred by one of the best Portuguese comedians of all times, Herman José and José Pedro Gomes are great. Its a very funny movie!! (28/07/2000)<br /><br />BOA SORTE DIAMANTINO...",positive
"Greetings again from the darkness. Director Alejandro Amenabar creates life against all odds in this based on a true story version of one man's struggle to control his destiny. The great Javier Bardem is fascinating to watch in his role as Ramon. His eyes and head movements leave little doubt what is going on in his mind. The dream and fantasy sequences are not overused so prove very effective in explaining why he wants what he wants. Rather than force us to answer the euthanasia question, the real question posed is , What is Love? At every turn we see people in love, looking for love or dying to be loved. The script is tight and keeps the film moving despite being filmed mostly in one room. The supporting cast is wonderful and we truly feel their pain and how each family member deals with Ramon's decision. This is a gem and deserves to be seen.",positive
"I think you would have to be from the USA to get a lot of the jokes. But if you liked Princess Bride and Forest Gump, You would like this movie. You can't compare the quality of the filming to those of course, but having the cameraman trip was obviously done on purpose. Killer Tomatoes is a hundred times better than Nepolean Dynamite. Just my opinion. I'm sure that people from France would not appreciate the caricatures of the French. So this film isn't for a world audience. And while I am not a trained film critic, I know what I like. I couldn't stop laughing through the whole movie. My sides and my jaws were hurting at the end of the movie.",positive
"what a relief to find out I am not imagining this programme! the summary from taxman is great. I too remember finding it haunting and not particularly family viewing, I must have been 10/11 at the time I watched it. I think for a girl that age part of attraction was lead's very blond hair, and his permanently sad state. The theme was played on a flute I recall - although I cannot remember how it went. I think the intro showed him playing it - or maybe he played a flute in the programme and especially when he was sad? Maybe I am destined never to know how it ended or to see clip or hear the tune, but at least I now know it is not just me.",positive
"I thought this had the right blend of character, plot, futuristic stuff and special effects without going over board. It will take a while to get going, but the acting was good and I was intrigued by the angel who is not to hard to look at. I like the attitude too! Certainly not like other attempts at futuristic stories.",positive
"I am a big fan of Fred MacMurray and Carole Lombard. And, in addition to them, Charles Butterworth (a very enjoyable supporting actor) was in this film,...so why didn't I particularly enjoy it?! Well, despite a good cast, this is one of the poorest written and most clichéd ""A pictures"" I have ever seen. Given the talent and money spent to make this film, it is shocking how slip-shod the writing was. I knew the film would be tedious when time after time early in the film I found myself predicting EXACTLY what would happen next--and I was always right! And this isn't because I am some sort of ""movie savant"", but was because almost no imagination or effort went into it. In fact, it seemed almost as if the film was just a long string of clichés all strung together! Also, I found it a bit irritating that Fred mistreated Carole so bad throughout the film and yet, true to convention, she came running to him in the end. Uggh! There is MORE suspense in a Lassie film (""will he bring people to rescue Timmy or will the rope he is dangling from break?"").<br /><br />Despite the very, very tired and clichéd script, there were a few positives about the film. It was pretty cool seeing Fred look like a broken lush at the end of the film--it was pretty believable and he looked like he hadn't eaten, shaved or slept in days. Also, Charles Butterworth's ""prattle"" did provide a few mildly humorous moments. But all this just wasn't enough to make this film look any different than a ""B movie"". It's a shame,...it could have been so much better.",negative
"This movie was incredible. I would recommend it to anyone, much better than what I had already anticipated. It was definitely a heart-wrenching spectacular movie. It is an amazing story, with amazing actors and creators. Definitely another great movie with Denzel Washington. (shouldn't surprise anyone) Derek Luke did a wonderful job as well.",positive
"When I first watched this show on Cartoon Network, I found it uninteresting. Then I read a lot of good messages about this show, and I decided to watch it. The show was so boring. Each episode was predictable. More, this show has no logic. Hypersmart girls, who are going to school and sometimes do such stupid things, 99% of episodes start with a Monster attacking Townswille, then Mayor (he is a real fool, he is NOT funny, he is so stupid, that I can't imagine how he became a Mayor). Professor, yes, supposed to be the smartest person in this show, but actually... He even found no difference between monster and his brother. Narrator's comments also make this show boring. Because they also have similar lines in the beginning of each episode and in the ending. Also the animation is very strange. Everything except main heroes is shown in an ugly way. Also in every epsode this show is giving you some life-lessons, and it means that it is oriented on little children, but if you look closer, you will see, that there is a lot of violence and even blood(!!!) during their battles.",negative
"This is the best Emma in existence in my opinion. Having seen the other version (1996) which is also good, and read the book, I think I can safely say with confidence that this is the true interpretation and is the most faithful to Jane Austen's masterpiece. The 1996 movie with G. Paltrow is good too, it's just that it's almost like a different story altogether. It's very light and fluffy, you don't see the darker edges of the characters and if you just want a pleasant movie, that one would do fine but the intricacies of some of the plot points, such as the Churchill/Fairfax entanglement is so much glossed over as to be virtually non-existent. But if you want the characters fleshed out a bit, more real and multidimensional, the 1996 TV version is the superior. Emma is a remarkable person, but she is flawed. Kate Beckinsale is masterful at showing the little quirks of the character. You see her look casually disgusted at some of the more simple conversation of Harriet Smith, yet she shows no remorse for having ruined Harriet's proposal until that action has the effect of ruining her own marital happiness at the ending. You see her narcissism and it mirrors Frank Churchill's in that they would do harm to others to achieve their own aims. For Emma, it was playing matchmaker and having a new friend to while away the time with after having suffered the loss of her governess to marriage. For Frank Churchill, it is securing the promise of the woman he loves while treating her and others abominably to keep the secret. In the book, she realizes all of this in a crushing awakening to all the blunders she has made. Both Kate Beckinsale and Gyneth Paltrow are convincing in their remorse but Paltrow's is more childlike and stagnant while Beckinsale's awakening is rather real and serious and you see the transition from child-like, selfish behavior to kind and thoughtful adult. Both versions are very good but I prefer this one.",positive
"I don't understand why this movie was released, it looked like something that you show your mates after you borrowed your mums handycam she bought in 1987. I am Australian and work for a video store in the UK and thought that if an Aussie film made it into our store it can't be all bad... boy was I wrong!<br /><br />If anyone writes a good comment about this movie they are either lying or the makers of the film.<br /><br />The picture was BAD, the sound was HORRIBLE and the acting, oh the acting, it was the WORST acting in the HISTORY OF FILM. <br /><br />It makes me embarrassed and offended that they used the word 'Aussie' in the title because I am proud to be Australian and this movie is seen in other countries and may give people the wrong idea.<br /><br />Please anyone who reads this and has seen this movie, take the time to find other Aussie movies to watch because you could choose any one of them and it would be better than that one.<br /><br />I could have made a better film if I took a camera, filmed my but for an hour, ate the film waited for it to pass through my body then threw what came out at the television... no offence.<br /><br />DO NOT WATCH THIS FILM!!!!!!!!!!",negative
"George Barry's ""Death Bed: The Bed That Eats"" is, at root, a dark fairy tale told via a horror-movie framework. It is, in my opinion, one of the best films of the 1970s, and it's downright criminal that the picture was basically stolen and distributed without Barry's knowledge (those responsible for this theft should be fed to the bed, ASAP). If you're looking for overt gore or rabid action, ""Death Bed: The Bed That Eats"" isn't the flick for you. ""Death Bed"" is a gentler, weirder drive-in picture; it plays like an utterly strange dream, half-remembered. I'd recommend reading Stephen Thrower's summation of ""Death Bed"" in Thrower's FAB Press book, ""Nightmare USA"" (he describes the movie's vibe perfectly). Whether intentional or not, I've noticed shades of ""Death Bed"" in everything from the ""Phantasm"" films to Michele Soavi's ""Cemetery Man"" to the magic-realism/slipstream fiction of authors such as Kelly Link. Barry is an original and in a fair world I'm sure he would've followed ""Death Bed"" with a number of fantastically bizarre films.",positive
"THE RAP, the book this movie was 'based' on was one of the most difficult books I've ever read. Yet I could not put it down. Raunchy, crude, foul, lewd...you name it, it had it. It also had some of the best characterizations of any novel I've ever read.<br /><br />Well, as for the flick...it was deplorable. I mean, Tim Mcintire as Wasco? Wasco was the baddest mutha...talking 'bout WASCO...Mcintire as Wasco is like casting Tim Conway as Charles Manson.<br /><br />What happened to the MAIN character in the book? Little Arv. He doesn't even exist in the movie...Fast Walking WAS NOT the main dude in the book. Why even name credit this thing with THE RAP? None of the spirit, atmosphere, nastiness, or drama of the book was captured in this movie.<br /><br />For me it was not only a disappointment, but a total waste of time and celluloid.",negative
"1985 was a good year for films - maybe even great - but this one missing out on a gong went a long way to convincing fans that ol' Oscar is little more that a hood ornament for good party members.<br /><br />11 nominations and not a single title: such was the Academy's disdain for one of their greatest directors; and one who had to wait another 8 years before whatever prejudices had prevented them from handing him the statue before allowed them to give him 7 for Schindler's List, which is, arguably, not as good (and I'm half-Polish).<br /><br />Don't get me wrong, Schindler was a classic. And I'm not knocking 'Out of Africa' (which won that year) either; but it was, in my mind, a class behind this one: an epic story of suffering and hope that brought me to tears - and I'm not a big cryer.<br /><br />Maybe it was the music (superb), or the cinematography (sumptuous), but more likely simply the acting: Whoopi, who proved to all of us that she was much more than just a comedienne; Danny Glover, who I'd never heard of before; and, of course, Oprah.<br /><br />The rest is history; but, at the time: who knew?",positive
"I agree that the movie is a little slow at spots having many scenes of mundane everyday life and no dialog. And I wasn't impressed right after I watched it. However, after a few days, I realized that the movie stays with me and it evokes a melancholy mood which lingers in my mind. My appreciation of this movie increases. It certainly merits a higher consideration than those movies that are instantly forgettable.<br /><br />As many have commented, the movie is non-linear and that's a hallmark of European film-making as opposed to the linear narrative form that Hollywood favors. I don't really know whether it's true or not. Many also dislike its confusing structure and lack of clear explanations. To those viewers, I don't think there is much I can say to change their opinions. However, for others who have yet to see the film, DO expect to be challenged and DON'T expect the film to supply all the answers and you might come away enjoying it more than you would otherwise.<br /><br />The movie skips around a bit but really chronicles just 3 time periods. Pay attention to the hair style and you can easily separate out 2 of the 3 periods. It is also not as confusing as suggested; just enjoy and it'll all be clear at the end.<br /><br />Yes, lots of things are left unsaid or not shown, and lots of situations are left unexplored. But isn't that what life is like? A lot of time you're not sure of the motives of your friends/loved ones unless you confront them and even then, you can never be 100% sure if they told you the whole truth. This type of movies forces us to interpret the reasons behind the actions. The movie does, however, leave enough hints for you to make some reasonable assumptions. For example, Mathieu is manic depressive, to the point of suicidal. Why? I don't know, maybe his life is not turning out exactly as he expects it; maybe he misses his family but hasn't forgiven his father for abandoning his sick mother at her hours of need; maybe after all he sacrifices for Cedric, rearranging and indeed, shattering his life to be with him, he realizes that it is all ""coming undone"". I think the director meant to show us that he has always been a little off, mentality fragile by that scene w/ the dead bird. Maybe he has a very sensitive psyche and all these stresses are taking a toll on him. But we're also shown that he is not some animal torturing psycho by his loving interaction w/ the stray cat. Also, there is one conversation between the doctor and Cedric that sheds light on the reason behind the breakup and maybe the suicide attempt. The doctor asks him if everything is okay, and Cedric thinks so even though he cheated on Mathieu once, but that's nothing, according to Cedric. Is that the only reason, we don't know, there are probably others, all mixed up together. Is it paramount that we know exactly what they are? I don't think so, for this movie. Another telltale sign that they are ultimately not compatible is the historical ruins scene. Mathieu is interested in studying the ruins, Cedric is not. He is the one w/ the raging hormone who focuses only on the physical side without an intellectual side that Mathieu obviously needs.<br /><br />Finally, the ending is really rather hopeful and sweet. I was pleasantly surprised by the turn of events after the bleak tone that edges toward the end.<br /><br />I have two complaints for the DVD. One is the sound. It's very soft. I had to crank up the volume to hear the dialog and then when it switched to a bar or outdoor crowd scene, it became too loud. The other is that the subtitles can't be turn off; they stay on the screen. Most foreign movie DVDs not released by a major studio are shoddy this way unfortunately.",positive
"What the hell was all that about? I saw The Matrix and was amazed. It was the most spectacular movie ever made. What ever possesed the Wachowski brothers to do this film is beyond me.<br /><br />There is no plot, you can't argue with that. Basically all this film was was a load of talking, and don't get me wrong, I have no problem with talky films, but all the talking in The Matrix Reloaded was a pointless load of drivvle. Then there would be a fight sequence which lasted WAY too long, then more pointless drivvle, then another fight scene that lasts too long and it all builds up to the biggest anti-climax ever. A little bearded bloke talking a load of uncomprehensible bull for 20 minutes.<br /><br />Also, Keanu Reeves gives his worst performance yet. I knew he wasn't a good actor but this was beyond a joke. If you watch his films in the order he was in them it would seem he got gradually worse as they went along. God knows what his performance is like in Something's Gotta Give! Keanu Reeves: The only plank of wood ever to become an actor.<br /><br />After the splendor of the first film this came as a massive dissapointment. If you haven't already seen the first film I suggest you watch it, but don't waste your time with this utter pile of turd.<br /><br />",negative
"So, Steve Irwin. You have to admire a man who is not only willing to throw himself into a river that clearly is filled with crocs, snakes, lizards, tons of poop from the aforementioned reptiles, and mud, not only daily, but with enthusiasm. He was never able to make ME want to do it, but he managed to make his wife come close.<br /><br />This movie does not fall into my parallel universe of film category - the films for people who just had their teeth drilled, have a migraine, or have no film experience and therefore like quiet mediocrity (currently well populated by Disney films). It's too noisy. Well, Steve is too noisy. He's just so happy all the time, and would cut right through the blasé' teenager (I can hear it now: ""that movie was so STUPID"") or the Tylenol with codeine. I'd say his enthusiasm is catching, but if it was, I would own a room full of snakes, and that hasn't happened yet. I agreed they're beauties, but I'm still not going to pet them.<br /><br />Plot was indeed predictable. Bad guys were so bad, for a minute there I thought I was shopping at a consumer electronic superstore. But the movie was filled with animals, and Steve and Terri, which is why I watched it. That plot (if you could call it that) was really more of a reason to throw yet another croc in a truck. My expectations were low and stayed that way.<br /><br />I was hoping, though, that there would be a bit of a sequel, where Steve and Terri (having worked on their acting skills) have a movie with a real plot and more animals with fur. I still can't believe we won't see Steve anymore. I hope that Terri and the children continue to be involved in the Australia Zoo and the discovery channel, at least. I can't imagine seeing a crocodile without having some member of the Irwin family telling me forcefully how wonderful that croc is. Crikey!",negative
"Neatly skipping over everything from the coup in Cuba to his undercover entry into Bolivia, part two of Soderbergh's portrayal of Che Guevara is that of the tragic hero. As with Che  Part One, this rather rambling guerrilla warfare escapade through the colourful mountains of Bolivia is probably destined to disappoint more people than it will satisfy, so why was the film (and particularly Benicio Del Toro's performance) so loudly praised at Cannes?<br /><br />James Rocchi, for instance, called it, a work of art that's, ""not just the story of a revolutionary,"" but, ""a revolution in and of itself."" The Guardian's Peter Bradshaw called it a ""flawed masterpiece."" I return to my original contention for Part One  that the value lies particularly in depiction of a hero figure. And in an age when there is a surfeit of poor hero role-models, could it not be salutary to see a strongly honourable one, even if stripped of some of the less endearing episodes of his life? This is the psychological hero enshrined by the great Scottish essayist, Thomas Carlyle, in his seminal book, Heroes and Hero Worship. Heroes can be real or imaginary (or somewhere in-between). But should genuinely inspire us to higher goals, a higher purpose. Compare this with the unrealistic 'heroes' of standard Western storytelling: where a person undergoes trials and tribulations before obtaining a barely-believable reward  usually everlasting love or material wealth  as if by divine studio intervention. Real heroes have an excess of moral courage  not Lost Ark dare-devilishness or James Bond super-toys. They rise, and empower others to rise, to be the best that they can be. In Part One, Che succeeds. In Part Two, he fails. It is not for want of moral courage but since a) not all good plans can succeed and b) being human, mistakes are inevitable.<br /><br />Guevara's intellectual clarity is flawed when he equates conditions that justify armed struggle with conditions that make that armed struggle able to succeed. It is a serious miscalculation.<br /><br />High in the mountains from La Paz, the colours are breathtaking. There is an air of mise-en-scene authenticity that was occasionally lacking in Che - Part One (The U.S. would not allow Soderbergh to film in Cuba.) Visual treats are heightened by maximising natural light and the extreme flexibility and realism offered with groundbreaking RED cameras. This is a high performance digital cine camera with the quality of 35mm film and the convenience of pure digital. Designed for flexibility and functionality, the package weighs a mere 9 lbs. ""Shooting with RED is like hearing the Beatles for the first time,"" says Soderbergh. ""RED sees the way I see . . . so organic, so beautifully attuned to that most natural of phenomena  light."" If Che had stopped with the successful Cuban revolution it would have enshrouded him with an almost mystical invincibility. That he fails in Bolivia shows not only that he has human limitations but that it is his moral virtues that are remembered, not the political triumph. Critics will say  and with some justification - that his armed struggle inspired much less noble characters to achieve tin-pot dictatorships. His development of guerrilla fighting tactics are not good or bad in themselves (and have since been used for both).<br /><br />But for all its praiseworthiness, the film often seems to lack dramatic and narrative tension. We stumble from one escapade to another, knowing that he will eventually meet his death. I found myself glancing at my watch and thinking it could have been shorter. But the work that has gone into this  interviews with people from all sides and even getting one of Guevara's ex-comrades to coach actors on the minutiae of the Bolivian operations  make the film a commendable achievement. It might not be top-flight entertainment, but it demonstrates integrity in documenting a significant slice of history.<br /><br />There is also another very important point in the Che 'hero' figure here. It's about failure. That if you try your utmost, even if you fail, your effort will not have been in vain because it may give others hope and moral courage. One could cynically call it a 'martyr' complex, and it is found, of course, in many religious figures as well. But Che does not 'sacrifice' himself. He does what he does best, to the best of his not inconsiderate ability, and so provides an example. Success or failure in any particular instance become mere details.<br /><br />With the U.S.'s longstanding and illegal blockade of Cuba (all in the name of 'freedom'), I am tempted to write that Che Parts 1 & 2 are too good to be wasted on the U.S. But that would be to invite a contention that the film has sought so earnestly to avoid. One must hope that many viewers will have the skill to view Che without politics and the bias that inevitably engenders. Whatever its faults, it rehabilitates Soderbergh from the populist nonsense of Oceans 11.<br /><br />But if you haven't heard of Che Guevara or seen Part One, or if you can't get past the phrase 'murderous Marxist' without frothing at the mouth, I might struggle to imagine what you would get from this film. The same can be said for many who have, and can.",positive
"Wow, I can't believe i'm the first and only one to post a comment on this great movie.<br /><br />Although the movie itself seemed interesting enough the real thing that attracted me to this one is Matt lillard, granted most people probably either think he's too caffeine happy or just plain sucks but we're both the same age and from the same generation and i've watched this guy so many times that he's one of my favorites now. This is one of the few movies where he is the big shot and main star kind of like in SLC Punk, another great Lillard film.<br /><br />Baiscally this is storywise your usual heist movies but with more twists than anything, which start to amount to craziness. Also very notable in this movie is another great actor named vincent D'onofrio, a very under appreciated person in the film industry. The woman in the movie is a newcomer and she isn't too bad although you know they hired her mainly for her accent and the nude scene =)<br /><br />It's a game of jack vs jill vs bob as each want to reap the rewards but share with no one. They all try to get eachother to kill off the other and it's a timebomb waiting to explode. Matt shows his true prowess as the scheming JAck who initially starts the whole scheme. Vincent and woman play a couple of art thieves who are in need of money due to a lack of business. Vince's character is a bit deranged and skitz's throughout the movie but that only add to the intensity of the film.<br /><br />The surprises left and right are well welcomed and the ending is very non cliche and makes you feel happy, well maybe that depends on the type of endings you like. This movie kept me very interested besides the fact Matt was in it, it's a great movie and i'd highly recommend it to anyone who likes movies. Critic's probably won't like this movie, but they don't watch movies cause they like movies anyway.",positive
"In the same way Lamberto Bava was a substandard facsimilie of his father, Mario (who was an extremely overrated director anyway), Michele Soavi is a substandard director in the Dario Argento mold. ""The Church"" has at least one thing to recommend it--the incredibly detailed art direction--but absolutely nothing else. The film is long-winded, filled with one-dimensional characters, and almost put me to sleep several times. There's a fine line between 'art' and 'pretentious crap,' and while ""The Church"" isn't completely worthless, you'd be better off watching something else.<br /><br />3/10",negative
"I watched Love Life on holiday, when it was filmed at a film festival in Florida. It was a lovely surprise to find a British film that wasn't derivative or exploitive. A beautiful romantic comedy for a change that will charm the pants of audiences prepared to sit back and enjoy the gentle pace of the film. The transitions between scenes I found a bit distracting, but as whole I think Love Life is a winner, a ruby in the dust. One for all the family. A pleasant change to see a British film for teen audiences that isn't littered with four letter words. Try and see it.",positive
"Early 80's creature feature concerns a long abandoned gold mine that some intrepid miners are determined to check out. Naturally, they find no gold down there but one very hungry monster that slithers along in search of prey.<br /><br />While I have to be honest and admit I found it dull at first (I personally prefer the thematically similar ""The Boogens""), it actually grew on me as it went along. Now, the characters aren't too interesting nor the actors either. The closest to an interesting character is Morgan, played by Keith Hurt. In any event, female lead Terri Berland is quite good looking and Rolf Theison makes his domineering jerk an easy person to hate. The writer played by effects man Mark Sawicki wears thin quickly.<br /><br />It begins in a comfortably predictable enough way, with a nighttime set piece in which two victims are claimed to get things off to an acceptable start. The monster itself is intriguing for its design (as you can imagine, it gets revealed a bit at a time until late in the game) and for being the product of stop motion animation when this process was no longer used very much. Director Melanie Anne Phillips (directing under the pseudonym of David Michael Hillman) and crew deserve some credit for their creation of atmosphere. They manage to make the film look quite claustrophobic and gloomy, and their use of lighting works well. The film does build in intensity towards a pretty good ending. Suffice it to say, they do the best they can on their low budget.<br /><br />An obscure little item worth looking into for die-hard horror buffs.<br /><br />7/10",positive
This movie is so bad that it actually gets funny. One of the worst movies I've ever seen in my entire life. The funny thing was that the trailer had scenes in it that wasn't in the movie. Just by watching the trailer I would have saved a lot of my time. It actually showed everything that happened in the movie except for the conclusion and that was also so obvious.<br /><br />It's honestly hard to think of a reason why this movie was made. This is just so bad. Horrible. <br /><br />I would give it 0 out of 10 if that would be possible. There is nothing else to say about this movie.,negative
"I picked up the movie with no cover and not even knowing what it was, but when I watched it I laughed so hard. It is now one of my favorite movies of all time. Rusty and the guys created a masterpiece I would highly recommend this movie to any one with a sense of humor. Thank You Rusty for giving us something to laugh at.",positive
"OK, so in any Wile E. Coyote-Road Runner cartoons, we know that WEC is going to set up all sorts of traps for RR, but always maim himself in various ways. That certainly happens in ""Beep, Beep"". Predictable? I guess that it is, but when you think about it, these cartoons show how the more you try to harm someone else, the more you get harmed; sort of like how Daffy Duck always tries to undermine Bugs Bunny's integrity but Bugs sees around it.<br /><br />Overall, this is another classic from the Termite Terrace crowd. Sometimes, I think that if we really had wanted to ease Cold War tensions, we could have just let the Soviet Union see Looney Tunes cartoons; I'm sure that they would have loved them. Another great one.<br /><br />PS: I learned on ""Jeopardy!"" that Wile E. Coyote's middle name is Ethelbert.",positive
"almost 4 years after the events of 911, if asked what comes to mind about that day, most people would probably comment on things such as the sight of planes crashing into and the collapse of the twin towers, the scores of people being killed, acts of terrorism and heroism mixed together, etc. everyone who was alive at the time will never forget that day. yet for most of us the memories, although moving, are not on a personal level. now comes an extraordinary film which gives everyone who did not lose a friend or a family member a chance to become involved at a personal level in just what we lost on 911. this is a film that needs to be seen.",positive
"I am a chess player and I wanted to like this film. Trouble is, the content could have been fitted in a 30-minute documentary.<br /><br />There were lots of shots of corridors being walked down and Kasparov gazing out in the hall where he won the World Championship. There were other shots of Kasparov being walked round the site of the 1997 match and being told where he sat and where Deep Blue was located. This just looked like filler.<br /><br />Also, I didn't find it interesting to see in detail where Deep Blue was now and seeing an IBM techie trying, unsuccessfully to 'open' it. What would we have seen of interest inside anyway - a little grandmaster?<br /><br />Also, the recent match against Karpov. I no longer follow professional chess enough to know when and where this was. It would have been nice to have been told: was this a one-off 'just for the money'? Was it part of the world championship cycle? What was the final score? The nub of the film was the play in game two. Could/would IBM let Kasparov see 'inside' the machine? That's where the focus should have been.",negative
"i can't believe how dumb this movie truly is. the storyline (written by keira knightley's mother) is what ruins the movie to the extreme. it is straight out dull, absurd, and makes absolutely no sense whatsoever...<br /><br />this movie lagged so bad for most of it, especially at the beginning. the story just kept going on and on about their everyday flirts with each other, often times seeming like a threesome. in this movie, you have an annoying deadbeat couple (the poet and his wife) who are complete total drunks from the start. the wife sleeps around with other men to make ends meet, while the poet is a pervert who thrives on cheap boos and women. the wife, who waaayyyyyy too quickly becomes friends with his former childhood lover (played by keira) suddenly gets jealous, knowing full well that the two were lovers since they were kids. something doesn't seem right here....i mean, come on... get with the program lady! what'd you expect.<br /><br />bottom line is: former lovers meet again with new wife embracing it, then gets jealous, then former woman lover gets married and her husband gets jealous, bombards the crazy drunk couple's home, crazy husband calls police, and they end up going to court for the man's attempted murder charges. that's it summed up in a nutshell...<br /><br />this movie had it's moments such as the quality and good acting by cillian murphy, but other than that, i cannot believe i watched it... i complained about it during the movie and some family members watching it with me fell asleep. i decided to give it a chance and i should have stuck to my first instincts.",negative
"The superb star quality of Gerard Philipe, who died way too young, leaps from the screen in this witty, funny, sly swashbuckling comedy with plenty of sword fencing and knockabout antics. Charmingly loopy in its' storytelling, impossible to resist. A sweet romantic comedy with a very young Gina Lollobrigida as the love interest. A movie one will remember with great affection.",positive
"Not since Bette Davis's 1933 vehicle ""Ex-Lady"" have I seen a film that was so much better than its star said it was! Most of the bum rap ""Atoll K,"" a.k.a. ""Utopia,"" a.k.a. ""Robinson Crusoeland,"" a.k.a. ""Escapade"" has got over the years has come from the horror stories Stan Laurel told of its production. Given that he suffered a stroke during filming, looked like death warmed over through much of it (from the opening two-shot of them together you'd never guess that Laurel survived Hardy by eight years) and was subsequently diagnosed with diabetes (once he adjusted his diet accordingly he restored himself to health), one can understand why Laurel didn't think this film was the most pleasant experience of his life. Yes, it's flawed: the cheapness of the production shows through, the dubbing is awful and Laurel and Hardy were too old to do the energetic slapstick of their greatest films. But it's still genuinely funny, and Léo Joannon's story introduces elements of political satire (sometimes libertarian, sometimes communalist) one would expect to see from more socially conscious comedians like Chaplin or the Marx Brothers but never from Laurel and Hardy. The film deserves credit for being different (though its debt to the Ealing Studios' classic ""Passport to Pimlico,"" made just a year earlier, is pretty obvious) and for integrating the Laurel and Hardy comedy into a rather edgy context completely different from anything they'd used before. This isn't a great movie, but it's certainly better than the eight dreary ones for Fox and MGM they'd made in the early 1940's. I suspect only the film's technical crudity kept it from earning the cult following among anti-establishment baby-boomer youth the Marx Brothers' ""Duck Soup"" acquired in the late 1960's/early 1970's.",positive
"The film disappointed me for many reasons: first of all the depiction of a future which seemed at first realistic to me was well-built but did only feature a marginal role. Then, the story itself was a weak copy of Lost in Translation. The Middle-Eastern setting, man with family meets new girl overseas, karaoke bar, the camera movements and the imagery - all that was a very bad imitation of the excellent Lost in Translation which had also credibility. This movie tries to be something brilliant and cultural: it is not. I wonder why Tim Robbins even considered doing this film!? The female main actress is awful - did she play the precog in Minority Report? And why do you have to show the vagina in a movie like this? Lost in Translation didn't have to show excessive love scenes. R-Rated just for this? This movie isn't even worth watching it from a videostore!",negative
"When one considers that Carson McCullers is one of the foremost literary figures of the 20th century, it seems that it needs a very great lack of talent to be able to ruin one of her stories, but this movie shows it can be done! How do actors ingratiate their way to becoming directors? Wooden, unatmospheric, unsympathetic, totally out of sync with the poetic compassion of McCullers' writing, my jaw dropped with horror and disbelief that such a mish-mash of a movie could ever have found finance and backers. The only redeeming features are some moderately good acting, (although that said, Vanessa Redgrave seems to permanently render much the same performance whatever character she plays), and some good cinematography in places, but otherwise it is a bitter, bitter disappointment, and it could, and indeed should, have been a contemporary masterpiece. Simon Callow should hang his head in shame and stick to acting!",negative
"I approach films about talking animals with care. For every wonderful one like Babe, you get an equally poor one like the dreadful remake of Homeward Bound: The Incredible Journey. Or in the case of Cats & Dogs, you have a great idea for a film not living up to its potential. When I heard about Paulie, the premise of a wisecracking parrot didn't exactly fill me with confidence. But I found the film a pleasant surprise. And it manages to sneak its way into your heart without you realising.<br /><br />A Russian janitor, Misha Vilyenkov (Tony Shaloub) gets a job in a research laboratory. One day, he hears singing coming from the basement. And when he investigates, he finds a parrot in its cage singing its little heart out. Misha becomes fascinated with the bird, especially when it turns out the parrot can not only sing, it can talk. And not a few phrases either. Its a parrot you can actually make conversation with.<br /><br />The parrot is called Paulie (voiced by Jay Mohr), and recognises a fellow castaway in Misha. Wondering how this world to the wise bird ended up in a dusty basement, Misha convinces Paulie to tell him his life story. Which all began when he was a baby, and in the care of Marie, a five year old girl with a stutter. The two of them became birds of a feather (OK, bad pun!).<br /><br />When Marie's parents became concerned about her close friendship with a bird, they considered sending him away. And they finally did after Marie nearly injured herself in a fall after teaching Paulie to fly. Desperate to be reunited with her, Paulie begins a long journey across America, which includes a diverse number of new owners, flying great distances, and even ending up behind bars. Of a cage that is!<br /><br />Paulie was one of a number of talking animal films released by DreamWorks in the late 90s. And although it wasn't afforded the same recognition or box-office success of Babe, Paulie succeeds on quite a few levels, and is an occasional work of striking intelligence.<br /><br />Jay Mohr's stand-up style of acting is well suited to the part of Paulie. He never plays the part as too smug, even if he is a bit of a smart Aleck. Paulie's worldly, but he is also naive in his way.<br /><br />Because he's lived a rather sheltered life with Marie, when he's taken away, he has to fend for himself for the first time. And when he falls into the hands of different owners, they make promises to Paulie to reunite him with Marie, which he believes. Only for those promises to be broken time and again.<br /><br />Paulie is admittedly a little episodic. It follows the eclectic people Paulie ends up with, and how he slowly gets brought closer and closer to Marie. He first winds up in a pawn shop, where he is adopted by Ivy (Gena Rowlands), a kindly woman who teaches him the meaning of manners. She sympathises with Paulie's situation, and drives an RV across America to find Marie.<br /><br />Paulie is an occasionally very touching film. His scenes with Ivy are some of the best. Wonderful moments of Paulie perched on her shoulder singing Tom Jones numbers. The way she instills in him the need for hope is great, and some of the dialogue is quite well written and even thought-provoking: <br /><br />""There are things in life you put off, because you think you're gonna do them later. But the real thing Ivy taught me is you gotta live like there may not be a later.""<br /><br />The scene where Ivy passes away en route leaving Paulie all alone is a very heart-rending moment. And the sequence where he plucks up the courage to fly for the first time across the Grand Canyon, soaring majestically is such a beautifully composed scene it stays with you for hours after the film's over.<br /><br />Despite the occasional sad moment, there are plenty of laughs to be had. Paulie falls in with a group of performing parrots at a Spanish outdoor restaurant. The animatronic effects here are really excellent as four birds do a perfectly choreographed dance number. And Paulie even gets to have a romance. Which is dashed when he falls in with a petty thief (played by Mohr as well). That may be the only complaint I have. As soon as you get comfortable with one situation, the film then moves Paulie on to another.<br /><br />The scene where Paulie is taught to steal money from ATM machines is funny, but a little disturbing too. I'm amazed DreamWorks were granted the chance to include such a scene in a kids film. And Paulie's diamond robbery is very Mission Impossible. He's caught in the act, and shipped off to the lab for animal testing, where he's remained ever since.<br /><br />The story finally comes full circle at the lab, where Misha vows to help Paulie. Of course they do find Marie. But the final revelation is a scene of such shocking intensity, I was left numb for several minutes. Paulie may never get the longevity Babe has, but I believe its an equally brilliant film. The same laughs. The same flawless effects. And the same surprising intelligence.<br /><br />A minor gem.",positive
"Though derivative, ""Labyrinth"" still stands as the highlight of the mid-half of the six-year-old show. Finally a story allows Welling to show how he has grown as an actor. It's not easy playing a character that is the embodiment of ""truth, justice, and the American way"" on a weekly basis with very little variation. His performance, permitting him to show how one might react if he/she discovers that all that he knew may be a lie, was quite believable.<br /><br />Welling rose to the occasion marvelously.<br /><br />As always, Michael Rosenbaum, as the ""handicapped"" Lex, delivered, as did Kristen Kreuk as a too-sweet-to-be-believed Lana. Allison Mack, the ever-present Chloe, also scored as a slightly ""off-her-rocker"" version.<br /><br />The use of an annoying hum in the background added to the tone of the installment and made for an engaging drama.",positive
"I have no read the novel on which ""The Kite Runner"" is based. My wife and daughter, who did, thought the movie fell a long way short of the book, and I'm prepared to take their word for it. But, on its own, the movie is good -- not great but good. How accurately does it portray the havoc created by the Soviet invasion of Afghanistan? How convincingly does it show the intolerant Taliban regime that followed? I'd rate it C+ on the first and B+ on the second. The human story, the Afghan-American who returned to the country to rescue the son of his childhood playmate, is well done but it is on this count particularly that I'm told the book was far more convincing than the movie. The most exciting part of the film, however -- the kite contests in Kabul and, later, a mini-contest in California -- cannot have been equaled by the book. I'd wager money on that.",positive
"This is almost like two films--one literate and engaging, the other stupid and clichéd. It's really a shame all the problems weren't worked out with the writing, but considering how quickly most B-movies were written and produced, this isn't too unusual. It's a real shame, though, as this could have been a very good film.<br /><br />First the good. The movie is original and involves WWII code-breakers. This is pretty fascinating and I liked watching the leading man (Lee Bowman) go through his paces as a master code-breaker. In fact, the first two-thirds of the film was very good. But now for the bad, the film just went on way too long and lost steam at about 50 minutes. Additionally, Jean Rogers' role as the ""kooky girlfriend"" must rank as one of the worst-written and distracting roles in film history!! For every smart move made by Bowman, the idiot Rogers then stepped in to screw things up as some sort of misguided ""comedy relief"". If her role had been intelligently written, the overall film would have improved immensely! Instead, watching her, it's hard to understand how we actually won WWII!!",negative
"A swedish splatter movie? Has the world gone insane?<br /><br />Probably not, but it's still not a common sight in these days with swedish gore-flicks, the b-movie business in Sweden seems to have troubles these days, long gone are the golden days of ""Rymdinvasion i lappland"". And this movie seems to have some troubles on its own: it's just too much talk in it, it still manages to be somewhat amusing mainly for the good FX, which are great for a b-movie. The script and most of the acting is still pretty bad though, but that actually don't matter that much, it's supposed to be a gore flick and nothing more, that's where it goes a bit wrong for some reason. There's is simply not enough blood to fill the void. <br /><br />Every person who know about Gert Fylking will have a good laugh over his role as a sgt. though. I nearly laughed my ass off. It's really that hilariously bad. <br /><br />Besides the good parts I've listed there's really nothing else to recommend here unless you're starved for swedish B-movies.<br /><br />4/10",negative
"Jack Webb is riveting as a Marine Corp drill instructor in the D.I.. Webb play Sgt.Jim Moore, a tough but fair Marine whose job it is to prepare young teens for possible combat. No one could have played this role any better that Jack Webb. As a former Marine,I can assure that this is the most accurate film dealing with basic training in the Corp. Extremely entertaining!",positive
"This movie is about a man who likes to blow himself up on gas containers.<br /><br />He also loves his mommy. So, to keep the money coming in, he takes his act to Broadway.<br /><br />SEE! CODY POWERS JARRETT BLOW HIMSELF UP ON HIS BIGGEST GAS CONTAINER YET! TONIGHT! 7.30PM! <br /><br />However, one day, his mommy dies and Jarrett goes berserk. He kidnaps the audience in the theatre and makes them all stand on top of a huge gas cylinder.<br /><br />Losing control further, he makes them all scream ""MADE IT MA, TOP OF THE CYLINDER!"" in unison.<br /><br />The noise is so deafening that it bursts Jarrets eardrums, causing him to topple from the cylinder into a vat of acid.<br /><br />This Warner Bros. movie is not all it's cracked up to be.",negative
"When I fist watched the movie, I said to myself, ""so a film can be made like this."" Wong Kar Wai's gorgeous poetic love story captured me throughout and even after the film. I must admit this is one of the best love movies, maybe the best of all, I have ever watched. The content and the form overlaps perfectly. As watching the secret love we see the characters in bounded frames that limits their movements as well as their feelings. Beautiful camera angles and the lighting makes the feelings and the blues even touchable. I want to congratulate Christopher Doyle and Pin Bing Lee for their fantastic cinematography which creates the mood for love. Also the music defines the sadness of the love which plays along the beautiful slow motion frames and shows the characters in despairing moods. And of course the performances of the actors which makes the love so real. Eventually, all the elements in the film combined in a perfect way under the direction of WKW and give the audience the feeling called love.",positive
"Anyone that is looking for an episode of ""Law and Order"" or ""CSI"" would have to look elsewhere as the most basic elements of police or forensics work were totally ignored in this case.<br /><br />A murder took place, and all the police did was to grab a 15-year-old boy off the street and take him to the only witness - a 65-year-old man - and say is this the guy who did it? Sure, the old man thought that the kid in the back of the police car had to be guilty. never mind that he looked nothing like the real killer and was dressed completely differently. He must have shrunk, reversed his age by 5-10 years and changed clothes.<br /><br />The police made absolutely no effort - and they admitted it! The did no forensics on any of the evidence, they questioned no other witnesses, and they beat a confession out of a 15-year-old.<br /><br />The saddest thing about this compelling look at the criminal justice system is that it occurred right down the road in Jacksonville, Florida. Let everyone now start talking about ""Southern justice.""",positive
"Secret Service agent Jay Killion (Charles Bronson) has been assigned to protect the President-elect's wife, the new First Lady (Jill Ireland). She is a very difficult woman and Killion has his hands full. She is the victim of numerous assassination attempts, all directed by the President's Chief of Staff, who wants the First Lady dead. This movie insults your intelligence with not only the story line, but also with the lack of realistic locations. For example, in the scene depicting the Inaugural Parade, the First Lady is in a Rolls Royce convertible with agent Killion and without the President. Also, we know what Washington, DC, is like weather wise in January, and not only is everybody ""top coat less"", you can even see some palm trees in the 70 degree and sunny weather! (Obviously filmed in Hollywood, not Washington, DC). This movie is a joke. It is not worth your time.",negative
"This movie is about Tyrannus, a gladiator who is brought back from the dead to summon Tyrannus, a gladiator who must be brought back from the dead. Tyrannus, we learn after about an hour, is also called Demonicus. This adds much needed depth to the screenplay and calls into question our assumptions about identity, psychology and ourselves. <br /><br />The spirit of Tyrannus accomplishes his little to-do list (killing some people and saying repetitive phrases in Latin) by possessing the body of a college guy. He uses a magic mind-control helmet to do this, which the college boy willingly puts on his head, and then at several points in the movie, takes off and puts back on.<br /><br />Maria performs oral sex on a poor man's Sean Willian Scott, and Tyrannus wears the Rollerball glove. Tyrannus has his own green backlighting for no reason, and has apparently been sitting next to CG fire in an ancient concrete tunnel for centuries like this. Utter misfortune.<br /><br />This movie is empty and will hurt you. See it.",negative
"This isn't ""so bad it's good""--It's ""so bad, it violates the Geneva Convention's prohibition on cruel and unusual punishment""! Only by reading the Synopsis can you even figure out the ""plot"" of this Straight to Video disaster. It's a hodge-podge of grainy stock footage spliced together with some of the all-time worst acting you'll ever have the misfortune to see. Comparing this incompetent, turgid, humorless mess to ""Dead Men Don't Wear Plaid"" is like saying that ""Gigli"" is like ""Citizen Kane"". The talentless cast are costumed in cheap, J.C. Penney ""Goin' to Church"" clothes, and there isn't the slightest attempt at period hairstyles or make-up. If you really want to see how this sort of ""homage"" can work, check out ""The Lost Skeleton of Cadavra""--It's clever, well-written, and best of all, performed by actual actors who aren't such agony to watch. For that matter, seek out the work of Phoenix artist Paul Wilson whose Sci-Fi short ""The Attack of the 70 foot Courtesy Lady"" leaves this film in the dust. The people in Terror In the Tropics look and sound like they were pulled off the street and given their scripts to read during the one and only take. This is an insult to Bela Lugosi, Boris Karloff, Lon Chaney, and anyone else involved in the films they cannibalized to make this schlock-fest! Money isn't the problem--A lot can be accomplished with very little expense. A good script, decent actors, and above Z-Grade costumes and production design should have been a given before the so-called director created this stinky pile of cinematic offal. Let's hope the ""promise"" of a sequel doesn't come true--That was by far the scariest thing shown in the whole movie!!",negative
"I saw this Australian film about 10 years ago and have never forgotten it. The movie shows the horror of war in a way that Hollywood usually glosses over. The relationship between the soldiers of the two warring countries is highlighted by the differences in culture and the ultimate knowledge that in the end we are all really not different on the inside. If you can find any type of copy of this--buy or rent it. You won't be disappointed, just awed.",positive
"These days, Ridley Scott is one of the top directors and producers and can command huge sums to helm movies--especially since he has films like ALIEN, GLADIATOR and BLADE RUNNER to his credit. So from this partial list of his credits, it's obvious he's an amazing talent. However, if you watch this very early effort that he made while in film school, you'd probably have a hard time telling that he was destined for greatness. That's because although it has some nice camera-work and style, the film is hopelessly dull and uninvolving. However, considering that it wasn't meant for general release and it was only a training ground, then I am disposed to looking at it charitably--hence the score of 4.<br /><br />By the way, this film is part of the CINEMA 16: European Shorts DVD. On this DVD are 16 shorts. Most aren't great, though because it contains THE MAN WITHOUT A HEAD, COPY SHOP, RABBIT and WASP, it's an amazing DVD for lovers of short films and well worth buying.",negative
"After watching about half of this movie I noticed something peculiar ... I found myself constantly switching through tv-channels to see what else is on - not exactly a good movie trait.<br /><br />This movie is listed as being in a number of genres, and I must say it mostly failed misserably in every one of them. 80% through the movie I switched over to watch an old rerun instead. Bottom line - the whole movie felt as if the ones making it didn't exactly know what to make and ended up in a concoction with no discernable taste.",negative
"Whatever rating I give BOOM is only because of the superb location photography of Sardinia and Rome. Otherwise, this is only for hardcore addicts of ELIZABETH TAYLOR (her downward phase), and RICHARD BURTON (his miscasting phase). Tennessee Williams wrote ""The Milk Train Doesn't Stop Here Anymore"" and is supposed to be very fond of this adaptation of his play--but apparently, he was the only one. Taylor reportedly hated it and Burton needed the money.<br /><br />Whatever, it amounts to a hill of beans with Taylor posturing and fuming in her shrill manner, exploding at the servants and exchanging bad baby-talk with no less than NOEL COWARD who seems to be a visitor from another film when he finally appears.<br /><br />It's so campy that among Taylor fans it's probably considered a ""must see"" kind of thing. But if you can sit through this one without a drink in your hand, you're way ahead of me. Sadly, this is the film that signified the end of Taylor being taken seriously as a film actress, even after winning two Oscars. For Burton, it was equally disastrous and the critics called it a BOMB. Judge for yourself if you dare.",negative
"It is hard to imagine anyone making a Tom Cruise film look good; hard indeed, but this one makes him look good. Very good. Actually, it makes him look like Sir John Gielgud celebrating Very Good Acting Day with a bravura performance.<br /><br />The acting from the entire ensemble struggled to rise above the risible and failed. The fault was, in part let us be fair, that the plot bore as much resemblance to the HG Wells original as did the butchered carcasses of the human victims in the film to their living predecessors: both were bloodied and violated remnants of more attractive predecessor. But to describe a plot such as this to be a bit holy is to say of the Colander ""My, this kitchen utensil has a remarkable lot of holes"", unless, that is, holes are your bag; in which case this film will commend itself to you.<br /><br />The fault in the other part was that these were demotivated, jobbing, DVD actors who knew full well, one assumes, that this was their exhibition that would wind up on the $5 DVD shelf. And overpriced at that.<br /><br />So should you watch it? Why yes, of course, you should. You are a miserable sinner and deserve punishment.",negative
"I would highly recommend this movie! And I certainly shall be personally recommending it to my friends and family here and abroad! It was with excited anticipation, that I have just pre-ordered it online, I enjoyed it so much! It is not out until February/March 2008, but it will be well worth the wait! But first go and see it in the cinema if you can. There is nothing quite like the Cinema-Experience of a cinema-made movie! Insist that your local cinema puts it on! I went to see 'Seachd, the Inaccessible Pinacle' tonight, down here in London, and was really impressed. It is a marvel: a truly beautiful film set in the Scottish Highlands: you will laugh, you will cry, you will be moved in may different ways, you will be intrigued, and as the story within the stories is revealed, you will be amazed at that revelation.<br /><br />This movie is in Scottish Gaelic with English Subtitles, but do not let that detract you if you are not a speaker of the Gaelic: I am just starting, and my son does not, nor did many people there tonight, and it did not spoil it for us by any manner of means! Superlatives do not suffice! The photography is superb - there is no CGI here, and the movie is all the better for that- here you have true photography! The script is so skilfully and subtly written. The many-layered plot weaves the magic art of the ancient storytellers. The music is at times rousing, at times haunting, but always adding to the atmospheric ambiance. And the acting? ... it is to behold ... and the actors?... they the true weavers of this delightful yet profound film, particularly the two main actors, 'Padruig-the-young' and 'Padruig-the-elder' (A true bard, if ever there was!), who both carried a very heavy load! And the Direction? Well watch out Richard! And the Producer, responsible for raising funding, hiring key personnel, and arranging for distributors? A task well done! I hope that you will make sure that distribution goes out to our communities abroad! And the Gaelic community? Uill, without you it could not have happened! We were told that this movie was made on a low budget, but you would not know it, and I think it might well be because, for what they might have lacked in money, they more than made up for with the richness of the heart, and the warmth and co-operation of the local Scottish Gaelic community.<br /><br />A heartfelt thanks to all concerned in the making, and the sponsoring, of 'Seachd' - Mòran taing! (Many thanks!) From the Gaels to the World! From the World to the Gaels!",positive
"I must admit that this is one of the few Lou Costello films that I actually saw in the theater. Most have now been seen on T.V. and I must admit that Lou is really enjoyable and he gets the girl,too. This was my first time seeing Dorothy Provine perform and of course I fell in love with her like so many others that day. I have seen most of the work she has done and enjoyed each one. Her performance in The Great Race is one of the reasons I bought the disc in the first place!<br /><br />Every comment on this movie tells that this is the one movie that Lou Costello did with out Bud Abbott,which is true,but if Lou had lived he would have made many more. He really does a good job and doesn't have to rely on his old routines to get laughs. I for one am sorry that the little man from Patterson,N.J. didn't get the chance to do that.<br /><br />I hope this comes out on DVD some time so I can add it to my comedy/sci fi collection.",positive
"Okay, I absolutely LOVE Ben Stiller, although I am lukewarm about Jennifer Aniston. I do not think this girl can act in the least. Every movie or sitcom I've seen her in is very hard to get past her fake acting. It sounds like she is just standing there reading right off the script. This movie only had one good thing about it, and that's that Ben Stiller was in it. This plot is so used and abused it's ridiculous. How many movies have this same type of plot?? Can we say ""Forces of Nature??"" Not only is the plot so old, but the outcome is so predictable, it's boring. I knew everything that was going to happen before it did. It was a bore, but watching Stiller is always a delight!!!",negative
"Wealthy widower Anthony Steffen (as Alan Cunningham) is a sadomasochistic lover, and British Lord. He brings sexy red-haired women to his castle, where he whips and murders them. Black-booted stripper Erika Blanc (as Susie) gets away, temporarily. Mr. Steffen is haunted by wife ""Evelyn"", who died in childbirth. As therapy, he decides to marry again, after meeting pretty blonde Marina Malfatti (as Gladys). By the end of the movie, they will have had to dig a few more graves. ""The Night Evelyn Came Out of the Grave"" is great title, at least.<br /><br />** La notte che Evelyn uscì dalla tomba (1971) Emilio Miraglia ~ Anthony Steffen, Marina Malfatti, Erika Blanc",negative
"At first,this movie seems so bad that i almost fell in a trance the first time i saw it.It was like a bad dream.A cosmic bore.But i gave it a second chance,then another and another,etc...I finally got addicted to this film,due to it's dreamlike slow pace,wonderful natural sets,bathed in a mellow autumn light and especially the musical score,which is made of some 70's progressive rock and absolute exquisite folk songs by actor/singer/songwriter Derek Lamb(the Troubadour).You should notice the song about hazel wood,silver trout and lady vanishing in the air...,heard in the middle and near the end of the film.There are some carnal scenes in the beginning ,wich allow us to appreciate the natural charms of Elizabeth Suzuki.If that movie had been made by some ""repertoire"" directors like Bergman,Lars Von Triers or Jean-Luc Goddard,critics would have rolled on the floor,raving about that movie as if it were a cosmic masterpiece.I personally think this film is one million times superior to any of Fellini's cinematic sh#¤@t!Definitely not for the pretentious.",positive
"It is easy for a movie that tries to be suspenseful to wind up being merely uninteresting. It happens quite often. Not only is Dark Harbor uninteresting, but it is very poorly done. Scene after scene is tacked on to an otherwise overdone premise. A troubled couple picks up a troubled stranger only to find more trouble.<br /><br />Some movies build tension by building the story. Dark Harbor keeps adding on to its story but never building upon it. I was hoping that like other movies, the suspense would finally explode. It never does. Also, the characters have no continuity from scene to scene. They may act one way in one scene, but then act a completely different way in another scene. At first, you think that they are merely out of character, but by the end you realize that they are not really characters at all. They are just props for the final twist. The final ten minutes try to be shocking. Instead, it's rather lame and uninteresting. The only thing that was shocking to me was that the movie finally ended. At less than ninety minutes the movie still feels way too long.<br /><br />This isn't one of those low-budget gems. It's more like a counterfeit watch that breaks as soon as you take it home.",negative
"It may have not been up for academy awards and admittedly, it's pretty cheesy, but it's just so much fun! Nothing makes me smile like Bill and Ted. Lovable, optimistic, and hilarious, Bill and Ted are a great way to unwind.<br /><br />Although I love Excellent Adventure, Bogus Journey is funnier to me. Death is flippin hilarious and Bill and Ted are even more endearing. People give me grief about loving this movie, but only really pretentious movie-watchers will say it's not even a bit entertaining. If you like this, you'll probably also be a fan of Wayne's World, Dude Where's My Car, and Dumb and Dumber. Admit it, though foolish, they make you grin and turn your tickle box over. So watch them just for kicks and giggles!!",positive
<br /><br />Robot jox is a great little film ok some of the sets are bad and the acting is not that great but the special effects are very good for a film of this size and age. You have to remember that this film is over 10 years old now and was made very cheaply in the 1st place so you cant moan to much about the bad parts. So just sit back and watch a cool film with great big robots in it.,positive
"This is one of the worst movies I've seen in a long time. The story was boring, the dialogue was atrocious and the acting hammy. I'm not sure if this movie was the result of a film school homework project, but it certainly played like one. It is not even particularly successful in its central conceit of trying to appear as a single continuous take. The whooshing horizontal camera pans are a cheap and unoriginal way of hiding cuts.",negative
"""Sir"" has played Lear over 200 times,but tonight he can't remember his opening lines.Sitting at the mirror,his eyes reflect the King's madness. His dresser prompts him gently,mouthing the words.There is an air of desperation about both these men.The great actor knowing his powers are slipping away,his valet cum major domo cum conscience cum surrogate wife - aware of his boss's decline into madness and knowing he is powerless to do more than ease his passing. ""The Dresser"" is really a love story between the two.Over the years they have become mutually dependent on one another to the extent that neither can conceive a future without the other. Set during the second world war,it concerns the fortunes of a frankly second - rate touring Shakespearean Company comprising an equal number of has - beens and wannabes led by ""Sir"", a theatrical knight of what might kindly be called ""The Old School"".Whatever part he is playing he grabs centre - stage and bellows out over the footlights,bullying his audience into applause.But,somewhere inside him,buried most of the time deep beneath the ham he regularly dishes out,there still remains an occasional glitter of his earlier greatness.It is to catch a glimpse of this that his audiences fervently hope for. Mr A.Finney very cleverly concentrates on the ham,often to the point of caricature,and,just when you are ready to dismiss his performance as mere hyperbole and bluster he will produce a moment of exquisite subtlety and vulnerability that makes you realise that a great actor is playing a great actor. The same goes for Mr T.Courtenay.It's easy to write off his portrayal<br /><br />of Norman as an exercise in stereotyping.Here we have a middle - aged effeminate rather than camp theatrical dresser sashaying his way through life,enjoying the company of ""The Girls"" and loving the wicked Insider gossip rife in ""The Theatre"".There were - and I strongly suspect still are - many men just like Norman in The Profession.Infinitely kind and patient,knowing more about the plays than many of the actors,they run backstage with wisdom and affection.I believe the vast majority of them would hoot with approving laughter at Mr Courtenay's portrait. I saw ""The Dresser"" on the London stage where,against the perceived wisdom,Mr Courtenay's ""Norman"" was rather more subdued than in the movie.""Sir"" was played by the great Mr Freddie Jones to huge acclaim from the audience.It was a memorable performance that overshadowed Mr Courtenay's,reducing him rather to an ""also - ran"" as opposed to an actor on level - billing.The idea that ""Sir"" and ""Norman"" might be almost incomplete without each other went right out of the window. ""Norman"" was reduced to being his puppet,which I'm not sure was what Ronald Harwood intended,but made for breathtaking theatre. Messrs Finney and Courtenay redress the balance in the movie,restoring equality to the relationship. Both men have come a long way since their early appearances in the British ""New Wave"" pictures when they became the darlings of the vaguely Leftish,""middle - class and ashamed of it"" movement.When the British cinema virtually committed Hari - kiri in the 1970s they quietly concentrated on the theatre apart from a few roles to keep the wolf from the door.With the renaissance of more substantial movies,they re - appeared,blinking in the unaccustomed bright light.<br /><br />""The Dresser"" marked their return,still fizzing with energy and talent, shouting to the world at large ""We're still here"".It's not a big movie but is assuredly a great one.",positive
"This happens to be one of my favorite horror films. It's a rich, classy production boasting an excellent cast of ensemble actors, beautiful on-location cinematography, a haunting musical score, an intelligent and novel plot theme, and an atmosphere of dread and menace. It's reminiscent of such classic films as ROSEMARY'S BABY and THE SHINING, wherein young, vulnerable women find themselves victimized by supernatural forces in old, creepy buildings with a macabre past. Here, CRISTINA RAINES plays a top New York City fashion model named Alison Parker. Her happy, outgoing exterior masks a deeply conflicted and troubled soul. This is evidenced by the revelation that in her past, she attempted suicide twice- once as a teenage girl after walking in on her degenerate father cavorting in bed with two women and having him rip a silver crucifix from her neck and toss it on the floor, and the second time, after her married lawyer-boyfriend's wife supposedly committed suicide over learning of their affair. Telling her beau(played by a suitably slimy CHRIS SARANDON) that she needs to live on her own for a year or so, she answers a newspaper ad for a fully-furnished, spacious one-bedroom apartment in an old Brooklyn Heights brownstone. This building actually exists and is located at 10 Montague Terrace right by the Brooklyn Heights Promenade off Remsen Street. The producers actually filmed inside the building and its apartments, paying the residents for their inconvenience, of course. The real estate agent, a Miss Logan(AVA GARDNER), seems to be very interested in having Alison take the apartment- an interest that cannot be solely explained by the 6% commission she would earn. Especially when she quickly drops the rental price from $500.00 a month to $400.00. Alison agrees and upon leaving the building with Miss Logan, notices an elderly man sitting and apparently staring at her from the top-floor window. Miss Logan identifies the man to her as Father Halliran and tells Alison that he's blind. Alison's response is very logical- ""Blind? Then what does he look at?"" After moving in, Alison meets some of the other residents in the building, including a lesbian couple played by SYLVIA MILES and BEVERLY D'ANGELO, who provide Alison with an uncomfortable welcome to the building. Alison's mental health and physical well-being soon start to deteriorate and she is plagued by splitting headaches and fainting spells. When she relays her concerns to Miss Logan about her sleep being disturbed on a nightly basis by clanging metal and loud footsteps coming from the apartment directly over her, she is dumbstruck to learn that apart from the blind priest and now herself, no one has lived in that building for the last three years. Summoning the courage one night to confront her nocturnal tormentor, she arms herself with a butcher knife and a flashlight and enters the apartment upstairs. She is confronted by the cancer-riddled specter of her dead father and uses the knife on him in self-defense when he comes after her. The police investigate and find no sign of violence in that apartment- no corpse, no blood, nothing. Yet Alison fled the building and collapsed in the street, covered in blood- her own, as it turns out. But there's nary a mark on her. What Alison doesn't realize until the film's denouement is that her being in that brownstone has a purpose. She was put there for a reason- a reason whose origin dates back to the Biblical story of the Garden of Eden and of the angel Uriel who was posted at its entrance to guard it from the Devil. She is being unknowingly primed and prepped by the Catholic Church to assume a most important role- one that will guarantee that her soul, which is damned for her two suicide attempts, can be saved. At the same time, the ""invisible"" neighbors, who turn out to be more than just quirky oddballs, have a different agenda in mind for her. This is a competent and intelligently done film and one that surprisingly portrays the Church and its representatives in a mostly sympathetic light.",positive
"I love these ""Diaper Baby"" movies! You couldn't make a movie like this today and it is rich in cinematic history. It is goofy and the film was made to make you laugh, which it does. How they ever got these kids to ""act"" I'll never know. I think they are precious and the kids make me laugh but so do the others who made this movie as it shows the naiveté that existed in the early 30's. You have to remember that this is when the film industry was very young, the stock market had crashed, the world wide depression was beginning and these films were made to give a person a break from the real world. The fact that you could see movies for five cents is beyond my comprehension, but then dinner for 25 cents is too. It was a different time with a totally different mind set.",positive
"Long, boring, blasphemous. Never have I been so glad to see ending credits roll.",negative
"I was a little to old for this show I was 6 when it first came out. First off when I was a young child there were a few children's shows that were on sesame street which I did watch and learned from, but other than that there wasn't much else. My Cousins were all born a few years after me 7 years was the first one more came latter. Barney was a very big part of what they watched. When I first saw this show I told my grandmother how it doesn't teach anything just uses magic to fix everything. I was 9 at the time, how many 9 years old have any idea what is really going on with a TV show. More and more that I saw or heard what the teachings of Barney were the more and more I told people how bad the show was. The funny thing is my parents who had a young child in the mid to late 80's which was me by the way. They agreed and said the same thing as I did. The sad thing about this is my cousins who are older now 13 and such still agree with what they saw. Its not cheating its creative, its not right to think differently than what someone tells you to. Its o.k to steal if the person wont find out or mind that it is gone. Lets be honest with ourselves, Barney is out to make money not teach children anything. The more flashy the program the more inclined children will be to watching it. Children are stupid not because they are not educated they just do not know any better, second Barney put on a show and parents bought it. I never believed that TV could affect people the way Barney does. If you have a young child read to them watch a show that teaches them numbers, do not let them get involved in this show. Barney is like smoking once is to much, smoke a few and your hooked let your kid watch this show they are hooked and one day their kids will watch the same crap and buy the same crap you bought",negative
"A man named Jerry comes into possession of an ancient Aztec doll.However this creepy little figure is possessed by an evil spirit,which takes over Jerry's body and pushes him to spill the blood...I have seen two other horror movies ""The Dorm that Dripped Blood"" and ""The Kindred"" made by Stephen Carpenter and Jeffrey Obrow and I must say that ""The Power"" doesn't disappoint either.The plot is slow-moving,but there are some effective human goo effects and a little bit of gore.The scene of a female tabloid reporter being attacked by arms that come ripping out of a mattress is a hoot.I liked this low-budget horror movie and you should too,if you are into 80's horror genre.8 out of 10.",positive
"Well, I only caught the tail end of this film on HBO, just the final 10 minutes or so, but I must say that it contains probably the most laughable depiction of distance running EVER put on film! I'm a serious distance runner and a dedicated fan of the sport, and I've sat through many painful demonstrations in movies before. However, nothing could have ever prepared me for what is shown on screen in the final 10 minutes of this movie, it literally defies belief! The depiction of the runners is even more ironic considering that African runners completely dominate the sport, and they are elegant and graceful. The female protagonist shuffles along like an overweight pregnant woman, and her ""highly trained"" male supporters are no better. Well into the race this alleged world class runner is surrounded by pudgy, overweight people, many of whom are WALKING! I find it interesting that the director decided to have her lead the female competition, yet near the end she is shown passing people who look like they're staggering along on two broken legs! Are we to believe that this amazing stellar athlete has only overtaken a crippled person at the very end of the race? Maybe the director just thinks that female runners can't run faster than 12 minute miles, and he has obviously never heard of athletes like Paula Radcliffe or Tirunesh Dibaba.<br /><br />Even if you aren't a running fan you'll be astonished by the insanely inaccurate portrayal of running, and this movie is only watchable as unintentional comedy. Here is a note to the director: The next time you decide to make a movie about a sport, it might be worth it to hire at least one person who actually has observed that sport in action.",negative
"Legend has it that at the gala Hollywood premiere screening of 2001: A Space Odyssey, about 20 minutes into the film Rock Hudson yelled out ""Would somebody please tell me what the hell this movie is about?"" Well, I have Rock beaten by about 19 minutes, 59 seconds. This movie made absolutely no sense at all. Who were those people? Where were those people? What were the rules of the game called Quintet? Are there any rules to Quintet? Were Robert Altman and his cohorts making the movie up as they went along? What was Paul Newman thinking when he signed on to this? Maybe ol' Fast Eddie saw Zardoz and thought ""Well if Connery can get involved in a futuristic film that makes no sense, so can I."" Maybe the good stuff is on the cutting room floor and all we get to see is the incoherent stuff. Also, did all the cast get to keep their individual funny hats? You never saw such bizarre looking hats all in one place in your life. Quintet just confirms what I've always thought: when Altman's good he's superb, but when he's bad, he makes stuff like Quintet",negative
"I bought this movie sight unseen at a sci-fi convention and I got what I deserved for doing something so silly. Simply put this movie is implausible, boring and unwatchable.<br /><br />I was so bored and disgusted with the lack of plot development that I turned it off to watch a repeat of Mythbusters. I understand that this was a very low budget move, or least it looked like a very low budget move, but that does not excuse the horrible acting, terrible plot and even worse camera work. It looks like something a group of college students did in between classes and getting drunk.<br /><br />Maybe if the villain wasn't so laughable and the plot was something that actually could happen in real life with respect to law enforcement it might become so bad it's funny. This movie isn't funny, it's just bad.",negative
"Both Disney and Bill Paxton did a fine job in conveying a story that is based in fact. You do not have to like the game of golf to appreciate the story of one man's struggle to overcome the odds. It could have been based on any sport or simply on any other situation which involves competition, though this one just happens to be related to Golf. The only problem I have with the story is that I would have liked to see a bit deeper into each of the main characters, esp. Mr. Ouimet. Mr. Francis Ouimet is a typical young man of his times, turn of the century America, where ""class lines"" are well delineated and woe be it to anyone who deigns to try to rise above his ""class"" standing. I did a bit of historical research and my biggest question was indeed answered, to my satisfaction. Although the circumstances are a bit different than those portrayed in the film, I came away with a feeling of content. I thoroughly enjoyed this movie, I believe you will too.",positive
"I really really love this show! I have always liked the 1990's shows of Space Ghost! This show was hilarious and I can't believe why Cartoon Network's Adult Swim would take such a funny show like this off the air. I hope they put this show on DVD or something. The show is about Brak (from the Space Ghost cartoons, SGCC and Cartoon Planet) who lives his every day life with his Mom and Dad and his best friend who likes to drop in a lot, Zorak! My favorite episodes were the one where Zorak gets this really good singing voice and then his voice doesn't give him any money that Zorak made from singing at all. Another episode I like is the one where Brak and Zorak didn't finish their homework and then they go back from Sunday to Friday and they just goof off and then they go back to the day homework was invented and then when they go back to the present homework didn't exist! Another episode I like is the one where Brak's Dad and their next door neighbor, Thundercleese the Robot keep getting into this agrument and then they get eaten by a giant worm. Another episode I liked was the one where Zorak makes a bully stand and then some new guy took over his stand. I also like a lot of the other episodes! One thing that never fails to make me laugh is when Zorak is getting beaten up, blasted and zapped!",positive
"I`ve seen this movie twice, both times on Cinemax. The first time in it`s unrated version which is soft-core porn at it`s best and the second time in a trimmed down (cut all the sex and most of the nudity out) version which was entertaining in a typical beach movie sort of way. The unrated version has a tremendous sex scene with Nikki Fritz, a dude and a bottle of oil which is out of this world (no pun intended). Unfortunately, in the trimmed version that scene is almost completely chopped out, as are all the other sex scenes. Rated or unrated it is still fun to watch all the siblings of bigger stars (Stallone, Sheen, Travolta, etc;) trying to act. We also get appearances by B-queen Linnea Quigley and Burt Ward (Robin from the old Batman series).",positive
I saw this on a boring Sunday morning just this morning. Well I was drawn to the fact that it's an outdoor movie.. I was hoping to find some nice sceneries but it the views where just limited.. They just go back and forth in the same spot all over again.. I hate it when they're using this so called hi-tech stuffs like the this Motorola blue-tooth headset they're using to eliminate the use of a walkie talkie it was just so funny.. they look like amateurs. And they where like advertising those badly designed alien-ware Laptops that could link up to a satellite to find people.. I couldn't say more about this TV-movie.. The ending was bad that it looks like they cut it short eliminating the use of rescue helicopters and etc.. */**********,negative
This is a good example a film that in spite of the low rating is more than worth watching. The story is engaging and it doesn't take long before the chemistry between Nicole Kidman and Ben Chaplin grabs your attention. The acting is first class and the characters are represented well. Sometimes it feels like the director couldn't decide himself between drama and romantic comedy. Ben Chiller's portrayal of the law abiding and shy Englishman with porn S.M. magazines hidden in the bedroom creates plenty of moments for laughs! As does the look in Nicole Kidman's eyes when she is offering John his first taste of intimacy in a long time... Other times the actors and especially Nicole Kidman give this comedy quite expertly a dramatic slant.,positive
"Robert Downey Jr. in a 17th century wig and dress was enough to make me shudder, but I couldn't believe a great actor like Sam Neill actually took a part in this movie. The whole thing was unbelievable. I especially like Merivel's ""cure"" for the crazies. They dance...and hey presto! everyone's happy and they're all better! I guess I just didn't like the character Merivel too much. Therefore, watching a whole movie about his supposed transition from a whoring buffoon into a great physician was grueling. <br /><br />Also, I'm not entirely sure, but I didn't think the plague as well as the famous fire of London took place simultaneously.",negative
"Here is another great film critics will love. The problem is that it is not a very good movie.<br /><br />The films premise is simple. Nine convicts escape a prison after the tenth one goes crazy and tells them where the treasure is.<br /><br />The first half has a lot of slapstick some of it very broad while the second half is a character driven descent into fantasy and melancholy.<br /><br />The two halves simply don't mix. Individual scenes do work very well (The guys crashing a friends house who has a new Filipino bride is hilarious While a later scene with the big guy working in the restaurant tugs at the heartstrings.) They simply don't mesh with each other.<br /><br />The movie as well is missing entire set-ups. One scene shows the guys desperately looking for change under a deserted vending machine to buy a snack. The very next scene has the whole crew in drag sitting down in a restaurant. Where did they get the dresses and wigs? (The crew includes both the big guy and a midget) How did they get all the clothes and money to buy the meal? And most puzzling is why are they in drag? They are clearly guys in drag and lets face it is there anything more memorable to witnesses than a big guy and a dwarf eating a meal dressed as women? I mention the big guy and the dwarf because besides the old guy everyone else seems to blend into each other. (In fact they wear matching white jumpsuits throughout most of the movie) The movie has very little character development in the first half and as a result the second half really lacks an emotional punch. As we are often trying to figure out who is who in their individual payoff scenes.<br /><br />Speaking of a drag the second half has all those wonderful sweeping camera shots and big emotional moments and great symbolism that makes a great film. It is also excruciatingly slow which makes for a boring movie.<br /><br />9 Souls is a big disappointment, the reviews gush about a great film and it's in there somewhere, good luck finding it yourself.",negative
"Hmmm, yeah this episode is extremely underrated.<br /><br />Even though there is a LOT of bad writing and acting at parts. I think the good over wins the bad. <br /><br />I love the origami parts and the big 'twist' at the end. I absolutely love that scene when Michelle confronts Tony. It's actually one of my favorite scenes of Season 1. <br /><br />For some reason, people have always hated the Reincarnation episodes, yet I have always liked them. They're not the best, in terms of writing. but the theme really does interest me,<br /><br />I'm gonna give it a THREE star, but if the writing were a little more consistent i'd give it FOUR.",positive
"I can't remember the worst film I have watched.Total waste of actors and audience time.If you prefer sitting by your TV and think when will be this film over,then this is the right film for you.Maybe this film is recorded to make people believe that Moscow has some mystique past. But I must say I have not expect anything else from Rade Serbedzija,but I have expected more from Vincent Gallo.The film lacks a plot, character,development,denouement.Entire movie is about underground tunnels and how they are mystique.I must be fair there is some camera effect but even that is too poor.Over and over are the same pictures.Total waste of time.",negative
"A cheesy ""B"" crime thriller of the early '50, the story is droll, the characters wooden, Allison Hayes and Abbe Lane are the only two sexpots that make it an eye-catcher, but one short shot, only a few frames long, shows an ""el"" train crossing the river on the State Street bridge, of the 6000 series Pullman-built cars painted in their original 1950 paint scheme, as they were delivered when new in 1950. For traction fans like me, that one short take makes the picture worthwhile. I think films like this one, Ulmer's DETOUR, D.O.A. with Edmund O'Brien,THE FUGITIVE with Harrison Ford, and others of the film noir genre, (big city crime dramas) make it interesting if for nothing other than the fact that I know Chicago and San Francisco intimately and recognize most of the street locations. Other wise it's a really droll boring film!",negative
"There really isn't much to say about this movie....it's crude, but fun.<br /><br />Plot outline (From IMDB)<br /><br />_____________________________________<br /><br />Two losers from Milwaukee, Coop & Remer (Parker & Stone), invent a new game playing basketball, using baseball rules. When the game becomes a huge success, they, along with a billionaire's help, form the Professional Baseketball League where everyone gets the same pay and no team can change cities. Coop & Remer's team, the Milwaukee Beers is the only team standing in the way of major rule changes that the owner of the Dallas Felons (Vaughn) wants to institute.<br /><br />_____________________________________<br /><br />The Acting is pretty good, since there arn't many big stars in this movie. Although I am not a big fan of 'Southpark', Parker and Stone do a pretty good job in their first real movie. <br /><br />There are so many funny moments in this movie I can't come close to naming them all. It never really lets up, and they don't try to put some cruddy drama in to make it more serious. <br /><br />And my favorite aspect of this movie: The Soundtrack. It's GREAT. I especially like ""Take me on"" and ""Beer"" by Reel Big Fish. Very underrated.<br /><br />Overall, a crude, but extremely funny, movie. 10/10<br /><br />James ""Black Wolf"" Johnston",positive
"The original ""les visiteurs"" was original, hilarious, interesting, balanced and near perfect. LV2 must be a candidate for ""Worst first sequel to a really good film"". In LV2 everyone keeps shouting, when a gag doesn't work first it's repeated another 5 times with some vague hope that it will eventually become funny. LV2 is a horrible parody of LV1, except of course that a parody should be inventive. If you loved LV1 just don't see this film, just see LV1 again!!",negative
"In this forgettable trifle, the 40-ish Norma Shearer plays a fluttery, girlish socialite in Monte Carlo, caught in a tussle between George Sanders and Robert Taylor. It would be tempting to blame this movie's failure on the dull, talky script, or director George Cukor, who never seems interested in livening up the film's generally comatose state. Mostly, though, it's the fault of Shearer herself, who desperately wanted to keep playing ""young"" parts as long as she could get away with it. Inadvertently, this makes ""Her Cardboard Lover"" a bizarre monument to an aging woman's vanity.",negative
"I normally am a glutton for poor movies, but this thing stunk.<br /><br />Do not watch this movie.<br /><br />Terrible effects and very little humour, what the hell was the point of making this movie? No gore to speak of and no acting to speak of.<br /><br />I could only manage 45 minutes of this rat dropping of a movie, and that is rare for me.<br /><br />Something positive to say about this drivel? cover art was OK, I am pretty sure the movie has a ending too, even tho I did not make it to it.<br /><br />The rats were unorganized and blew their lines constantly,they lacked intensity and seemed just to be going through the paces for their paycheque. The actors were worse.",negative
"This movie had it all,action,comedy,heroics,and best of all some of the finest actors.Gunga Din will remain a classic to be enjoyed by all who like good movies.Excellent picture,i have it in my collection.",positive
"For me personally this film goes down in my top four of all time. No exceptions. James Cameron has proved himself time and time again that he is a master storyteller. Through films such as Aliens, The Abyss and both Terminators it is clear that he was a brilliant and confidant director as far as action and science-fiction goes. He sees a story and adds a strange quality to the film. But Titanic is so much different to his other strokes of brilliance. The film is exceptionally moving and allows room for surprises, plot development and interesting character developments in a story that everyone knows. The story of the famed voyager sinking on her maiden voyage is legend so the challenge was for Cameron to make a truthful, interesting and entertaining film about it. The acting is wonderful as Leonardo DiCaprio who plays Jack and Kate Winslet who plays Rose became superstars overnight with the release of this film and in most films I get annoyed when the supporting characters aren't given a lot to do but in this film it is more purposeful because as an elderly Rose (Gloria Stuart) tells her story it is quickly apparent that it is Rose's and Jack's story alone, no one else. Emotionally it is entirely satisfying and can leave no dry eye in a theater or home. The music has become iconic and legendary. It is composer James Horner's finest soundtrack ever and evokes so much from the film and the audience. The song after so long has become annoying but I still appreciate it for the phenomenon it is and this film is. Only one problem, the usual James Cameron problem, is the dialogue which is memorable but in a bad way as in how cheesy it is at points but all that aside. James Cameron has delivered a masterpiece and a romantic epic that sweeps you away on a journey of a lifetime. My heart won't go on from this one.",positive
"Generally it was a good movie with an ideal ending; the acting was spectacular and the characters didn't stray from their persons. I especially liked the plot, although you knew what was going to happen it still gave the element of surprise through out the entire movie. However, I find that coming on to the ending it could have been a little longer (extended maybe)- to me it seemed like it was rushed a bit; as if the writer was trying to take linens off the lines before the rain fell. For instance- What happened to Tristan's brother, Hayden? For all we know he died in the hospital. Maybe he was the one that setup the entire thing?! Who knows! Maybe there will be a sequel? Maybe? If there is.. I cant wait to see it.",positive
"Like in a circle the movie leads back to its point of departure, the image of the cranes that are crossing a Muscovite sky. They represent the freedom to realize your life as you wish, in order to aspire the greatest possible fulfilment.<br /><br />In the beginning Veronica and Boris experience such a promise of happiness, and their eyes follow the path of the cranes in exhilaration. It seems as if they might be able to live according to their dreams.<br /><br />But Man is not a bird. Life draws up its own rules, from which no human can escape and which we cannot change - not even by making a supreme effort. War breaks out, and without much hesitation Boris signs up for the front in order to fulfil his patriotic duty. He cannot even say good-bye to Veronica, for she arrives late at the assembly point from which the soldiers are sent away. Surrounded by a jubilant crowd all her attempts to attract Boris' attention must inevitably fail.<br /><br />Boris eventually gets killed in war, without Veronica learning about it for the moment. His brother Mark, a vigorous musician, who obtained the exemption from military service by corruption, is eager to take his place. Veronica initially resists, but in a frightful night of bombing she finally falls victim to his charms. A marriage takes place, which is never accepted by the family.<br /><br />Soon feelings of guilt seize hold of Veronica and she realizes that Boris' return is the one and only thing she actually longs for. She therefore eases her bad conscience and despair by the self-sacrificing work in a field hospital.<br /><br />When war finally is over, once again a crowd of enthusiastic people gathers in order to cheer the victorious soldiers. Again Veronica is among them, forcing her way through a wall of bodies. In her hand she is carrying a bunch of flowers, until she finally has to give it away to complete strangers, for one of the homecomers has just dashed her hopes by confirming the sad certainty of Boris' death.<br /><br />Once again the cranes invade the sky, drawing their wayward lines. But now Veronica is watching them on her own, and the look in her eyes is a different one. She has had to accept the impossibility to live according to preconceived plans, to follow the guidelines of your dreams. For all humans are nothing but helpless puppets hanging on the inscrutable strings of fate.<br /><br />",positive
"This is the Columbo that got directed by Steven Spielberg at an early point in his career. It's nothing sensational but some small hint of great things to come for Spielberg can be seen in this movie. The movie is basically in the same style as most of Spierlberg's '70's movies and TV works. So that means that some characters tend to show some quirkiness's and no I'm not just talking about the Columbo character alone. The kind of character quirkiness which perhaps can be best seen in the 1975 Spielberg movie ""Jaws"". But other than some small hints of typical early Spielberg elements, you can't call this movie the work of- and fine example of a rising director star. Not that its bad, of course it isn't but as I said earlier, it also isn't anything too sensational.<br /><br />This movie began really well and very promising but after it's fine opening, in which as always the murder occurred, the movie became sort of more slow and also dull to watch. Dull because it's mostly a Columbo movie by the book that doesn't have real memorable moments in it, not dull because it's a boring movie to watch.<br /><br />The murder itself was quite ingenious and the concept of having a crime story writer murdering his writing partner showed some great and interesting potential. The story however didn't really explored all of its possibilities. At least that's the feeling this movie left me with.<br /><br />The movie was still a good one to watch nevertheless thanks to the character of Jack Cassidy, who thinks he's smarter then Columbo, due to his mystery/crime writing experience and tries to give him all kinds of possible hints, leading away from himself. But of course Columbo knows better and he is his number one suspect from the first moment on but he as usual plays the game along.<br /><br />The movie does have a good overall style and uses some fine camera position and editing. Funny to see that also most of this was all mostly consistent with Spielberg's later work, especially some of the camera-angles.<br /><br />A fine and perfectly watchable Columbo movie but don't let the name of Spielberg attached to it rise your expectations for it too highly.<br /><br />7/10",positive
"I'm guessing that we all, no matter if we are fans of cars, luv the sound of a Dodge Challenger as it growls along the road, the noise a 57 Chevy make as it screams with ecstasy when it tears round a corner and, most of all, the blast of sound as a classic vehicle bursts into flames as it explodes. I'm not the biggest car enthusiast by any stretch of the imagination, but any of the above really does rev my engine! There's no denying the importance of transport on cinema. It has even been said that the invention of the train was one of the biggest influences on early cinema (looking out a window almost like a moving picture and the idea of being transported to a different time/space). But the car remains the most popular and most luved, it's even got its own genre: the carsploitation genre. A genre that focuses purely on the beauty of cars. In effect, it's just porn! Car porn! And I'm not talking about that rather nasty documentary on Channel 4 in which men actually had sexual intercourse with cars. Whatever floats your...car, I guess. Moving on... whilst RUNNING ON EMPTY isn't quite as pornographic as VANISHING POINT (Richard C. Sarafian, 1971) for instance, with its close ups of the car in motion, all it's bumps and curves (!), this doesn't mean that the car isn't the main focus of this film. In fact, the cars themselves become characters (more on that later). They're objectified and fetishised as much as the women, in fact, maybe even more. And holy holy, are these cars something! Every car in this film (besides the ones in the background) are simply beautiful  works of art, there's no question about it.<br /><br />As I was saying, these incredible cars are, in a way, given characters themselves. You actually start sympathising with the car! SPOILER  Most notably during the scene in which the car is being wrecked and burnt SPOILER OVER. This has become almost a convention of the carsploitation genre; the evil 1978 Plymouth Fury from CHRISTINE (John Carpenter, 1983), Satan's custom Lincoln Mark III in THE CAR (Elliot Silverstein, 1977), the nifty little Mini Coopers from THE Italian JOB (Peter Collinson, 1969) to the friendly Volkswagen Beetle in THE LOVE BUG (Robert Stevenson, 1968) and of course each car from DEATH RACE 2000 (Paul Bartel, 1975) and even WACKY RACES (1968-1970) all of which had their own character. Ironically however, this emphasis on the car often over takes (!) the human characters! And this is certainly the case with RUNNING ON EMPTY, in which only one human character (the blind character who drives his car with his hearing rather than sight) has any sort of dimension, the rest are very much stock characters. These are all your stereotypical Australian 1980s teenagers; big hair, annoying accents and none of whom would look out of place in NEIGHBOURS, especially the Kylie Minouge look-a-like. But who gives a damn? It's all about the cars racing and crashing! That's it! If you don't like that you really are watching the wrong genre.<br /><br />The car scenes are certainly the selling point of this film, and the best thing it's got going for it. They are fast; very fast! And we're not talking about the rather annoying technique some films seem to use where they record the car 'speeding' at around 40mph, and then speed it up. Oooh no! Not with this film you don't. These cars are zooming along at top speeds in real time  no fancy editing tricks here. So, we've got speed. Check. What about crashes? Check, check, check! Whilst there isn't cars crashing EVERYWHERE a la the incredibly BLUES BROTHERS (John Landis, 1980) , when cars do crash in this film, they certainly crash! It would seem that they use gunpowder or something similar to build the cars as one little hit and KABOOM they're up in flames. It kind of reminded me of THRILLER: A CRUEL PICTURE (Bo Arne Vibenius, 1974) in that sense.<br /><br />Between these simply awesome scenes (especially the very start and the very end) there are quite a few scenes which slow everything done and, in my opinion, fail to add very much to the film. Note: more exploding cars needed! However there are a couple of exceptions here which are great scenes  SPOILER especially the attempted rape scene.<br /><br />So, all in all, this is a man's film! A boy's film! Full of cars vroom vroom vrooming around the outback and a couple of tits thrown in for good measure too. I'd recommend this little film to anyone even if they are keen cyclists (!)  it's a great film which you can just switch your brain off, sit back in your leather chair and put on full volume! I'll give it 3.5 luvs out of 5 luvs  Bruuuuum! P.S  Amazon are selling this for just over £2  it's a real bargain although the DVD lacks any special features whatsoever.",positive
"It's nice to see Julie Andrews trying a straight dramatic role here--something she hadn't done in awhile--but her character of Judith(wise they didn't try to pass her off as a 'Judy')has the old refined manners and tomboyish hairstyle of yore, and Andrews enacts 'grown-up' as any other actress would interpret frigid. It's a surprisingly bland drama set in Barbados involving Omar Sharif(not the liveliest leading man around--not even in 1974!)hoping to make Andrews a spy while also slowly leading her into the proverbial bedroom. Unmemorable outing does have some camp value: the James Bond-like credits at the beginning are a cheesy hoot. As for Julie: she's quiet and contemplative, but that doesn't do much for the audience, or for the film. Blake Edwards paces the freakin' thing like a funeral. * from ****",negative
"I rarely make these comments but I felt compelled to spare others the pain I endured in watching this movie. It's so stupid and implausible both in the overall story and in the details that you simply can't suspend disbelief. The problem starts early, when you see a government researcher tooling around in a new Porsche and dining with his team in a restaraunt that looks like a castle, overlooking the Capitol Building in Washington, D.C. That kind of life on a government salary? Hah! It only gets worse. Toward the end, when the bad guy starts killing off the good guys, the latter group act so stupidly that you want them to die, in order to cleanse the gene pool. The special effects are pretty good - any producer's money can buy that - and the lead actors have been great in other films, but the screenplay and direction here are moronic. Many people have wondered whether there was some deliberate intelligence behind Paul Verhoeven's previous, facially stupid movies (Showgirls, Starship Troopers), but this movie should stop the wondering. He's just plain bad.",negative
"I don't see why all the people are giving this film negative reviews?!?! I loved this movie! Bled is a form of abstract art, and if you don't appreciate art, I can see why you would not like this film. It was a great twist from the average, played out vampire movie. If you are looking for a fresh, new and ingenious new vampire movie, then this is for you. But if you want one of those turn into bats, wolves and melt in the sunlight movies, then go watch your old played out Dracula flicks. Sure, it is a bit on the low budget side, but they did a great job with the budget they had. I'm very happy that I found this movie, because I was about to give up on the vampire genre fro good. I thought this film was brilliant! I give 2 thumbs up to the writer, director and everyone involved in the film.",positive
"Licence fees to watch this trash, And pay for it with hard-earned cash? Humourless, no hint of laughter, God knows how it won a BAFTA! <br /><br />We've now been subjected to ""Eastenders"" for twenty years. When, oh when is the Great British public going to see this awful soap for what it is? Crass Pap! This programme no more depicts reality in the East End of London than everyday life in Beirut, and never has done.<br /><br />The Eastenders I know (the real ones) are kind, courageous, hardworking and loyal. And one of their greatest attributes is humour. It was the Eastenders who went through the worst of the London blitz and still stuck two fingers up to Hitler. And what do we see on our screens for five days of the week (including an omnibus)? Nothing but a bunch of moaning, wailing, ""dead from the neck up"" wimps, who seem to do little else than sit in a pub all day sniping at each other. What a great advert for Britain that is!! Do the writers actually believe this garbage they're pumping out? Obviously the woolly-minded section of the public does, but then I've heard that apparently anyone can be brainwashed into believing anything.",negative
"While this movie did have a few scary moments (great use of music and film angles to build suspense), it's obvious director Ethan Wiley and scriptwriter Ellary Eddy didn't waste any time researching their subject matter; which also makes me question their claim that the exorcism scenes were overseen by a genuine Catholic bishop.<br /><br />Amongst the many inconsistencies: <br /><br />* Jacob the Roman Catholic priest, when we first meet him outside the church, is wearing an academic robe over his clericals rather than the typical alb, chasuble or surplice. Academic robes are commonly worn by Protestant ministers in liturgical denominations, not Roman Catholic priests. <br /><br />* Jacob the priest quotes some obscure and disturbing scripture about the angels taking up weapons. He attributes it to St. Paul. This verse is not from St. Paul's writings, neither is it in the Bible. I can't even find it in the Gnostic scriptures. <br /><br />* Jacob tells his bishop he doesn't believe in demon possession and turns down the request to study exorcism but does a complete 180 (later that same day?) within minutes of talking to possessed Isabelle. Sure, it's possible; but a little unrealistic. See Father Damien as a priest/psychologist in the original THE EXORCIST for a bit more realistic portrayal of a skeptic-turned-believer. <br /><br />* Miguel, the former priest turned farmhand, is the first to try an exorcism on Isabelle. He quotes scripture, and she quotes back. He says ""I see you know Psalm 65"" - she corrects him ""that's Psalm 67"" - they're both wrong. <br /><br />* Miguel, the former priest who just got done performing an exorcism - making the sign of the cross, calling on the name of Christ, applying holy water, etc. - tells Jacob he doesn't believe in church and he doesn't believe in God. (Maybe he's just conflicted?) Jacob enlists him to put on home-made vestments and have another go at it anyway. <br /><br />* Miguel, the former ROMAN CATHOLIC priest, crosses himself backwards (or Eastern Orthodox-style). As an Hispanic Roman Catholic who USED to be a priest, he should've crossed himself forehead to sternum, left-side to right side of chest.<br /><br />I had to read into the little side stories to get the notion Satan was messing with the whole family, not just Isabelle; but even in the end it was hard to say for sure if anyone was really guilty of the images in their heads or if it was all demonic trickery (except for the sheriff - it's pretty clear he was guilty).<br /><br />On the positive side: Isabelle was CREEPY - in my opinion she was the best part of the whole movie and I liked the plot twist with Claire.<br /><br />I'm just not sure if the movie was meant to be serious or a spoof.<br /><br />Listening to the running commentary with Cameron Daddo and Ethan Wiley, I'm inclined to believe it was a joke.",negative
"I may be biased, I am the author of the novel The Hungry Bachelors Club, self-published in 1994. The screenplay was written by my good friend and hungry bachelor, Fred Dresch, who was the inspiration for the character Marlon in the film. I couldn't be more pleased with the trailer, I hope to see the film in its entirety and I will further comment. But Jorja Fox, who plays Delmar Youngblood, my character, is stellar. She carries the bulk of the emotional vehicles in fine form. I couldn't have done better myself! This looks like real people, hardly formula driven and thankfully drives my statement against racial prejudice home, gracefully and heartfelt.",positive
"I remember that the trailer for Legend of Zu was quite impressive and being a fan of A Man Called Hero (my all time favourite), Storm Riders I decided that I must watch this one too. I know that there is way to much critcism on Ekin Cheng's acting ability everywhere but he is my favourite Hong Kong moviestar so far (way better than Nicolas Tse nevertheless)and he is one of the factors that I enjoyed this movie. Without a doubt this film is a work of art from the beginning to the end. I even thought that only the actors were real and everything else was computer generated by the end of this film. They must have put a lot of work into this one and they deserve good credit for that. The storyline of the movie was a fairytale between good and evil with a love story thrown in (I guess Ekin Cheng pulls the girls easily).The story is not very intellectual and deep but that is not what you expect when watcing an action movie. I wished there were more martial arts action with fists and fist instead of battles with magical abilities, but well that's life and it never goes the way you want it to. And why did they sound like supersonic planes in the battle through the sky in the end ? That's way too funny. Legend of Zu cannot be A Man Called Hero in my eyes but it flows like a videogame and that is not a bad thing at all. If a company decides to publish games on this movie I will not get suprised as it carries all the videogames elements. Good work. Please make more fantasy movies like this",positive
"I agree with most of the Columbo fans that this movie was an unnecessary change of format. Columbo is a unique cop with unorthodox police methods. This movie looks like a remake of any other ordinary detective dramas from the past. And that is the disturbing point, because Columbo is no ordinary detective.<br /><br />There are two parts in this film that left me intriguing. First, I can't figure out the title of this movie. It is misleading. Maybe a better title would've been ""The Vanishing Bride"" or something similar. Second, Columbo hides a piece of evidence without offering the reason (to the viewers at least) why he does it.<br /><br />I don't feel betrayed, just disappointed. I'm glad Peter Falk went back to the usual Columbo.<br /><br />",negative
"It's a shame this movie is rated PG 13--it is really quite suitable for anyone--though young kids might not follow it too well.<br /><br />It belongs to that wonderful genre of serio-comic ghost/angel stories that would have to include everything from Capra's ""It's A Wonderful Life"" to Wenders's ""Wings of Desire."" <br /><br />The photography is stunning, the acting first rate, and--wonder of wonders--the tone is uplifting.<br /><br />My only criticism is that there is not much ambiguity in the film. The two interwoven stories seem intriguingly mysterious at first; but they resolve themselves a little too nicely for my taste. As the director points out in his commentary on the DVD, all the ingredients of Irwin's story are on his bedside table. The symbolism is just a trifle too pat for me.<br /><br />But what a lark! My favorite scene has to be when the relocation team tries to get breakfast at a diner. This is practically theatrical in its magic--a tour de force of witty acting--subtle, playful, and positively rhythmic--coupled with striking cinematography and an acute eye for the grotesque.<br /><br />""Northfork"" is funny, touching, gorgeous to look at, magical (with the above reservations) and has not one single car-chase.<br /><br />An easy nine stars.",positive
"I enjoyed the previous Ittenbach movie that I'd seen, ""Burning Moon"". But while that movie was rather grim and nasty, ""Premutos"" seems to mostly play it for laughs. While its admirable how Ittenbach made this movie with no money in his spare time (and the DVD documentary is worthwhile to see this), I found myself constantly battling not to fast-forward to the next gore scene. Sure, there's gore, and if that's all you want then go ahead and enjoy. But be warned: there's an inordinate amount of lame comedy and tedious story exposition. Many are comparing this to Peter Jackson's movies, especially ""Braindead"". But looking at what Jackson did on a similar budget in ""Bad Taste"", it's clear Ittenbach is lacking one thing that Jackson has - talent. 3/10 (for pretty good and plentiful gore effects, and for getting the most out of limited resources - but not worth the money I paid for it)",negative
"Can it ever be said that there are some movies that have no redeeming features whatsoever? Answer: Yes, and this is one of them. After helming the appalling 'House of the Dead' director Uwe Boll has now cast his less-than-talented eye towards yet another video game adaptation. Don't these guys get it? To anyone who can't understand, here it is in block capitals for you: VIDEO GAMES DO NOT MAKE FOR GOOD MOVIES! The acting here is, at best, sub-standard. The set design and special effects are poor. Unlike the video game (which did have its scary moments) the movie has no atmosphere of impending doom, no sense of danger or menace. Pacing and plotting is confused and the paper that the script is printed on would have been better used as toilet paper. The main culprit is the director. Uwe Boll uses the camera with the grace and skill of a monkey using a paintbrush. Hackneyed zooms, swoops and pans are spliced into the whole dreary affair at unpredictable moments leaving the audience disorientated and bored. Why this guy was ever let near a movie set in the first place must stand as one of modern cinemas greatest secrets. Avoid at all costs.",negative
"Steve Biko was a black activist who tried to resist the white minority governed South Africa in much the same way as Gandhi tried to resist the British empire's colonialism in India. Richard Attenborough's film Cry Freedom is not about Biko or Apartheid as much as it is about Donald Woods, the white liberal newspaper editor who risked his life trying to tell Biko's story. The film has a jarring point of view switch after Biko dies in prison from tortuous behavior at the hands of South African ""police"". Woods, played by Kevin Kline, must choose whether to do the right thing and flee the country to publish books about Biko or allow his wife, played by Penelope Wilton, to pressure him into forgetting about the books. In that case, Biko dies in vain. What begins as a life-changing friendship between Biko and Woods degenerates into a standard by the numbers escape over the border yarn after Biko's death. Oscar-nominated Denzel Washington is good in only his fourth film as Biko, but something is wrong in a film that tries to depict the struggles of Apartheid by focusing more on the trials of a white family for more than half the film. Attenborough would have served his topic better by focusing on Biko's rise to prominence instead of beginning where Biko befriended Woods. Perhaps a black actor in a leading role in a 2 1/2 hour film wasn't exactly conducive to big box office, but the film was a tremendous box office flop anyway. Film politics aside, the film still entertains and sends a message or two, albeit, in PG-sanitized fashion. *** of 4 stars.",positive
"The movie is about two brothers that are supposed to be alike - but are not in any way expect for being smart - one is a surgeon and they other is able to write a computer code. Geniuses as they like to call themselves which sounds very exaggerated if you compare it to personal characteristics can you perceive from the material of the title.<br /><br />I honestly didn't like the style of the movie. I believe that anxiety, confusion and deep blues it brings are there for a purpose, but what I don't get is why there is so much of it. The movie is cheap on scenes and tells the story basically with no human aspect in it at all. It gives the comic book like experience. However it's visually numbing the viewer, it somehow brings him inside the blues with brief dialogs, monotonic scenes, dynamic cut, music and abrupt noises.<br /><br />The movie's storyline is very simple, most of what's going on is being dramatically pictured for long minutes, mostly in confusing delirium simulating effects of drug use and dynamic cuts.<br /><br />I will say openly that this movie didn't meet my expetations a tiny bit.",negative
Everything about this film was terrible. To start with this film had a pretty good cast and I find it impossible to make such a great cast into the biggest disaster to the gangster film genre ever. The sound track was like one of a very bad slap stick comedy. It had this music through the whole film and it started to get quite irritating.<br /><br />PLEASE PLEASE PLEASE PLEASE PLEASE DO NOT INFLICT YOURSELF WITH THIS DISASTER YOU WILL ONLY BE HURT,negative
"This is possibly the best short crime drama I've ever seen. The acting is superb especially Amanda Burton who's character goes from scary to sweet to disturbing to sad and then some...She does an amazing job balancing Rachels/Carlas feelings and acting out the pain of someone who's lost a child, its so believable that it feels more like a real life story then a drama. The other actors are of course great too which they usually are in British TV/Film. The ending,which I'm not going to give away,is fantastic mainly because you don't really get one... (you'll get what I mean after you've seen it) This is well worth buying and seeing over and over again and if you're not touched by this you're one cold hearted person.",positive
"**WARNING: POSSIBLE SPOILER**<br /><br />If you can get by the extremely unpleasant subject matter, this film does offer a heaping helping of outrageously campy melodrama. Surprisingly enough, this movie has been copied and ripped-off several times over the years, although it's hard to fathom ANY filmmaker being inspired by this trashy drama. Neither one of the Hemingway women can act here (although Mariel HAS improved over the years), Anne Bancroft offers the only touch of class as a prosecuting attorney, and Chris Sarandon is by turns pathetic and unintentionally hilarious as the smirking, smarmy bad guy of the piece.<br /><br />Veteran director Lamont Johnson can't make a silk purse out of this sow's ear of a script, which is stuffed to bursting with howlingly bad dialogue and outlandish situations. For example, the final sequence, where Margaux grabs her shotgun and chases Sarandon down after his latest shocking act is meant to be exciting but elicits hearty chuckles instead. Add a notoriously shrill and spacy musical score by Michel Polnareff and you have a true guilty pleasure, even though you're likely to feel grubby and needing a hot shower after viewing it. Don't say you weren't warned.",negative
"When Jean seduces the young gardener for the sole purpose of annoying her husband little does she realise the explosive drama that is to follow.<br /><br />The short scenario does not waste a word or a frame in this brief interlude in the day of a dysfunctional family. The lives of the father, mother and son are all linked in some way with the gardener. It's this fact that makes the script so intriguing.<br /><br />For such a short film the production is every bit as professional as any major work and the casting is ideal.<br /><br />A wonderful little film that can guarantee a few laughs from beginning to end.",positive
"""A Minute to Pray, A Second to Die"" is a quality spaghetti western with a solid cast and an interesting storyline. It is filmed beautifully, with a relatively high production value for a film in this genre.<br /><br />Alex Cord does a terrific job portraying Clay McCord, an outlaw who is suffering from increasingly debilitating seizures. He is seeking amnesty before his enemies close in on him, but is being too cocky for his own good when he asks for it. Robert Ryan delivers the best performance in the film as the governor of New Mexico. Mario Brega and Arthur Kennedy are also great here.<br /><br />This movie is very good, but it doesn't stand out to me as being one of the best spaghetti westerns out there. It's lacking too much in style to be in the same league as any of the great ones. It does have some cool spaghetti overtones, but overall it's a bit too much like an American western. This is especially evident in the music score, which is OK as movies go in general, but pretty dull by euro-western standards. The soundtrack kind of reminds me of the music from ""The Unforgiven."" Although there is an interesting story here, it is told in a manner which is a bit too conventional for my tastes. If a spaghetti western fan and a Hollywood western fan had to watch a movie together, this one would be the perfect compromise.<br /><br />All of this is not to say that anyone should avoid this film. I did enjoy watching it very much. As I said, it is a very well-done film and I recommend it to anyone who likes westerns, spaghetti or otherwise.",positive
"Darr is a great movie! Shahrukh plays an obsessed lover who will do almost anything to win over his lady which in this case is Juhi Chawla. Little does Juhi know in the film that Shahrukh has a MAJOR crush on her and is constantly stalking her. I have to admit, some of the things he did in this movie were pretty creepy... like the threatening phone calls. Never in my life will I forget the line, ""I love you K..k..k..Kiran!""<br /><br />It's just too bad that Shahrukh and Juhi weren't exactly ""together"" in the film. But Juhi and Sunny do make a fairly good couple in the movie. Though Shahrukh's role was pretty psychotic, I still think he did a great job of playing it and can't possibly imagine anyone else doing that role. No wonder he got an award for Darr in 94'!<br /><br />Juhi... what can I say??? She looks especially amazing in this film! It's not that she doesn't always look amazing in her other films, but Darr did give the public a wonderful image of her!<br /><br />As for the music... it was excellent! Especially ""Jaadu Teri Nazar,"" one of my all time favorite songs. I also thought ""Tu Mere Samne"" was quite nice also.<br /><br />A must see for everyone! Overall Darr deserves a 9/10!",positive
"Average (and surprisingly tame) Fulci giallo which means it's still quite bad by normal standards, but redeemed by its solid build-up and some nice touches such as a neat time twist on the issues of visions and clairvoyance.<br /><br />The genre's well-known weaknesses are in full gear: banal dialogue, wooden acting, illogical plot points. And the finale goes on much too long, while the denouement proves to be a rather lame or shall I say: limp affair.<br /><br />Fulci's ironic handling of giallo norms is amusing, though. Yellow clues wherever you look.<br /><br />3 out of 10 limping killers",negative
"Soul Calibur is more solid than it ever was... with the new character creation, and the bad-ass chronicle of the sword mode on the home version.<br /><br />The arcade version is more complete, even though the character roster is smaller than the home version, this version is definitely the more pretty of the two, eliminating all of the ""goofy/unrealistic"" fighting styles found in the home version. If you were in any way disappointed with the home version, or perhaps thought it was ""too much,"" you might find a much more likable and straight forward game of Soul Calibur in the arcade. Think you have what it takes to become a Legend?",positive
"I just watched this movie and I've gotta say that with such a great premise and great talent this turkey just lays there!!! A friend lent me this movie and I watched with an open mind mainly because he had such high praise for the story. <br /><br />Well, the movie started off with Kevin Costner as a fighter pilot retiring... why? Why did they make him a fighter pilot? He was supposedly going to be hired by Anthony Quinn's character to be his new pilot... well, we never see Costner go near a plane for the rest of the movie! <br /><br />Costner runs into a Texan (James Gammon) selling a horse to a big Mexican businessman and Costner tags along for a ride. Without knowing what happened, Gammon is beat to near death and Costner drives him to the meeting, which happens to be with an associate of Quinn! But, nothing comes of it... nada, zilcho! Why did they have Gammon's character? Why did they have the horse sale with the Quinn associate if nothing was to come of it? <br /><br />Also, after they leave Costner for dead, they make Madeline Stowe's character become a whore, then she attacks one of Quinn's men that was paying for a turn... she stabs him with his own knife, and the next thing she's been moved to a convent! No explanation as to why she was moved, or when it was done!<br /><br />Too much talent wasted on such a weak script and poor editing!! I only watched this because a friend owned it and let me watch it... I'm going to throw it at him for the 2 hours I wasted of my life watching the blasted thing!",negative
"I honestly fail to understand why people love this show so much. A friend of mine watches this and since I like sci-fi, I tried to watch along since the plot of the show sounded promising, but in truth it really is a very boring show. The only thing that will keep you awake during this show are the video game-like CGI-effects and the complete overuse of muppets. Note that I call it muppets because they actually really look like muppets, not like the aliens they should be.<br /><br />Speaking of which; the muppets and make-up effects are horribly overused in this show. You have this guy who could be best described as a alien/dwarf-hybrid, you have a pale girl who looks like a cheesy vamp-girl, you've got a floating potty-mouth frog-alien... It just feels very unnecessary and furthermore even to the point that you feel distracted from the whole storyline about a lost astronaut.<br /><br />Every episode is also too much of a stand-alone. The creators of this show directed this in such a way that every episode almost feels like a whole other show. At least up until the point that you see the main-characters/muppets again, that is. The whole plot about the main-character getting back to earth is way to much pushed to the background at points. The acting is also quite bad.<br /><br />Conclusion: if you want good sci-fi, just look somewhere else. This isn't even real sci-fi to begin with in my opinion, since the show is more aimed at fantasy-elements with all the puppetry and weird dreams going on. And if you just want to see muppets then I suggest you watch the Muppet Show and feel glad that this abomination of a show has come to a end.<br /><br />By the way; doesn't anyone have dejavu's with the concept of a living spaceship? Ohyeah thats right; Doctor Who started that concept almost about 30 years ago! This show is like a collection of 'sci-fi' leftovers. Scripts and events that were abandoned for a good reason, only to be picked up by this horrible show.",negative
"Gender Bender sexes things up a bit for the x-files. This episode has an interesting premise, a good story, but an ending that is wanting. Gender Bender is also the x-files debut for actor Nicholas Lea, better known as Alex Krycek. In this episode he plays Michael, a man attacked by one of ""The Kindred"". You need to see this episode just to see Nic Lea's less than spectacular beginning. An interesting thing about the Kindred's ""power of seduction"". When Marty does it to his victims, they become turned onto him/her. However, when Andrew seduces Scully, she only because disoriented and groggy, and does not become attracted to Andrew. Maybe it's because Marty has more experience at it than Andrew. This episode reminds me of why it would sometimes be miserable to film up in British Columbia. Throughout the episode it is so wet, soggy, and muddy, it could not have been that much fun. Despite the disappointing ending, Gender Bender is still a decent episode to view.",positive
"It's interesting how the train of research can flow. I started out looking at an article about Cristo's ""The Gates"" in Central Park. The article stated that the Maysles had been Cristo's filmographers for years. Hmmm... Then I got to looking at their body of work. I believe one of them has passed on but the other is still filming Cristo and Jean Claude in their stages of creation. Grey Gardens sounded very interesting. Video Station, in Boulder CO, is the place to look for the obscure or offbeat and of course they had it in stock. DVD and VHS. Edith and Edie are women living in the past, and oh what a glorious past it was. Edith had been well off, born a Bouvier, married well, had several wonderful relationships and became a singer when she was in her forties. Her daughter Edie had been a débutante, a fashion model and had many beaus. She never married and at some point in her thirties had come home to recuperate. She seems to have a nervous disorder of some kind. Worrying too much about things. It is only a shadow of the world they live in though, because Jackie O. came and spruced up the place so her aunt and cousin would not be evicted. It is a 28 room mansion that is worn down and worn out. But, in the film you will notice fresh paint on the walls. If you look carefully at the newspaper clippings you see it was very much a dirty mess. The outfits Edie comes up with a very clever and creative. The viewer gets the impression that Edith likes to go nude, but she doesn't in the movie. Edith was really quite beautiful and you can see the shadow of her beauty still as she sings ""Tea for Two"". Edie too was a beauty in her day and quite attractive at 56. It was a good movie, though not for everyone. When the cat is urinating behind Edith's portait she states, "" at least someone is doing what they want""!",positive
"Written by brilliant Monkees' TV writers Gerald Gardner and Dee Caruso,WHICH WAY TO THE FRONT was the last of the ""Jerry Lewis"" movies until ""Hardly Working"" almost a decade later. Jerry's comedy is evidently an acquired taste, and admittedly he can occasionally be his own worst enemy when he helms as producer/director--but even in the dreariest of his films, there are always moments of brilliance.<br /><br />WHICH WAY manages to be amusing,entertaining and yes,quite funny. It is somewhat unlike any of the typical Lewis films.The pace is very upbeat and ther are lots of excellent supporting players--a kind of JERRY DOES HOGANS HEROES.The whole thing looks kind of like an unsold TV pilot and you will either love it or hate it---but hopefully YOU VILL LAUGH",positive
"I have never seen a movie that annoyed me that much. It is a movie about stupid people that are doing stupid and terrible things. This is not a funny movie. I must say that the plot line is awful. I did not had patience to watch it so that i only saw half of it, but it was enough for me. The characters are not very inspired. Just terribly annoying. This movie is all about a goofy guy trying to hook up with his tyrannous boss's daughter. When he finally manages to talk to her, she asks him to go at that night at her home to watch her father's owl, and he thinks she had invited him to go with her at a party and to be at her home at 6 pm. He gets to be very disappointed finding out that he only has to take care of the owl and that she has a boyfriend. After her father leaves home leaving precise orders, about taking care of the house and his beloved bird, appears a secretary, a renegaded son and all sort of NOT funny stuff happens in the house. But he finally hooks up with his boss's daughter. TRUST ME THIS MOVIE IS TERRIBLE!!!!!!!!!!!!",negative
"This is a fabulous film.<br /><br /> The plot is a good yarn, and is imaginatively told in a series of flashbacks and alternative points of view. What was deliberate, and what was coincidence? Who is in love with who?<br /><br /> You get the chance to put yourselves in the shoes of each of the characters in turn (sometimes literally), and this helps define each character to a satisfying depth.<br /><br /> With a bit of effort following the twists and turns, you can understand each of the characters; and key events in the film are reshot from the point of view of different people.<br /><br /> Take the opportunity if it comes again to your arthouse cinema; it looks good on the big screen.<br /><br /> More than keeping you guessing, the plot twists to such an extent that you just sit and watch what unfolds - I defy anyone to predict!<br /><br /> But more likely you will need more than one viewing - I saw this at the pictures on its original release three times, and it got better each time.<br /><br /> The acting was very good, with a standout performance by Romane Bohringer as Alice torn in three directions by the three other characters in the ensemble.<br /><br /> A classic. The second-best film of the 1990s.",positive
"I really enjoy this movie. The first time it was on Turner Classic Movies. All the actors did very well but Brynner steals the show again like always ( he is so sexy!).This is one of the movie that you do see Brynner's emotions. Actually this movie this is the first I ever seen him laugh because he plays very strong, larger-than-life and serious roles in other movies. In this movie you see both a masculine, tough and sensitive side of Brynner .Brynner seems to be a ""ladies'man"" in this movie.That is amazing how Brynner eats the glass cup and speaks in his Russian tongue it drives me crazy in love. I don't understand when both Brynner and Kerr ( they both have very good chemistry) stars in a movie together and then Brynner always die at the end it kind of reminds you ""The King and I"" in a way.",positive
My husband and I just got done watching this movie. I was not expecting it to be this good! I was really astonished at how great the story line was. I'm usually very good at figuring out twisty plots...but this one had me. I loved it! I'm going to have to watch it again before I take it back. I might even have to buy it. :),positive
"I haven't actually finished the film. You may say that in this case I have no right to review it, especially so negatively. But I do, only because I stopped it on account of I couldn't watch anymore...I got over halfway, and I only got there by promising myself something good was just around the corner. This film is so tiresome, so lackluster that I was actually insulted. I haven't read many of the other reviews, so I'm not sure if there are other homosexual teens who have suffered through it, but I am homosexual, and I did go through ""similar"" revelations, day dreams, issues etc etc. There were maybe two moments where I actually felt this film could go somewhere, where I felt it may have some inkling of meaning, or relativity, but these hopes were dashed the moment the next set of cliché-ridden narration came on. I mean, just look at the quotes on the IMDb page. Unfortunately you're not able to hear the scratchy play back, nor the echo-ey fades if you're just read the quotes, because they are just too painful/ridiculous/stupid to miss. I did give the film three stars, and all three of those stars go to the films cinematographer who did a fantastic job attempting to transform Archer's tired ""concepts"" into something watchable. Mind you, I pray he wasn't the one who decided to include all the long shots of TV closeups...another unnecessary cliché already over done in films such as Korine's Gummo... I think it is extremely fitting that this film premiered at Sundance (only because Archer had connections in the festival via volunteer work he did, by the way...) because Sundance seems to be the one festival where cliché heavy drivel like this is still accepted as ""arthouse"". No, it's not art house, I'm afraid it's just plain s**t-house. Do not watch.",negative
"An interesting idea involving an alternative dimension inside a hospital. It recalled - Stephen Kings ""Langoliers"", ""Kingdom Hospital"" and old twilight zone episodes. Atmospherically strong, the set up was great. There were also some very clever 'time loop' moments which always have that head-melt appeal. The story had plenty of vague references which led me to believe that all the ensuing weirdness of - time slips / ghosts / a weird bat winged demon and a rather silly heavy metal attired ghoul-thing would be explained. And THAT was were Dark Floors severely let me down. Based on my viewing the movie gives NO EXPLANATION as to what is behind the events. Whilst, some ambiguity is always expected/welcome in these kind of films. Dark floors took it to new heights of vagueness. I don't expect things wrapped up in a pretty ribbon, but neither should I be left feeling ""Huh? .. is that it? ... Did I dose off? Maybe, I hit chapter skip by mistake?"" Dark Floors left me with a deeply unsatisfying suspicion that ""It was all a dream"" which is a shame because up until the last reel I was very much on board and enjoying the movie.",negative
"I'm not sure what version of the film I saw, but it was very entertaining.<br /><br />I did not know who the ""Twins"" were (Gillian Chung and Charlene Choi) before seeing this movie and I think the English translation of the title is somewhat misleading.<br /><br />The martial arts are very nicely done. I especially liked them, because there was a lot of judo/grappling that was filmed very nicely. Donnie Yen (see him in Hero, great performance) as a director is great as he knows how to shoot these scenes.<br /><br />Everything seemed to flow for me, except there is one scene where the girls are on the rooftop fighting with bamboo poles. It has really nothing to do with the plot, but it's still entertaining.<br /><br />Overall, this is one of the better (modern) HK action flicks I've seen in a while. Although cheesy in some respects, it still pulls it off.<br /><br />Definitely a 9/10",positive
"I don't understand the low 5.7 rating on this film. It's a delight for people who like a strong suspense plot and dark atmospherics. The tone is reminiscent of Midnight in the Garden of Good and Evil, down to the locale (Savannah). The acting is strong, and I was amazed at the verisimilitude of Kenneth Branagh's southern accent. Famke Jansen is great, Robert Duval is effective in a small part, and Embeth Davitz is the BOMB. Great full nude scene of her,too.<br /><br />The plot is fairly standard but effectively executed.",positive
"My God, what an incredible movie it is! Reminded me so much of the similar scene in Mel Gibson's movie ""We were Soldiers"" when ""the Company is not lost, they're just cut off"" And the other scene in Pearl Harbour when the British officer says to Ben Affleck ""If all Americans are like you, then God help the nation that goes to war with America!<br /><br />Put all 3 movies together and you would have enough BULLSHIT to fertilise the entire Sahara Desert.<br /><br />The story of the cut-off Battalion may be real enough but the movie could have done without all that American preachy jingoistic propaganda attached to it. There were audible groans in the cinema during the above-mentioned scene in Pearl Harbour (no kidding either) The Lost Battalion however is really in a class of its own .<br /><br />""Americans think they are unbeatableinspired bravery. "" I actually cringed and damn near puked at all the swill being spewed out throughout this diarrhoeic disaster (the movie that is) <br /><br />The fighting scenes were well made (3 stars for that) but if the script is manure, then wrapped even in brightly coloured ribbons, it is still manure. The writer, James Carabatsos, also wrote those other screamersHamburger Hill, No Mercy , Heartbreak Ridge. Someone, please shoot him before he writes any more such garbage.<br /><br />The Director, Russell Mulcahy is an Australian too. God, the shame!!!",negative
"When I was a kid, I remember watching this while visiting a friend of our ""Uncle"" Phil. We're Back! A Dinosaur's Story is a silly cartoon about a dinosaur called Rex (voiced by the wonderful John Goodman). He tells a little boy dinosaur the story about how the dinosaurs came back to Earth to live. He explains that he was part of the thing that brought them back, along with some friends. The Doctor/Professor villain of this film I think might have been responsible for them being them back, but I don't care about him. The kids might like this, but personally it is just too cheesy. John Goodman was probably the only decent thing. Poor!",negative
"Well made documentary focusing on two Sudanese refugees who get resettled in the United States. It's your basic fish out of water story with a non-fiction twist. I found it fascinating to see how Peter and Santino lived prior to coming to America and how they adapted once they arrived here (in Houston, Texas.) They expected a sort of heaven but found out that it's a lot harder than it looks to cope well in the states. They go from hopeful idealists to somewhat more realistic skeptics. Everywhere they go they meet bureaucrats with paper trails that most citizens may take for granted. They fret that they are blacker than the African-Americans here and don't feel accepted because of that. One of the ""Lost Boys"" manages to leave Houston to go to Olathe, Kansas, where he finds conditions slightly better but still less than ideal. There are people that try to help them as well as try to hurt them in this film. Not shown, but talked about, are those who put a gun to their heads and robbed them, leading one Lost Boy to comment negatively that ""all black people in America are no good."" I found it interesting, too, that they arrived in Houston in August 2001, a month before the World Trade Center was attacked by terrorists. I had hoped to see their reaction to this tragedy but it's not mentioned at all. Still, all in all, a really well done documentary with no narration. None is needed really. The ""Lost Boys"" do a fine job expounding on the events going on around them without any help at all, thank you very much.",positive
"I have been a Mario fan for as long as I can remember, I have very fond memories of playing Super Mario World as a kid, this game has brought back many of those memories while adding something new. Super Mario Galaxy is the latest installment in the amazing Mario franchise. There is much very different about this game from any other Mario before it, while still keeping intact the greatest elements of Mario, the first noticeable difference is that the story takes place in space.<br /><br />The story begins much like any other Mario game, Mario receives a letter from Princess Peach inviting him to a celebration at her castle in the Mushroom Kingdom. Upon arriving at Peach's castle Mario finds Bowser and his son (Bowser Jr.) attacking the castle with their airships. Bowser kidnaps Princess Peach and then lifts her castle up into space. In the midst of the castle being lifted into space Mario falls off and lands on an unknown planet. Mario is found by a talking star named Luma and is taken back to the Luma's home, a floating space station, here Mario meets many other Lumas and also meets their leader, a woman named Rosalina. Rosalina tells Mario that Bowser has taken away the space station's Power Stars and scattered them across the universe, it is up to Mario to help the Lumas find them and save Peach, thus the adventure begins.<br /><br />The way you play the game is by flying from the space station to other galaxies, each galaxy consists of multiple planets that Mario travels amongst in levels via these shooting stars to retrieve the Power Stars. Mario can at many times walk all the way around planets without losing gravity, some planets are small and others are big, many planets are similar to classic Mario environments. The best thing about the game are the controls, all of the stuff like jumping and such is still the same, but the wiimote is used in many unique ways in this game. You shake the remote Mario will perform a spin that is used as the primary attack in the game, and it will as well activate the shooting stars. You can also point the remote at the screen and use the pointer to fire star bits at enemies or objects in the environment. Then there is the graphics, these are by far the best graphics on the Wii, it is just so hard to describe how great this game looks, you could probably almost say it looks as good as some 360 games.<br /><br />My only minor gripes is that the going upside down effect takes some getting used to, and also the story is pretty weak. The worst part is that you lose all of your lives when you turn off the game, no matter how many you had when you last quit you restart at 4 lives. Still these minor problems aside it's a superb game that is highly entertaining and is very challenging. This is the type of game that we've been waiting for on the Wii.<br /><br />A perfect 10 out of 10!",positive
"No more corned beef and cabbage for her!<br /><br />This little romantic comedy clips along from scene to scene with a few exotic twists (some imaginary scenes and a costume party). All of this is centered around the wife of the husband(s) who is looking to break out of the doldrums, played by Gloria Swanson (she is twenty here!). Both the leading men have a natural air that is convincing and of course Swanson is perfect in all kinds of moods, from frivolous to worried to hopeful. <br /><br />Behind all the games and apparent lightheartedness is that old serious problem of staying in love and not straying in love. There's a little corniness, but director DeMille is on top of keeping it snappy and believable in all. As with many films from this period, the subtitles do not just tell what they are saying (or thinking) but often give a kind of philosophical insight, as if to justify the tragedy (or raciness). And there is that higher purpose here, probably better without the instructional text, but it's part of the narrative style, and it's kind of quaint. <br /><br />If you are looking for visual or formal amazement, you won't find it here. But as a story, well acted, and filmed with precision and economy, it's really a great example. The events might not come as a total surprise, but it's such a modern love story, set almost a hundred years ago, it's a gas. And did I saw Swanson was perfect?",positive
"I may not have the longest of attention-spans, but this is the second movie I have refused to see all the way through, and I even bought it on DVD because of its ""classic"" status. <br /><br />At first, I thought that the director was playing a big joke, so I kept waiting for a resolution, something to laugh at, something to keep my interest, but this resolution never came. Rather, the writing was laughably amateurish, the movie dragged on and felt disjointed, like someone cut a TV series to feature-length. The Academy must have been on drugs when they nominated this movie for no less than eight Oscars.<br /><br />Once again, I repeat myself. This is the second movie I have refused to watch all the way through. The first was ""Exterminator"". I hope this gives you an indication of how bad it really is. 1/10",negative
"I saw the trailer for this film before watching Titanic, and I must admit that it whetted my appetite. Volcano seemed to be quite spectacular and full of promise. But what a damp squib. Corny is not the word for the script, and the characterizations are often ludicrous. The stupid daughter is just beyond belief - she is supposed to be 13 not 4. But then the scientists,firemen and peripheral characters don't offer any more. This movie ranks just in front of Cruise II and Twister, but only because those 2 films are completely appalling. This does have some reasonable effects, but overall its a 1 out of 10. Don't waste your time",negative
"I suppose if you like pure action... you'll find it here. I suppose if you find a gorgeous blonde designed to be screwed... find it here. I suppose if you want to find a couple of extra baddies, headed by 1-2 extra, EXTRA baddy bosses who meat a nasty end... you'll find it here.<br /><br />Overall, routine stuff, and the good guys come out on top big time under extra-ordinary circumstances.<br /><br />What I marvel most at... How the good guys armed only with pistols, can kill dozens of bad guys with machine guns who are shooting at them at point blank range... and missing. The goodies even get time to reload their pistols amid the hail of machine guns bullets.<br /><br />Ho-hum!!!",negative
"""Don't be greedy"" sums up the depth of this movie. All the rest of the baloney is big budget window dressing. The movie rotates through hiding the ball annoyingly and revealing too much. None of the potentially interesting plot tangents are developed yet the trite ones are hashed and rehashed to excess.<br /><br />The charm of DD, as others have pointed out, was in the schizophrenia device,the humor woven into the fabric of the movie, and most importantly, the acting. There is enough wooden acting in The Box to attract a giant mound of martian termites.<br /><br />The biggest problem with suspending disbelief during this mess is the glaring question, ""why would a technologically superior power capable of taking over the government need to do any testing at all?"" Awful failure of a movie.",negative
"In terms of the arts, the 1970s were a very turbulent era. In literature and the visual arts, it was the closing of a great fifty or sixty year period of creativity that has yet to be restarted. In music it was a decade that many see as a low point, due to corporate rock and disco. On television it was a Golden Age for situation comedies, from The Odd Couple to the Mary Tyler Moore Show to M*A*S*H to All In The Family, but in film it was even a greater period of creativity, in all genres, that saw the rise of the American auteur- directors like Robert Altman, Francis Ford Coppola, and Martin Scorsese- from the ashes of the old studio systems that had dominated Hollywood for over half a century. These directors wanted to craft literate, arts films for the masses, of the sort that had been staples in Europe since the end of the Second World War. Yet, the studios were trying to keep pace, with socially aware films of the sort not seen since the 1930s.<br /><br />But, unlike the films of the 1930s, starring actors like Jimmy Cagney and John Garfield (usually co-starring the Dead End Kids), that dealt with social issues in a gritty realistic way, or as realistic as one could get on a sound stage, the social consciousness of the late 1960s and early 1970s manifested itself most in science fiction films, which allowed the Left Wing of Hollywood to preach to the masses under the guise of what most considered little above comic strip entertainment. There was precedent for this approach, for several of the flying saucer films of the 1950s dealt with the political zeitgeist of the McCarthy era- most notably The Day The Earth Stood Still and Invasion Of The Body Snatchers. And the early 1960s saw Rod Serling constantly subverting the political conservatism of the time by casting social issues into science fiction settings on his classic sci fi television anthology show The Twilight Zone. Among the studio offerings of this time were the ecologically sensitive Silent Running; George Lucas's first film THX 1138, which dealt with consumerism, group think, and existentialism; and Logan's Run, which hammered away at Communism and state control versus the rights of an individual. Some of the film's references are quite heavyhanded- and reek of the then current Arab oil crisis and rampant inflation. A few jarred strawberries cost $150, and Soylent rations its assorted colored foods- Soylent Yellow, Soylent Red, and the new Soylent Green, reputedly made from 'the finest undersea growth,' in a manner not unlike the gas rationing of the time. Scenes of food riots are eerie echoes of the oil riots at many gas stations during the year of the film's release, and the scenes of crowding, and bodies, live and dead, lying all about are still chilling, as well as influential. A later film like Escape From New York is an obvious progeny. The rest of the script, by Stanley R. Greenberg, however, is rather pedestrian, and fairly standard for a dystopian flick, but Fleischer and cinematographer Richard H. Kline do a great job of filling the screen with interesting images and sounds, to spice things up. The use of soft, dimly lit visuals, murkily filtered, add a Stygian feel to the New York of the film, almost like a colorized version of Carl Theodor Dreyer's Vampyr. The only light in the film comes from artificial sources, and were it not for the fashion faux pas the film could truly seem timeless.<br /><br />The end of the film, where Thorn sneaks into the processing plant where human corpses are made into Soylent Green wafers, is both chilling, and oddly drama-less. In the end, the Soylent minions hunt Thorn down, but he survives long enough to utter the film's catchphrase to Chief Hatcher. Yet, one does not know if it is enough, for Hatcher has already been co-opted, and has a track record of taking the easy way out. Yet, that fact, and its ambiguity, shows that the film does not recapitulate its characters' dilemmas, and has a depth many later, better made films, sci fi or not, do not have. It is also why Soylent Green is still a film worth watching.",positive
"... mainly because Ju-on 2 boasts an outrageous FORTY minutes' worth of material literally taken straight out of the first Ju-on - and when you consider that the sequel only runs for 76 minutes, that leaves you with 36 original minutes' worth of film. Ho-hum. I found that deeply irritating - as if viewers simply wouldn't remember the same stuff! - not to mention dull, having to watch it all over again.<br /><br />OK, that complaint aside, the byline for Ju-on 2 was that it was supposed to explain a lot of the unanswered questions from the first movie, which frankly, over 36 minutes, simply doesn't go far enough to making any kind of sense of the original's highly convoluted storyline.<br /><br />There are, however, some really nice new horror sequences which show how good the film might have been, had it had some time to develop; and some of the questions raised by the original - some, but not all - are answered.<br /><br />So in conclusion - if you loved the first original movie and want to see some further developments on the story, go for it - but just remember to keep your remote control to hand with your finger on the fast-forward button for forty minutes.",negative
"Anyone notice that Tommy only has 3 facial expressions.<br /><br />1. The angry eyes look he gives every enemy. 2. The holding of the hands to face, mouth agape and frightened eyes. 3. The smiling Tommy Turnbull.<br /><br />I have to say that i pretty much hate this show, i don't watch it but it's like Code Lyoko, we've all watched at least one, i must say that this show is borderline racist, uninteresting and pointless.<br /><br />every episode ends with robotboy winning, except for one exception when robotboy basically let this overly geeky freakazoid fly away on a jetpack.<br /><br />The jokes are pretty crude too, i think it's mostly people saying the word ""Suck"" or farting, i think the bullies of the show are quite shocking too.<br /><br />Isn't there one that hides a bowling ball under his hate, and the other uses a chain, for god sake, what kind of school is he going to. Not to mention his older brother, who is borderline psychopathic and has no other character qualities.<br /><br />The whole show i feel is ripping off megas XLR and Fosters. Like you could say the trio of coop, jamie and Kiva, as well as Robotboy being similar to Megas where he beats everyone no matter what the odds and he's free spirited despite being a robot.<br /><br />There is simply no appeal to this show, i'm surprised that it's still running.",negative
"Dean Koontz's book ""Watchers"" is one of the finest books I have read. Sadly, the movie is a sad caricature of the book. The disillusioned middle-aged hero and the lonely spinster with whom he finds a meaning to his life are converted in the movie into a couple of silly teenagers, the stoic security agent and the conscientious sheriff are combined into a farcical villain - you get the picture? The moviemakers have taken a moving tale of love, horror and adventure and converted it into a Z-Grade horror flick aimed - very poorly - at the teen market.<br /><br />Buy the book and enjoy many hours of reading - it will be far, far more rewarding than watching the movie.<br /><br />",negative
"What could've been a great film about the late poker pro (pre-poker craze) Stu ""The Kid"" Unger turned into a disappointment.<br /><br />You can tell the filmmakers were working on a short-string budget. Everything look filmed on the cheap. Timelines seemed a bit off to me.<br /><br />Casting Michael Imperoli from the Sopranos was also a bad casting choice. He looked too old to play the baby-faced Stu, he looked way too healthy for a coke addict (if you look at footage from the 1997 WSOP main event, the real Stu was so skinny and he practically had no nose from too much cocaine so he wore those sunglasses to hide them), and I kept expecting Adriana to pop up and yell ""Chris-tu-phur!!!"" <br /><br />Also they skipped over the fact that he had a son from Angie's previous relationship that committed suicide in the late '80s.<br /><br />Every time I saw Vincent Van Patten appear, I kept thinking he was going to announce ""Show tunes going off in Stu's head."" like he does on the WPT.<br /><br />If you're looking for real Stuey footage, check ESPN Classic because they rerun the 1997 WSOP Main Event every so often. Or try YouTube. Avoid this move like a bad beat.",negative
"Brian Keith as Cole Wlikerson and Richard Jaeckel as Wade Matlock make excellent villains. They just love intimidating the locals in the most brutal way possible, and sneer sexily at any suggestion that there might be a more humane way to achieve their ends. It's a pity that goody-goody Glenn Ford gets in their way.",positive
"Sorry, but Jacqueline Hyde (get it??? - Jack L and Hyde - Jekyll & Hyde) has some of the worst acting this side of hardcore porn, not to mention a script apparently written by a first-grader with undiagnosed learning disabilities.<br /><br />Jackie Hyde inherits an old mansion by a grandfather she never knew she had. Guess who? Yes, an inventor of the special formula that slowly takes over one's body and mind - yes, that Mr. Hyde! <br /><br />Despite some nice skin scenes, this film fails to register any feeling or emotion other than uncontrollable laughter.<br /><br />As much as poor Jackie tries she just can't stay away from granddaddy's special formula and the result is an hour and half of wasted time.",negative
"One question: Why? First off, the premise is not funny or engaging at all. They use taped interviews, and take the audio to animate ite with animals speaking the parts. First off, the interviews aren't funny or entertaining to begin with, and even if they were, I am sure they would be a lot more entertaining being viewed as they are originally, without being turned into cartoons. How does that add any hilarity to it? I turned on CBS's Monday night sitcom line-up, (which has become a regular way for me to relax after stressful Monday workdays) and found this on. Of course, the sitcom line-up would be reruns anyway, being summer, but seeing those episodes over again would have been more entertaining. I tried to give ""CC"" a chance. I really did. When it started, I figured, well, maybe it will be funny. Nope. And then it kept going. It was a long half hour.<br /><br />And I can almost see if there was a purpose, if the interviews were shown in their entirety, and had points to them. But no, it was just one-line clips, cut and pasted together really quick. It was like a horrible dreadful version of Cartoon Network's ""Robot Chicken."" I wasn't a fan of CBS' now-cancelled sitcom ""The Class."" WHile that was on, it was one half-hour of the line-up I would struggle through. But if it came down to me deciding a whole season of that or three more episodes of ""Creatures""....let's just say I'd take the ""Class."" Considering it's been a couple hours since it aired, and I come on here to see I am the first to comment...I guess that's a good sign that nobody watched it, and that it won't last much longer. Cartoon roadkill.",negative
"""In Love and War"" is a simple feel-good TV-film, and should be viewed as such.<br /><br />(Possible spoiler)<br /><br />It is the story of a WWII British soldier, Newby, captured with his commando by the Italians and imprisoned in a former orphanage. As the Italians surrender to the Allies, the commando is freed, and attempts to flee. However, the Germans arrive and the commando is captured again. Only Newby, injured, remains at large. The rest of the film recounts how he is hidden and protected by the Partisans, and his survival.<br /><br />(End of spoiler)<br /><br />Based on a true story, ""In Love and War"" is a refreshingly straightforward film. Half comedy, half romance, the story is simple and unambiguous. The 'atmosfera' is warm and sunny, and the various stereotypes (the desperately unorganized or romantic Italians, the serious stern-looking Germans and the phlegmatic and pragmatic British), although unoriginal, are still humorous. Nicola Piovani's musical score also adds to the Mediterranean flavour.<br /><br />Although it is far from being a ""Tea With Mussolini"" or a ""La Vita E Bella"", ""In Love and War"" is a sweet simple film that will put a smile, and maybe even a little tan, on your face.",positive
"This show was so exhausting to watch and there's only two numbers Drowned World (Substitute For Love) and Paradise (Not For Me) were you can sit down and just contemplate it all. The opening of this show will go down in history as the most visually thrilling, as Madonna enters the stage via a gigantic Swarovski crystal ball that comes down from the ceiling and the huge screens from behind it show images of horses galloping. Horses play a role in this show due to Madonna falling off one. The infamous scene of Madonna on the crucifix is in this show as a huge screen counts to 12 million, the number of how many African children are orphaned due to Aids. At the end a website address comes up for anyone interested in donating. We then go into the theme of the environment and again images of politics and religion are shown. There's an interlude and then the show starts again to the music of I Love New York and Ray of Light this part of the show is one of my favorites with the dancers doing there funny hand movements. Towards the end there's the Music number with the song Disco Inferno mixed in with the song and the dancers make more of there presence known. The ending again is full of energy as the show wraps up to the tunes of Lucky Star and Hung Up and hundreds of golden balloons fall from the ceiling at the end the message ""Have you confessed?"" comes up. The DVD is worth buying and when it came out the soundtrack for the show was added as a bonus. Jonas Akerlund did a great job with the footage for this show keeping it consistent with the style of the tour.",positive
"As the film opens, two thugs kill another thug. When the body is discovered and about to be autopsied, the doctor realizes that although the man was shot dead, he was also suffering from the Pneumonic plague--a very nasty and more virulent version of the Bubonic plague! So, it's a race against time to find those who came in contact with the dead man and treat them immediately, otherwise a disaster could erupt.<br /><br />Oddly, I actually know quite a bit about the Pneumonic plague, as I taught a series of lectures on it for my history classes. The film really did not do a good job of getting the facts right about the disease in that it looked little like what the people had in the movie. The biggest problem is that this illness is so incredibly grotesque that in 1950 they really wouldn't have been allowed to show it. Sure, there is high fever and coughing (they got this right) but also lots of bleeding and explosive vomiting of blackened blood--along with the enormously swollen lymph nodes like you'd get with the Bubonic plague--all purply and gross! I can certainly understand why they didn't go this far. Also, I am sure that the federal government would have had a much, much greater involvement in controlling and treating the disease--here in the film it was handled on a very local level and everyone seemed ill-prepared and a bit dumb. No one seemed willing to believe the doctors!! As for the acting, the film had some excellent actors here. Richard Widmark and Paul Douglas are, respectively, the public health doctor and police chief. Good actors but also known actors back in 1950. However, in his first film is the very menacing Jack Palance (still going by his original moniker, 'Walter Jack Palance') as well as the relatively unknown (at the time) Zero Mostel. Palance was great--very scary and very physically adept in his own stunts. Mostel played a heavy typical of his early work--a greasy and cowardly sort of evil.<br /><br />Overall, despite really not getting the details right and wrapping everything up a little too neatly, the film is very tense and has excellent acting--and is well worth seeing.",positive
"Currently playing at the 2007 German Film Festival in Australia http://www.goethe.de/ins/au/lp/prj/ff07/enindex.htm thanks to Peanutqueen and especially AriesGemini for her rundown on the actors in this ensemble cast.<br /><br />In Australia these movies were sub-titled in English and while French movies here often get a mainstream release, German movies are still to gather that sort of commercial audience. But like BMWs and Mercedes when Germans get it right I really like their films. Like PQ the time here went so quickly, lots of laughs from the audience as each of the 9 men and 9 women moved down the speed dating line 5 minutes at a time.<br /><br />While many films are overlong this one I could have watched much more of. It had the sort of characters and character development for a series. Given time I will re-read AriesGemini100 review and reference the actors I liked and their other work with a view to keeping an eye out from them. I agree....most of these actors will go onto bigger and better things. Some very good character actors in this fine film. I did see it in the program listed as a mockumentary. Mock or otherwise it felt very real. And quite romantic in it's way.<br /><br />Viva la Deutcsh!",positive
"First of all, no one with any law enforcement experience (Not ER or EMT, but real law enforcement) takes this show seriously. Walker would be drummed out of any police force in the US for his illegal and totally unprofessional tactics. On top of that, he is a comic book character---no acting ability, incredibly trite lines, no character development. The fact that Alex Cahill loves him shows just how dumb blondes really are. And Trivett is the ultimate clown in black-face. Come on---if you think Walker is a heartfelt show without bias, then explain why JT is treated as a dolt, always is the subject of Walker's jokes, never is allowed to be the one to solve the crime, and never rescues Walker, who should be dead 50 times over for the stupid things he does. While it may be true that many criminals are even dumber than the detectives who go after them (and believe me, most cops are dumber than dirt), the smart ones Walker comes up against never seem to get the point that once Walker is captured, the jerk needs to be put of his misery. But then again, Norris produced the show as well as starred in it, so how could he willingly get rid of himself or even show how stupid his tactics are. As if six guys are going to wait around to take him one at a time. What a terrible series! It is more demeaning than any of the hokey westerns like The Lone Ranger, Roy Rogers, The Cisco Kid, and Wild Bill Hickock, though I would imagine that most of you on here are far too young to remember those shows. But like those shows, in the same way as those shows, Walker TR is just as insulting and just plain silly.",negative
"There is no way to put into words just how bad, how shapeless, paceless and laughless these ""Vice Academy"" films really are. You have to experience one for yourself. For the third time in a row, writer-director Rick Sloane does not show even an ounce of writing or directing talent. There is nothing here that a person above the age of 5 will believe or laugh at, yet the (very brief) nudity and other ""plot"" elements make the films unsuitable for kids. Which leads me to believe that they are really aimed at adults with the mental capabilities of 5-year-olds. Elizabeth Kaitan makes a more than welcome replacement for Linnea Quigley - she is winningly bubbly and cute, and her wonderful big smile is about the only thing that can make a viewer smile as well. But watching her and the other girls in this film is like watching a bunch of flowers in a desert covered with horse manure. (*)",negative
"This independent, B&W, DV feature consistently shocks, amazes and amuses with it's ability to create the most insane situations and then find humor and interest in them. It's all hilarious and ridiculous stuff, yet as absurd as much of the film should be, there is a heart and a reality here that keeps the film grounded, keeps the entire piece from drifting into complete craziness and therein lies the real message here. This film is about how we all survive in a world gone mad. That seems to be the heart of the film. For as insane and off the wall as things get, Leon, the 30 yr. old paperboy-protagonist, always tries to keep it together. He's like a child forever trying to catch the balloon that is floating away so that everything will work out for the best, so that everyone can have what they want.<br /><br />The acting in the film could have went far over the top but the exceptional cast really keeps the piece cohesive. Van Meter is perhaps the best of the bunch here with a performance that shines through her absurd diseased tics. Just as the characters in the film do, we overlook her sudden outbursts to see the real person underneath. <br /><br />Majkowski is a true genius here. He takes the utmost ridiculous plot twists and keeps them real. It is his script and his cast that help keep the whole thing afloat. It's a true testament to the skill of Majkowski and all involved that this film, with it's grating plot and characters, never once works our nerves. Majkowski has taken a film that could have been abrasive and repugnant, and somehow given it heart and humor. This is a unique film. Not to be missed. <br /><br />",positive
"This movie was seriously awful. The acting was the worst! It was worse than a student film. Super cheesy, and I think the worst actor was the old lady. At first I thought to myself, well it's an old movie. Then I remembered that that is no excuse! I've seen older movies with way better acting and such.<br /><br />The music was terrible to. It was really choppy. The editing was poor (most of the dialog was out of sync.)<br /><br />Overall, this movie doesn't even deserve a 1. I only watched it because I was so bored, and the movie hardly entertained me. It was just laughable. My dead grandmother's left pinkie toe could make a better movie than this.",negative
"While thinking of ""The Great Escape"" I allowed my mind to wander back to this little gem of a movie from my childhood. I had read and re-read the autobiographical novel from 1949 which inspired it, and when it came to the only cinema (we never used that word then , actually) in town that showed ""foreign"" films, I was first in line to buy my ticket.<br /><br />As someone brought up on wartime newsreels and propaganda films during WWII, I had an avid interest in exploring the realities of that conflict as reflected in the memoirs and stories of men who were there in person. That extended later to a keen willingness over the years to buy any book on the subject, and eventually to read the equally compelling novels of Hans Helmut Kirst and Erich Maria Remarque, which provided an even deeper sensibility. The movie versions, however, were unlike this one in that they rarely delivered the goods.<br /><br />The medium of black-and-white film has never been served so well as it was in those years. I have never seen any technicolor version of war that seems as authentic as do the deep chiaroscuros of films like ""The Wooden Horse."" If it is true that we are destined always to be captive to the images of our childhood, then I confess it freely.<br /><br />And there will never be another the likes of Leo Genn as the emblematic British war hero on film. Not even Sir Alec.",positive
"I spent 5 hours drenched in this film. Nothing I have ever seen comes close to the delicious funk this film left me in. Never mind females advanced aging dilemma's, human fear vaults off the screen for your viewing. Personally engaging to the ninth degree, the film invests one with an undeniable shared feeling for our lives'. I enjoyed this dalliance with raw wounded gall deep from within. It empowers a mutually shared vestment in the history of human encounters reaching far deeper into the pain, isolation and skewed views of self and others. The result forgives our tepid forming of a bridge away from the muddy sludge of dead we must encounter. The birth in finding real people is a happy pursuit. The effort for realism intersects with the dark ground of our bankrupt culture.",positive
"This movie was a dismal attempt at recreating a crucial time in English history. The film version of Cromwell's growing involvement in the War is marginally accurate but the overall historical accuracy of this movie was way off. This film implies that the war was started over religious differences but the Civil War was in no way Catholic versus Protestant: both sides were Protestant. Cromwell was never present at the battle of Edgehill, nor did he ever ""save the day"". The royalists did not win, the battle ended in a draw.<br /><br />As another reviewer has noted, Cromwell was certainly not one of the ""Five Members"" who were to be removed from the House and arrested. <br /><br />Overall, this movie was decent. The producers tried WAY to hard and it didn't turn out so great. <br /><br />definitely could have been better.",negative
"Okay, I grew up on Who, but haven't loved a Doctor since Tom Baker. Christopher Eccleston made me love Who again and I'll be furious with him forever for leaving. <br /><br />The writing is grand, the acting superb, the directing (which was dreadful in the old days) is just fantastic. I was very skeptical about this programme, and watched it merely out of being forced, but am now a huge fan and love it (I have a ringtone of a Dalek screaming ""Exterminate"" then). <br /><br />A few of the things I love about the new programme -- 1) people actually notice when Rose (Billie Piper) disappears off the planet. Some of the old shows an assistant would drop off for a while, and then come home like nothing has happened, no one noticed. 2) Chris Eccleston's doc loves Rose -- romantic or not will be debated, but there is no doubt that 9 loves and cares about his companion. He'd destroy the world if he had to to save her, which the old show was lacking -- often a doctor wouldn't care if he never saw his assistants again. 3) They talk and think like real people -- when Rose is shown something outlandish or new (such as aliens) she acts like a real person would -- gobsmacked. I never liked it when an assistant from the old show, who never saw anything alien, would just fit right in and adapt instantly. I want to see the surprise on Rose's face when she sees a plastic dummy come to life. She gives that to me. <br /><br />The few things I don't like about this series: 1)nearly everything happens on earth (London or Cardiff) and I was sort of hoping for a more off-world sort of show. 2) That Eccleston left so quickly, he really made the show brilliant. <br /><br />But I can let those few things go -- I far more enjoy the series than I ever expected to, so I don't mind if they have stuff set on earth. <br /><br />Just don't take this show seriously -- it's fun, it's smart, it's entertaining, but it's not a super-serious heavy duty show. It's pure fun, and pure British, and I can't get enough. Watch it with an open mind, and just put your brain into neutral and enjoy!<br /><br />ps -- don't watch series 2 or later. series 1 was brilliant, the first few episodes of series 2 were good, but don't watch it once it gets to Love and Monsters. Utter rubbish, completely destroys the show.",positive
"I had two reasons for watching this swashbuckler when it aired on Danish television yesterday. First of all, I wanted to see Gina Lollobrigida - and here I wasn't disappointed. She looked gorgeous. Second of all, through reading about the film I had gotten the impression that it featured absurd humor not unlike that which can be found in Philippe de Broca's films. On this account, however, I was sadly disappointed. I found the jokes predictable (apart from a few witty remarks on the topic of war) and the characters completely one-dimensional. Also, the action scenes were done in a strangely mechanical and uninspired fashion, with no sense of drama at all. I kept watching until the end, but I got bored very quickly and just sat there, waiting for the scenes with Lollobrigida.",negative
"This is a great example of a good, dumb movie. No, it is not high art by any means. Nor is the script anywhere close to a Woody Allen or Mel Brooks. BUT SO WHAT! The Killer Tomatoes series (four movies and a cartoon series) are basically good-natured romps gleefully trampling on the kind of territory the Zuckers ruled before they switched to making serious flicks.<br /><br />As the title suggests, this fourth installment of the Killer Tomatoes trilogy deals with the Killer Tomatoes plot against France. In this case, Professor Gangrene (John Astin's 3rd time in the role) has a plan to rule France through an ancient prophecy about the return of the rightful King of France. Steve Lundquist returns as Igor, a humanoid tomato who wants to be a sportscaster and who just happens to be a dead ringer for the long-lost true King of France. Obviously he also plays the aforementioned l-l t K of F, happily skewering the French language.<br /><br />Opposing them is the fearless Fuzzy Tomato (like the others, FT was introduced in the second film and would be a main character in the cartoon) and his human allies. Mark Price, recently unemployed as a result of the conclusion of the FAMILY TIES series, plays a thinly disguised version of himself, passing himself as ""Michael J Fox"" as a way to win the girl of his dreams. And Angela Visser is a dream as Marie, gleefully bouncing between unabashed virginal sexuality and borderline psychosis. Oh that the former Miss Netherlands had had more of a film career! Another returning member of the Killer Tomatoes stock company is Rick Rockwell (now best known as the hapless title subject of ""Who Wants to Marry a Millionaire?""). Like co-creator John De Bello, Rockwell works both in front of and behind the camera in this series.<br /><br />What can you say about Jon De Bello? Not much, really, except that he had a singular vision and managed to pull it off and, having done that, has apparently dropped into obscurity. John, if you ever see this, thanks for giving us the Killer Tomatoes.<br /><br />The script is heavily but not obnoxiously aware that this is just a movie. Like RETURN OF THE KILLER TOMATOES, the action occasionally veers off the set and into the middle of the film crew. And Mark Price has a funny forum to complain about his own lack of success compared to his former costar Michael J Fox. This is the biggest budgeted of all the Killer Tomatoes flicks and is a nice send-off to the series. Okay, the show then moved to Fox Kids as a cartoon series (which was also quite clever), but cartoons just aren't the same.",positive
"THE ATTIC starts off well. The somewhat dreary story is helped greatly by the two main actors and there's a semblance of a character study going on here but the film goes downhill fast when Carrie Snodgress' character buys a monkey. Not one of those cute little monkeys. She buys a real big chimpanzee!!!<br /><br />This sudden plot device basically kills the movie. It's just not conceivable for a woman like the one Snodgress plays, who has a hard time doing anything because of her domineering father, for her to, out of the blue, buy a chimpanzee. I mean, come on! Forget about it!",negative
"and shot in Vancouver with the 'mountains' of the low country of South Carolina visible in the background. For heaven's sake, they should have reset the location. There are no coastal mountains in South Carolina. Period.<br /><br />Lame visuals. They should have been beautiful. And the story limped along.<br /><br />I really don't understand why it was such a hit as a book, although I have to admit it's one I haven't read as yet. Usually I read the book and give the film a miss. There was nothing in this movie that made me want to buy the book, or even borrow it from the library.<br /><br />Verdict: The Mermaid Chair seemed pretty shallow to moi.",negative
